sku,description,price,currency,family,status
03129-001,"Second generation of 01672-001 2N AC - BOX PC.
The 2N® Access Commander Box 2.0 is an ultra compact computer with pre-installed 2N® Access Commander – software designed for access control configuration and 2N devices management. It is ready to use, plug and play solution which requires only a power supply and an Ethernet cable to be connected to the computer.",949,USD,Power Supply,active
01371-001,2N Access Unit - RJ45 connector cable,13,USD,Access,active
02137-001,"2N Access Uni 2.0 - RFID 125kHz, second generation with better reading distance/time",499,USD,Access,active
02146-001,"2N Access Unit - RFID 125kHz/13.56MHz NFC, second generation with better reading distance/time, reads PACS ID",639,USD,Access,active
02142-001,"2N Access Unit - RFID 13,56MHz NFC secured (reads PACS ID), second generation with better reading distance/time",569,USD,Access,active
02143-001,"2N Access Uni 2.0 - RFID 13.56MHz, second generation with better reading distance/time",479,USD,Access,active
02262-001,2N Access Unit 2.0 touch keypad,409,USD,Access,active
02263-001,2N Access Unit 2.0 Fingerprint reader,809,USD,Access,active
02909-001,Replacement of 02393-001 with 3m long Ethernet cable,469,USD,Access,active
02910-001,Replacement of 02394-001 with 3m long Ethernet cable,589,USD,Access,active
02911-001,Replacement of 02395-001 with 3m long Ethernet cable,769,USD,Access,active
02912-001,Replacement of 02396-001 with 3m long Ethernet cable,709,USD,Access,active
02940-001,"Flush mounting accessory for 02909-001, 02910-001, 02911-001, and 02912-001",37,USD,Recorder accessories,active
02932-001,"Spacer mounting accessory for 02909-001, 02910-001, 02911-001, and 02912-001",37,USD,Recorder accessories,active
02775-001,"2N AU2.0 READER, Keypad, RFID 125kHz, 13,56Mhz, NFC, secured, PICard",849,USD,Access,active
02774-001,"2N AU2.0, READER, Keyboard, RFID 125kHz, 13,56 Mhz, NFC, PICard",719,USD,Access,active
02773-001,"2N AU2.0 READER, Bluetooth, RFID 125kHz, 13,56Mhz, NFC, secured, PICard",979,USD,Access,active
02772-001,"2N AU 2.0 READER, BLE, RFID 125kHz, 13,56Mhz, NFC, PICard",849,USD,Access,active
02777-001,"2N AU 2.0 READER, BLE, RFID 125kHz, 13,56Mhz, NFC, secured, PICard",1209,USD,Access,active
02776-001,"2N AU 2.0, Keypad, Bluetooth, RFID 125kHz, 13,56Mhz, NFC, PICard",1029,USD,Access,active
03089-001,"Stand-alone QR code access control reader that comes as a 2-module version (one empty module for further expansion) in the nickel colour option.
Compatible with all 2N IP Verso accessory items, including the mounting options and frames.",739,USD,Access,active
01526-001,2N IP Audio Kit – SIP module for embedded installation,409,USD,Audio and power accessories,active
01478-001,2N IP Audio Kit - microphone & speaker set,49,USD,Audio and power accessories,active
01479-001,2N IP Audio Kit - stainless steel backlit button,37,USD,Audio and power accessories,active
02571-001,2N IP Audio Kit - speaker,21,USD,Audio and power accessories,active
02570-001,2N IP Audio Kit - microphone,21,USD,Audio and power accessories,active
01357-001,"2N  IP Base - camera, black frame",889,USD,Cameras,active
01358-001,2N  IP Base - 125kHz RFID card reader,109,USD,Access,active
01359-001,"2N  IP Base - 13.56MHz RFID card reader, reads UID",179,USD,Access,active
01360-001,2N  IP Base - backplate for easier surface installation,73,USD,Access,active
02017-001,2N IP Base double button spare part,28,USD,Access,active
02228-001,2N IP Base - single button spare part,26,USD,Access,active
02362-001,"Spare part - metal fixture for 2N IP Base, 10 pcs",49,USD,Access,active
02402-001,"2N IP Base spare part - antenna cover sealing, 10 pcs",52,USD,Access,active
03361-001,"Second generation of the most durable video intercom with 5MPx camera featuring ARTPEC-8 along with QR code reading, adaptive face zooming and enhanced security features.",1989,USD,Cameras,active
03362-001,"Second generation of the most durable video intercom with 5MPx camera featuring ARTPEC-8 along with QR code reading, adaptive face zooming and enhanced security features.",1999,USD,Cameras,active
03364-001,"Second generation of the most durable video intercom with 5MPx camera featuring ARTPEC-8 along with QR code reading, adaptive face zooming and enhanced security features.",2049,USD,Cameras,active
03367-001,"Second generation of the most durable video intercom with 5MPx camera featuring ARTPEC-8 along with QR code reading, adaptive face zooming and enhanced security features.",1989,USD,Cameras,active
03369-001,"Second generation of the most durable video intercom with 5MPx camera featuring ARTPEC-8 along with QR code reading, adaptive face zooming and enhanced security features.",2079,USD,Cameras,active
03355-001,"Multi-frequency RFID reader with Wiegand interface, compatible with 03364-001 and 03367-001",335,USD,Access,active
03356-001,"Multi-frequency RFID reader, Seos® compatible, with Wiegand interface, compatible with 03364-001 and  03367-001",389,USD,Access,active
03357-001,"Multi-frequency RFID reader with OSDP interface, compatible with 03364-001 and 03367-001",350,USD,Access,active
03358-001,"Multi-frequency RFID reader, Seos® compatible, with OSDP interface, compatible with 03364-001 and  03367-001",402,USD,Access,active
03399-001,Compatible with 03364-001 and 03367-001,161,USD,Access,active
01334-001,"2N  IP Force - 1 button + HD camera + pictograms + 10W speaker, card reader ready",1739,USD,Access,active
01335-001,"2N  IP Force - 1 button + pictograms + 10W speaker, card reader ready",1339,USD,Access,active
01336-001,2N  IP Force - 1 button + 10W speaker,1249,USD,Audio and power accessories,active
01337-001,2N  IP Force - 1 button + HD camera + 10W speaker,1699,USD,Audio and power accessories,active
01338-001,2N  IP Force - 1 button + keypad + 10W speaker,1389,USD,Access,active
01339-001,2N  IP Force - 1 button + HD camera + keypad + 10W speaker,1699,USD,Access,active
01340-001,"2N  IP Force - 2 buttons + HD camera + 10W speaker, card reader ready",1699,USD,Access,active
01341-001,"2N  IP Force - 2 buttons + 10W speaker, card reader ready",1269,USD,Access,active
01342-001,2N  IP Force - 4 buttons + 10W speaker,1369,USD,Audio and power accessories,active
01343-001,2N  IP Force - 4 button + HD camera + 10W speaker,1719,USD,Audio and power accessories,active
01344-001,"2N  IP Force - 125kHz card reader. Includes Wiegand interface, 2 logical inputs, 2 output relays and tamper switch.",156,USD,Switches,active
03228-001,"Internal RFID card reader designed to be installed in the 2N IP Force. It allows the use of EM4100, EM4102, and HID Proximity cards. Another two switches, two logical inputs, and an OSDP interface are available. The OSDP protocol provides higher security than Wiegand and encrypts the transmitted data.",259,USD,Switches,active
01730-001,"2N IP Force - 13.56MHz secured card reader, NFC ready, Reads UID + PACS ID, support of HID iClass secured. Includes Wiegand interface, 2 logical inputs, 2 output relays and tamper switch",345,USD,Switches,active
03230-001,"Internal RFID card reader designed to be installed in the 2N IP Force. It allows the use of Mifare, HID iClass, DESFire and other standards, including NFC support. The reader reads the secure PACS ID number from HID iClass cards or the uID serial number from other cards. It includes two switches, two logical inputs, and an OSDP interface.",429,USD,Switches,active
03229-001,"Internal RFID card reader designed to be installed in the 2N IP Force. It allows the use of Mifare, HID iClass, DESFire and other standards, including NFC support. The reader can read uID card serial numbers and includes two switches, two logical inputs, and an OSDP interface. The OSDP protocol provides higher security than Wiegand and encrypts the transmitted data.",379,USD,Switches,active
01345-001,"2N  IP Force - safety screws, torx with pin",15,USD,Access,active
01735-001,2N IP Force Torx 4 screws black for the front panel - 5 packages of screws,24,USD,Access,active
01734-001,2N IP Force Frame for the main unit - 1 pc,33,USD,Access,active
01736-001,2N IP Force front panel with 4 buttons - 1pc,139,USD,Access,active
01737-001,2N IP Force front panel with 1 button - 1pc,102,USD,Access,active
01738-001,2N IP Force front panel with 1 button and pictograms -,129,USD,Access,active
01739-001,2N IP Force front panel with 1 button ready for keypad - 1pc,105,USD,Access,active
01740-001,2N IP Force front panel with 2 buttons ready for card reader - 1pc,129,USD,Access,active
01348-001,2N  IP Force and Safety - Brick flush mounting box,119,USD,Recorder accessories,active
01349-001,2N  IP Force and Safety - Plasterboard flush mounting box,103,USD,Recorder accessories,active
01350-001,2N  IP Force and Safety - Additional switch + Tamper switch.,62,USD,Switches,active
01351-001,"2N  IP Force and Safety - Gooseneck stand, height 120cm/47in",349,USD,Access,active
01352-001,2N  IP Force and Safety - Installation adapter for Code Blue and Talkaphone,129,USD,Access,active
01550-001,"2N IP Force and Safety - Gooseneck stand double, 45“ / 80“",659,USD,Access,active
01733-001,2N IP Force and Safety set of bushing for ethernet cable -5 pcs,69,USD,Access,active
01976-001,2N IP Force Secure Door set - contains additional switch + tamper (01350-001) and Security Relay (01386-001),139,USD,Switches,active
01873-001,2N IP Force keypad - 1pc,99,USD,Access,active
02338-001,Induction loop for 2N IP Force. Main unit with RFID window has to be used together with this accessory.,149,USD,Access,active
02933-001,"One-button intercom with the Full-HD camera and sleek design, extremely resistant - both to vandals (IK08) and to water and dust (IP66).
Requires the flush installation box 02941-001 or the surface installation box 03327-001.",1059,USD,Cameras,active
02934-001,"One-button intercom with the Full-HD camera and sleek design, extremely resistant - both to vandals (IK08) and to water and dust (IP66).
Requires the flush installation box 02941-001 or the surface installation box 03327-001.",1059,USD,Cameras,active
02935-001,"One-button intercom with the Full-HD camera and sleek design, extremely resistant - both to vandals (IK08) and to water and dust (IP66).
Requires the flush installation box 02941-001 or the surface installation box 03327-001.",1059,USD,Cameras,active
02941-001,"Flush installation box for the 2N IP One intercoms 02933-001, 02934-001, and 02935-001.",49,USD,Access,active
03327-001,"Surface mount box for the 2N IP One intercoms 02933-001, 02934-001, and 02935-001.",59,USD,Recorder accessories,active
01353-001,2N  IP Safety - 1 button + 10W speaker,1199,USD,Audio and power accessories,active
01354-001,2N  IP Safety - 2 buttons + 10W speaker,1229,USD,Audio and power accessories,active
01355-001,2N  IP Safety - red emergency button + 10W speaker,1229,USD,Audio and power accessories,active
01356-001,2N  IP Safety - metal frame (orange color),42,USD,Access,active
01869-001,2N IP Safety quick dial button with blue backlight - 5pcs,239,USD,Access,active
02739-001,"Spare part multipack - includes 10pcs of the red ""mushroom"" button.",289,USD,Access,active
01300-001,2N  IP Solo - flush mount,1339,USD,Recorder accessories,active
01301-001,2N  IP Solo - surface mount,1299,USD,Recorder accessories,active
01302-001,"2N  IP Solo - surface mount, black",1299,USD,Recorder accessories,active
01303-001,"2N  IP Solo - flush mount, black",1339,USD,Recorder accessories,active
01304-001,2N  IP Solo - backbox for flush installation,31,USD,Access,active
01305-001,2N  IP Solo - backplate for easier surface installation,62,USD,Access,active
02078-001,"Backplate for glass mount, has to be shipped together with  01305-001 backplate",25,USD,Recorder accessories,active
02202-001,"2N IP Solo black without camera for surface mount. The intercom is suitable for residential and commercial installation where camera is not required and IP Verso without camera has too big footprint, usually indoor (however intercom has IP54 rating and its perfectly suitable for outdoor installation).",719,USD,Recorder accessories,active
02203-001,"2N IP Solo without camera for surface mount. The intercom is suitable for residential and commercial installation where camera is not required and IP Verso without camera has too big footprint, usually indoor (however intercom has IP54 rating and its perfectly suitable for outdoor installation).",719,USD,Recorder accessories,active
02204-001,"2N IP Solo black without camera for flush mount. The intercom is suitable for residential and commercial installation where camera is not required and IP Verso without camera has too big footprint, usually indoor (however intercom has IP54 rating and its perfectly suitable for outdoor installation).",749,USD,Recorder accessories,active
02205-001,"2N IP Solo without camera for flush mount. The intercom is suitable for residential and commercial installation where camera is not required and IP Verso without camera has too big footprint, usually indoor (however intercom has IP54 rating and its perfectly suitable for outdoor installation).",749,USD,Recorder accessories,active
02405-001,2N IP style flush box. Accessories for the IP Style main unit 02407-001 and 02521-001.,219,USD,Access,active
02406-001,2N IP Style surface installation box. Accessory for 2N IP Style main unit 02407-001.,103,USD,Access,active
02407-001,"2N IP Style - 10 inch touchscreen intercom with IP65 and IK08. Embedded RFID reader 125kHz+13.56MHz (reads iClass PACS ID), embedded BT access control and full HD camera with WDR. Suitable for both surface (02406-001) and flush (02405-001) installation.",4229,USD,Access,active
02521-001,"2N IP Style - 10 inch touchscreen intercom with IP65 and IK08. Embedded RFID reader 125kHz+13.56MHz, embedded BT access control and full HD camera with WDR. Suitable for both surface (02406-001) and flush (02405-001) installation.",3729,USD,Access,active
01861-001,"2N IP Uni speaker with cable, 4 pcs",44,USD,Audio and power accessories,active
01863-001,"2N IP Uni microphone with cable, 10 pcs",47,USD,Audio and power accessories,active
01868-001,"2N IP Uni flush box for in-wall installation, 1 pc",28,USD,Access,active
01879-001,"2N IP Vario microphone with cable, 5 pcs",15,USD,Audio and power accessories,active
01880-001,"2N IP Vario wago terminal for ethernet and lock connection, 5 pcs",20,USD,Access,active
01881-001,"2N IP Vario keypad, 1 pc",20,USD,Access,active
01878-001,"2N IP Vario speaker with holder and sealing, 5 pcs",25,USD,Audio and power accessories,active
01890-001,"2N IP Vario front metal cover with 6 button and display cut-out, 1 pc",44,USD,Access,active
01891-001,"2N IP Vario front metal cover for 8 button extender, 1 pc",44,USD,Access,active
01892-001,"2N IP Vario front metal cover for 16 button extender, 1 pc",44,USD,Access,active
01893-001,"2N IP Vario backbox, black plastic chassis, 5 pcs",25,USD,Access,active
01894-001,"2N IP Vario plastic front cover for 1 button, 1 pc",30,USD,Access,active
01895-001,"2N IP Vario plastic front cover for 1 button and keypad, 1 pc",75,USD,Access,active
01896-001,"2N IP Vario front plastic cover for 3 buttons, 1 pc",30,USD,Access,active
01897-001,2N IP Vario front plastic cover for 3 buttons and keypad,75,USD,Access,active
01898-001,"2N IP Vario front plastic panel for 6 buttons, 1 pc",45,USD,Access,active
01899-001,2N IP Vario plastic front cover with 6 buttons and keypad,90,USD,Access,active
01900-001,"2N IP Vario plastic camera support, 5 pcs",8,USD,Cameras,active
01901-001,"2N IP Vario plastic camera holder, 5 pcs",8,USD,Cameras,active
01902-001,"2N IP Vario camera cover, 5 pcs",10,USD,Cameras,active
01903-001,"2N IP Vario cover for w/o camera version, 5 pcs",10,USD,Cameras,active
01252-001,2N  IP Verso - Infopanel,119,USD,Access,active
01253-001,2N  IP Verso - Keypad,299,USD,Access,active
01254-001,"2N  IP Verso - Keypad, black",299,USD,Access,active
01257-001,2N  IP Verso - 2 inputs and 2 output relays. This module is installed beneath other modules.,73,USD,Access,active
01258-001,2N  IP Verso - 5 buttons,139,USD,Access,active
01259-001,2N  IP Verso - Wiegand. This module is installed beneath other modules.,109,USD,Access,active
01260-001,2N  IP Verso - Tamper switch. This module is installed beneath other modules.,49,USD,Switches,active
01261-001,2N  IP Verso - Blind panel,28,USD,Access,active
01263-001,2N  IP Verso - Induction loop,269,USD,Access,active
01266-001,2N  IP Verso - Bluetooth,369,USD,Access,active
01267-001,2N  IP Verso - Extension cable 1m,24,USD,Access,active
01268-001,2N  IP Verso - Extension cable 3m,25,USD,Access,active
01270-001,"2N  IP Verso - Blind button. Covers one button, on the main unit or 5 button module.",27,USD,Access,active
01271-001,2N  IP Verso - Main unit without camera,749,USD,Cameras,active
01272-001,"2N  IP Verso - Main unit without camera, black",749,USD,Cameras,active
01273-001,2N  IP Verso - Main unit with camera,1299,USD,Cameras,active
01274-001,"2N  IP Verso - Main unit with camera, black",1299,USD,Cameras,active
02907-001,"2N IP VERSO 2.0 Main unit with camera, Nickel
The main intercom unit has a Full HD camera and one button. You can connect up to 30 modules to it, and it's designed with flexibility in mind! Mount it on the wall, flush with the wall, or even on glass - just choose the correct mounting accessory.",1629,USD,Recorder accessories,active
02908-001,"2N IP VERSO 2.0 Main unit with camera, Black
The main intercom unit has a Full HD camera and one button. You can connect up to 30 modules to it, and it's designed with flexibility in mind! Mount it on the wall, flush with the wall, or even on glass - just choose the correct mounting accessory.",1629,USD,Recorder accessories,active
01275-001,2N  IP Verso - Touch display,989,USD,Access,active
01277-001,2N  IP Verso - Touch keypad,249,USD,Access,active
01276-001,2N  IP Verso - Fingerprint,639,USD,Access,active
01269-001,2N  IP Verso - Extension cable 5m,32,USD,Access,active
01523-001,"2N  IP Verso - Blind button. Covers one button, on the main unit or 5 button module. Black",27,USD,Access,active
01792-001,"LTE intercom - no wired data connection, connects to the network via LTE. Requires data LTE SIM card (MicroSIM size) and external power supply such as 01435-001.
The internal antenna occupies position of one module, if you intend to use additional modules with the main unit, use the external antenna 01943-001.",1389,USD,Power Supply,active
01791-001,"LTE intercom - no wired data connection, connects to the network via LTE. Requires data LTE SIM card (MicroSIM size) and external power supply such as 01435-001.
The internal antenna occupies position of one module, if you intend to use additional modules with the main unit, use the external antenna 01943-001.",1389,USD,Power Supply,active
01943-001,Accessories for 2N LTE Verso for places with poor LTE coverage.,31,USD,Access,active
01975-001,"2N IP Verso Secure Door set - contains I/O module (01257-001), tamper switch (01260-001) and Security Relay (01386-001)",189,USD,Switches,active
01940-001,"2N IP Verso and LTE Verso 2 module wedge backplate, 25°, helps to cover blind spots of the camera",44,USD,Cameras,active
02043-001,"Plastic blind module cover for IP Verso, 5 pcs",56,USD,Access,active
02058-001,"2N IP Verso and Solo – Reflector with 2N logo black, 5 pcs",79,USD,Access,active
02077-001,25° gradient mounting backplate,34,USD,Recorder accessories,active
02055-001,"Speaker cover, black, 5 pcs",89,USD,Audio and power accessories,active
02056-001,"Front plastic cover of Verso RFID reader, 5pcs",74,USD,Access,active
02057-001,"Metal clamps for connection of Verso modules backboxes together, 20pcs",49,USD,Access,active
02063-001,Plastic bluetooth reader cover,75,USD,Access,active
02093-001,"2N IP Verso/Solo - green 2 PIN terminal for input/output, 10 pcs",19,USD,Access,active
02092-001,"2N IP Verso/Solo - green 3 PIN terminal for relay and 12V input, 10 pcs",21,USD,Access,active
02140-001,"2N IP Verso - RFID 125kHz, second generation with better reading distance/time.",199,USD,Access,active
02141-001,"2N IP Verso - RFID 13.56MHz NFC, second generation with better reading distance/time, reads PACS ID",329,USD,Access,active
02284-001,A debug module for 2N LTE Verso that is compatible with all sold LTE Versos. It includes a RJ-45 port that can be used for local access to the intercom for troubleshooting in case of mobile network issues.,69,USD,Access,active
02577-001,"OSDP module for integration into 3rd party access control system. OSDP module is compatible with IP Verso, IP Style and Access Unit 2.0.",119,USD,Access,active
02782-001,"2N IP VERSO READER , Keyboard, BLE, RFID 125kHz, 13,56Mhz, NFC, secured, PICard",959,USD,Access,active
02781-001,"2N IP VERSO READER, Keyboard, BLE, RFID 125kHz, 13,56Mhz, NFC, PICard",779,USD,Access,active
02444-001,"2N IP VERSO READER, BLE, RFID 125kHz, 13,56Mhz, secured, PICard",799,USD,Access,active
02778-001,"2N IP VERSO READER, BLE, RFID 125kHz, 13,56Mhz, NFC, PICard",609,USD,Access,active
02779-001,"2N IP VERSO READER, Keyboard, RFID 125kHz, 13,56Mhz,NFC, PICard",529,USD,Access,active
02443-001,"IP VERSO READER, Keyboard, RFID 125kHz, 13,56Mhz, NFC, PICard",659,USD,Access,active
01278-001,2N  IP Verso - 1 module flush frame,89,USD,Access,active
01279-001,"2N  IP Verso - 1 module flush frame, black",89,USD,Access,active
01280-001,2N  IP Verso - 2 modules flush frame,99,USD,Access,active
01281-001,"2N  IP Verso - 2 modules flush frame, black",99,USD,Access,active
01282-001,2N  IP Verso - 3 modules flush frame,99,USD,Access,active
01283-001,"2N  IP Verso - 3 modules flush frame, black",99,USD,Access,active
01284-001,2N  IP Verso - 1 module flush box,31,USD,Access,active
01285-001,2N  IP Verso - 2 modules flush box,39,USD,Access,active
01286-001,2N  IP Verso - 3 modules flush box,39,USD,Access,active
01287-001,2N  IP Verso - 1 module surface frame,69,USD,Access,active
01288-001,"2N  IP Verso - 1 module surface frame, black",69,USD,Access,active
01289-001,2N  IP Verso - 2 modules surface frame,85,USD,Access,active
01290-001,"2N  IP Verso - 2 modules surface frame, black",85,USD,Access,active
01291-001,2N  IP Verso - 3 modules surface frame,119,USD,Access,active
01292-001,"2N  IP Verso - 3 modules surface frame, black",139,USD,Access,active
01293-001,2N  IP Verso - 1 module backplate for surface installation,62,USD,Access,active
01294-001,2N  IP Verso - 2 modules backplate for surface installation,69,USD,Access,active
01295-001,2N  IP Verso - 3 modules backplate for surface installation,79,USD,Access,active
01296-001,2N  IP Verso - 2x2 modules backplate for surface installation,99,USD,Access,active
01297-001,2N  IP Verso - 3x2 modules backplate for surface installation,139,USD,Access,active
01298-001,2N  IP Verso - 2x3 modules backplate for surface installation,129,USD,Access,active
01299-001,2N  IP Verso - 3x3 modules backplate for surface installation,169,USD,Access,active
01524-001,2N  IP Verso - 1 module backplate for surface installation on a 2-gang backbox,53,USD,Access,active
01525-001,2N  IP Verso - 2 modules backplate for surface installation on a 2-gang backbox,62,USD,Access,active
02683-001,"My2N Mobile Video 12 month subscription voucher for ONE apartment (up to 4 user devices assigned per apartment).  A single voucher is generated for multiple apartments per My2N site on the same order, however vouchers for multiple My2N Sites need to be ordered separately.",40,USD,Software and licensing,active
02682-001,"My2N Mobile Video 12 month subscription voucher for one user device.  A single voucher is generated for multiple user devices per My2N site on the same order, however vouchers for multiple My2N Sites need to be ordered separately.",27,USD,Software and licensing,active
02309-001,"2N Access Commander – Advanced licence. Allows management of up to 30 devices and 300 users with access to Advanced features. Delivered as eLicense key. One license key per unit. Note: eLicenses are non-cancellable, non-changeable and non-returnable.",759,USD,Software and licensing,active
02310-001,"2N Access Commander – Pro licence. Allows management of up to 100 devices and 1000 users with acces to Pro features. Delivered as eLicense key. One license key per unit. Note: eLicenses are non-cancellable, non-changeable and non-returnable.",1649,USD,Software and licensing,active
02311-001,"2N Access Commander – Unlimited licence. Allows management of unlimited devices and users* and access to Pro features. (*Unlimited within limitations of software interface: Approx 2000 devices). Delivered as eLicense key. One license key per unit. Note: eLicenses are non-cancellable, non-changeable and non-returnable.",3819,USD,Software and licensing,active
02312-001,"2N Access Commander – Upgrade Advanced to Pro licence. Pro license allows management of up to 100 devices and 1000 users with access to Pro features. Delivered as eLicense key. One license key per unit. Note: eLicenses are non-cancellable, non-changeable and non-returnable.",1079,USD,Software and licensing,active
02313-001,"2N Access Commander – Upgrade Pro to Unlimited licence. Unlimited license allows management of unlimited devices and users* and access to Pro features. (*Unlimited within limitations of software interface: Approx 2000 devices). Delivered as eLicense key. One license key per unit. Note: eLicenses are non-cancellable, non-changeable and non-returnable.",2349,USD,Software and licensing,active
02314-001,"2N Access Commander – Add-on Attendance Monitoring license. This activates attendance monitoring for all users included in the present license type. It should be used only with Access Commander 2.4 or higher. Delivered as eLicense key. One license key per unit. Note: eLicenses are non-cancellable, non-changeable and non-returnable.",639,USD,Software and licensing,active
02722-001,"PICard Commander is 2N's unique cryptographic software, providing Protected Identity Credentials, built on the popular Mifare DESFire technology. The license for this software is generated using the SN of a compatible USB reader (non-secured - 01400-001, secured - 01527-001). The software can then only be used with the licensed USB reader. Delivered as eLicense key. One license key per unit. Note: eLicenses are non-cancellable, non-changeable and non-returnable.",949,USD,Software and licensing,active
03160-001,"This license allows a direct connection of 2N IP Intercoms to Microsoft Teams via MS SIP Gateway service.
Now you can sign-in to Teams with your corporate credentials and make and receive calls with 2N IP Intercoms.
Door opening from the MS Teams app is supported via entering Code/DTMF.",159,USD,Software and licensing,active
01381-001,2N  IP Intercom and SIP AudioLicense - Informacast License,99,USD,Software and licensing,active
02624-001,"The license activates the interface between 2N IP Intercoms and LenelS2 OnGuard. 2N PLUGIN FOR OnGuard enables the communication between 2N IP Intercoms and OnGuard, an access control system from LenelS2. The integration allows the OnGuard users to monitor and manage intercoms through one comprehensive security platform. Operators can place or terminate a call between their desktop station and selected remote intercom with a single click in the OnGuard interface. It is also possible to monitor 2N devices and use intercom events to trigger actions in OnGuard.",1259,USD,Software and licensing,active
02625-001,"The license activates the interface between 2N IP Intercoms and C•CURE 9000.  2N PLUGIN FOR CCure enables the communication between 2N IP Intercoms and C•CURE 9000, an access control system from Tyco. The CCure users can monitor and control the 2N IP intercoms through the C•CURE 9000 user interface. Call commands between intercoms are executed through the graphical maps or in the device tree in C•CURE 9000. The integration provides continuous 24/7 monitoring of the 2N IP intercoms and event reporting in C•CURE 9000. Intercom events can be further linked with actions in C•CURE 9000",1259,USD,Software and licensing,active
02922-001,"The license activates the interface between 2N IP Intercoms and AMAG Symmetry™ Access Control. 2N PLUGIN FOR Symmetry enables the communication between 2N IP Intercoms and Symmetry, an access control system from AMAG. The integration allows the Symmetry users to monitor and manage intercoms through one comprehensive security platform. Operators can place or terminate a call between their desktop station and selected remote intercom with a single click in the Symmetry interface.",1259,USD,Software and licensing,active
02171-001,License key for the 2N® INDOOR TOUCH 2.0 enabling the 2N® MEETING ROOM app feature.,399,USD,Software and licensing,active
01384-001,Mifare RFID smart card 13.56MHz,7,USD,Access,active
01385-001,Mifare RFID smart key fob 13.56MHz,7,USD,Access,active
01386-001,2N Security Relay,169,USD,Access,active
01387-001,2N Wiegand Isolator,179,USD,Access,active
01388-001,2N Magnetic door contact,25,USD,Access,active
01389-001,"External 125 kHz EMarine RFID card reader, Wiegand",119,USD,Access,active
01390-001,"External 13.56MHz Mifare RFID card reader, Wiegand",119,USD,Access,active
01391-001,2N External induction loop for  IP Intercom,199,USD,Access,active
01393-001,2N Power supply for the induction loop,49,USD,Power Supply,active
01395-001,Proximity Card Emarine 125kHz,7,USD,Access,active
01396-001,Proximity Key Fob Emarine 125kHz,7,USD,Access,active
01397-001,"Web IP Relay - 1 output, 1 input",309,USD,Access,active
01399-001,External RFID Reader 125kHz EMarine (USB interface),75,USD,Access,active
01400-001,External RFID Reader 13.56MHz + 125kHz (USB interface),389,USD,Access,active
01401-001,External fingerprint reader (USB interface),289,USD,Access,active
01402-001,External Bluetooth reader (USB interface),33,USD,Access,active
01404-001,2N 2Wire - set of 2 adaptors and power source for the US plug,399,USD,Access,active
01527-001,"2N RFID secured reader 13.56MHz + 125kHz (USB interface), This USB reader reads the card serial number (CSN) and also secured PACs ID from HID smart cards",499,USD,Access,active
01640-001,2N IP Verso and Solo speaker cover - plastic cover of speaker on the main unit - 5pcs,72,USD,Audio and power accessories,active
01641-001,2N IP Verso and Solo camera window- camera version -plastic cover on the main unit - 5pcs,49,USD,Cameras,active
01642-001,2N IP Verso camera window- non-camera version -plastic cover on the main unit - 5pcs,53,USD,Cameras,active
01643-001,2N IP Verso and Solo Reflector with 2N logo - plastic part under the camera - 5pcs,66,USD,Cameras,active
01644-001,2N IP Verso and Solo button nametag - plastic button with nametag - 10pcs,95,USD,Access,active
01645-001,2N IP Verso Flush and surface bottom fixture - metal fixture to hold the frame - 5pcs,49,USD,Access,active
01646-001,2N IP Solo Flush and surface bottom fixture - metal fixture to hold the frame - 5pcs,42,USD,Access,active
01647-001,2N IP Verso and Solo Flush mount upper fixtrue - metal part to hold the frame - 5pcs,42,USD,Recorder accessories,active
01648-001,2N IP Verso and Solo Surface mount upper fixture - metal part to hold the frame - 5pcs,37,USD,Recorder accessories,active
01649-001,"2N IP Verso bus short, 80mm - vbus cabel to connect the modules - 10pcs",49,USD,Access,active
01650-001,"2N IP Verso bus short, 220mm - vbus cabel to connect the modules - 10pcs",59,USD,Access,active
01651-001,2N IP Verso microphone set - microphone with cable to 3 module extension - 10pcs,74,USD,Audio and power accessories,active
01652-001,"2N IP Force and Safety Speaker 1W, 16 Ohm, 77mm - 1pc",32,USD,Audio and power accessories,active
01654-001,2N IP Force and Safety Gasket for microphone - 5pcs,17,USD,Audio and power accessories,active
01655-001,2N IP Force and Safety microphone with cable - 10pcs,159,USD,Audio and power accessories,active
01656-001,2N IP Force and analog Force Button namateg to plastic part - 5pcs,27,USD,Access,active
01657-001,2N IP Force and analog Force Plastic clear button on the PCB board - 10pcs,24,USD,Access,active
01658-001,2N IP Force and analog Force 1 button board - 1pc,32,USD,Access,active
01659-001,"2N IP Force and analog Force 1 button board, pictograms - 1pc",32,USD,Access,active
01660-001,2N IP Force and analog Force 2 buttons board - 1pc,37,USD,Access,active
01661-001,2N IP Force and analog Force 4 buttons board - 1pc,42,USD,Access,active
01653-001,"2N IP Force and Safety Speaker 10W, 4 Ohm, 76mm - 4pcs",69,USD,Audio and power accessories,active
02041-001,U-shaped black front frame for 2N IP Base,64,USD,Access,active
02318-001,NVT phybridge 2 wire to ethernet convertor. The package contains 8 port switch unit and 2 adaptors. Other adaptors can be purchased as SKU 02319-001 (pack with 6 adaptors).,1139,USD,Switches,active
02319-001,Sixpack of NVT adaptors compatible with NVT switch 02318-001. Solution for 2wire to ethernet conversion.,879,USD,Switches,active
02520-001,"External power source for 2N Intercoms and Answering Units - 12V/2A DC, US plug",49,USD,Access,active
02445-001,PoE+ (802.3at) injector,85,USD,Access,active
02788-001,"2N Fobs, Mifare Desfire EV3, capacity 4K, package 10pcs, PICard",129,USD,Access,active
02787-001,"2N Cards, Mifare Desfire EV3, capacity 4K, package 10pcs, PICard",83,USD,Access,active
03343-001,Hood/adaptor that allows mounting of the 2N IP Verso intercom with the 2-Module frame on the 2N IP Force/Safety Gooseneck 01351-001 or Double Gooseneck 01550-001.,139,USD,Recorder accessories,active
02087-001,"7″ touchscreen answering unit with a wide viewing angle. The tempered glass surface and award-winning design are the perfect choices for any luxury residential project.
The 2N Indoor View requires the 2N Indoor Flush Box (01700-001) or the 2N Indoor Desk Stand (02039-001) for an installation.",719,USD,Cameras,active
02088-001,"7″ touchscreen answering unit with a wide viewing angle. The tempered glass surface and award-winning design are the perfect choices for any luxury residential project.
The 2N Indoor View requires the 2N Indoor Flush Box (01700-001) or the 2N Indoor Desk Stand (02039-001) for an installation.",719,USD,Cameras,active
03134-001,"7"" touch display indoor panel with the Wi-Fi connectivity, featuring also the Ethernet connectivity if needed.
12V DC/1A external power supply recommended, compatible with 02520-001 or similar.",929,USD,Power Supply,active
03135-001,"7"" touch display indoor panel with the Wi-Fi connectivity, featuring also the Ethernet connectivity if needed.
12V DC/1A external power supply recommended, compatible with 02520-001 or similar.",929,USD,Power Supply,active
01935-001,"The 2N Indoor Compact is an indoor answering unit designed especially for the residential market. Installation by connecting a single UTP cable and configuration via a web interface guarantees that integrators can put the unit into operation quickly and easily. Users will be impressed by the minimalist design, tempered glass surface, 4.3″ colour display, sound in HD quality and intuitive controls. A simply elegant solution for video communication.",519,USD,Cameras,active
01936-001,"The 2N® Indoor Compact is an indoor answering unit designed especially for the residential market. Installation by connecting a single UTP cable and configuration via a web interface guarantees that integrators can put the unit into operation quickly and easily. Users will be impressed by the minimalist design, tempered glass surface, 4.3″ colour display, sound in HD quality and intuitive controls. A simply elegant solution for video communication.",519,USD,Cameras,active
01698-001,"2N Indoor Talk PoE – Black
Elegant answering unit with HD sound.
The design of the 2N® Indoor Talk answering unit will suit every flat or home. The aesthetic appearance of this product was achieved by using a glass surface and striking backlighting of its icons. However, we placed particular emphasis on selecting the highest-quality audio components in order to achieve a high-quality sound. This means you can talk to visitors outside as if they were standing right next to you. Invite them in and press the icon to open the door from the comfort of your home.
The 2N Indoor Talk Black requires the 2N Indoor Flush Box (01700-001) for installation.",379,USD,Audio and power accessories,active
01699-001,"2N Indoor Talk PoE – White
Elegant answering unit with HD sound.
The design of the 2N® Indoor Talk answering unit will suit every flat or home. The aesthetic appearance of this product was achieved by using a glass surface and striking backlighting of its icons. However, we placed particular emphasis on selecting the highest-quality audio components in order to achieve a high-quality sound. This means you can talk to visitors outside as if they were standing right next to you. Invite them in and press the icon to open the door from the comfort of your home.
The 2N Indoor Talk White requires the 2N Indoor Flush Box (01700-001) for installation.",379,USD,Audio and power accessories,active
01700-001,"2N Indoor answering unit flush installation box, required for the 2N Indoor View (02087-001 or 02088-001), 2N Indoor Compact (01935-001 or 01936-001) and 2N Indoor Talk (01698-001 or 01699-001).",29,USD,Cameras,active
02320-001,"2N Indoor answering unit surface installation box, required for the 2N® Indoor View (02087-001 or 02088-001), 2N® Indoor Compact (01935-001 or 01936-001) and 2N® Indoor Talk (01698-001 or 01699-001).",29,USD,Cameras,active
02039-001,"2N Indoor desk stand is intended for the 2N® Indoor Compact (01935-001 or 01936-001) or the 2N® Indoor Talk (01698-001 or 01699-001) answering units.
There is no need to use the flush box (01700-001).",59,USD,Cameras,active
02892-001,"4″ video IP indoor station, surface mounted",369,USD,Recorder accessories,active
02893-001,"4″ video IP indoor station, surface mounted, equipped with an in-built induction loop",399,USD,Recorder accessories,active
02905-001,Optional desk stand for the 2N Clip 02892-001,32,USD,Cameras,active
02906-001,Optional accessory for the 2N Clip 02892-001 that allows its surface installation over the flush mounted single-gang electrical box,20,USD,Recorder accessories,active
02660-001,"7"" touchscreen IP phone, Android OS based.",709,USD,Cameras,active
02659-001,"USB camera module for the 2N IP Phone D7A (02660-001).
It enables bi-directional video calls with the 2N IP Style intercom (02407-001 or 02521-001).",129,USD,Cameras,active
02530-001,Wall mount bracket for the 2N IP Phone D7A (02660-001).,15,USD,Recorder accessories,active
01741-001,Buttons extender for the 2N IP Phone D7A (02660-001).,309,USD,Access,active
01670-001,2N® Indoor Touch 2.0 - PoE Wi-Fi Black,1059,USD,Cameras,active
01671-001,2N® Indoor Touch 2.0 - PoE Wi-Fi White,1059,USD,Cameras,active
01425-001,2N Indoor Touch - Desk stand black,129,USD,Cameras,active
01426-001,2N Indoor Touch - Desk stand white,129,USD,Cameras,active
01423-001,"2N Indoor Touch External power supply, 12V 2A DC, flush mounted",119,USD,Power Supply,active
01208-001,"2N SIP Mic allows paging to several zones with a simple push of a button. It is ideal for live or pre-recorded announcements. It has a built-in audio-management server for configuration, which means less equipment as well as flexible, easy and cost-efficient installation. The network microphone console has 12 buttons that can be configured with actions of your choice. 2N SIP Mic’s 12 buttons give you a smart paging solution for up to 12 zones, and if your system grows you can easily connect the microphone console to a PBX system thanks to support for SIP. The microphone is based on open standards and connects to standard networks using PoE.",1427,USD,Audio and power accessories,active
01433-001,2N SIP Speaker - Horn (outdoor SIP based active hornspeaker),715,USD,Audio and power accessories,active
01432-001,"2N SIP Speaker - Loudspeaker Set,wall mounted (SIP based active speaker)",549,USD,Audio and power accessories,active
01431-001,"2N SIP Speaker - Loudspeaker Set, wall mounted (SIP based active speaker)",549,USD,Audio and power accessories,active
01435-001,2N IP Audio Power Supply - US plug,79,USD,Power Supply,active
03084-001,"Contactless MIFARE® DESFire® EV3 8K smart card that uses advanced radio frequency identification (RFID) technology to deliver secure and reliable physical access to premises.
The card is made of 100% recycled PET-G.
One bulk pack comes with 100 cards.",689,USD,Access,active
03083-001,"Contactless MIFARE® DESFire® EV3 8K key fob that uses advanced radio frequency identification (RFID) technology to deliver secure and reliable physical access to premises. The key fob is made of impact-resistant matt polycarbonate and ultrasonically welded in a stainless steel frame, making it stable and durable, with IP67 and IK09 rating – perfect for carrying on a keyring. 
One bulk pack comes with 50 key fobs.",689,USD,Access,active
03102-001,"AXIS TA1101-B Wiegand to OSDP Converter is a versatile accessory designed to bridge the gap between Wiegand readers and Axis door controllers, specifically AXIS A1710 and A1810 Network Door Controllers, which have only OSDP reader port on board. This compact device ensures seamless integration by converting Wiegand signals to OSDP, allowing modern, secure, and efficient communication between the reader and the door controller.",94,USD,Access,active
03110-001,"AXIS TA1201 Wall Mount Enclosure is designed to house up to four AXIS TA1101-B Wiegand to OSDP converters, offering a secure and flexible installation solution. It supports both wall and DIN rail mounting. The enclosure is plenum-rated, and it supports conduit installation, offering extra protection for wiring. With its easy-to-install design and robust construction, AXIS TA1201 ensures a durable and hassle-free installation.",94,USD,Recorder accessories,active
02687-001,"AXIS TA1601 Mounting Plate is compatible with AXIS TQ1808-VE Surveillance Cabinet and AXIS A1210-B Network Door Controller to build 4 door controller kit - AXIS A1214 Network Door Controller Kit

AXIS TA1601 Mounting Plate is included in AXIS A1214 Network Door Controller Kit.",63,USD,Access,active
02688-001,"AXIS TA1801 Top Cover is compatible with AXIS A1210-B Network Door Controller, ideal for installations that need a full enclosure for extra protection or in plenum spaces. 

AXIS TA1801 Top Cover is included in AXIS A1210 Network Door Controller.",41,USD,Access,active
02699-001,"AXIS TA1802 Top Cover is compatible with AXIS A1610-B Network Door Controller, ideal for installations that need a full enclosure for extra protection or in plenum spaces. 

AXIS TA1802 Top Cover is included in AXIS A1610 Network Door Controller.",41,USD,Access,active
02685-021,"AXIS TA1901 DIN Rail Clip is for standard 35mm DIN rail, and compatible with Axis network door controller and network I/O relay modules.",52,USD,Access,active
03179-001,"Spare connector kit for Axis network door controllers, readers, and I/O relay modules. 
Includes: 10 pcs each of 2pos, 3pos, 4pos, 5pos, 6pos, and 8pos terminal block connectors for Axis controllers & I/O modules, 10 × 4pos connectors for AXIS readers, and 10 × 5pos Wago splicing connectors for AXIS A1710-B & A1810-B door controllers.",105,USD,Access,active
02686-001,"Spare connectors for Axis access control products including network door controllers, readers, and network I/O relay modules.

AXIS TA1902 Access Control Connector Kit includes 20pcs of 2pos, 20pcs of 4pos, 10pcs of 6pos, 10pcs of 8pos terminal block connectors for Axis network door controller and network I/O relay modules, and 10pcs of 4pos terminal block connector for AXIS A4010-E Reader and AXIS A4120-E Reader with Keypad.",105,USD,Access,active
02532-001,"AXIS TA4201 Weathershield, accessory to AXIS A4120-E Reader with Keypad, to protect reader from extreme conditions, such as accumulation of encrusting snow or ice. Glass-fiber reinforced, and UV resistant plastic offers robustness for use in harsh outdoor environment, and easy on the environment with PVC/BCR/CFR free.",31,USD,Access,active
02533-001,"AXIS TA4401 Braille Label, easy to install accessory to AXIS A4120-E Reader with Keypad, for assisting with keypad entry to sight limited. With the optimized visually impaired reader mode to avoid inadvertent PIN input. UV resistant material offers robustness for use in harsh outdoor environment. And easy on the environment with PVC/BCR/CFR free.

One bulk pack comes with 10 units.",179,USD,Access,active
03091-001,"Designed specifically for use with concrete or reinforced concrete walls, AXIS TA4601 Surface Mount creates a cavity that allows for easy and secure cable termination, ensuring a clean and professional installation.",37,USD,Recorder accessories,active
03092-001,"AXIS TA4602 Installation Back Box is a mounting accessory, designed to create a cavity for concealing and terminating cables within a wall, ensuring a clean and organized installation.",37,USD,Recorder accessories,active
02997-001,"AXIS TA9001 Wall Mount Bracket is a metal bracket designed for AXIS A9210 Network I/O Relay Module and AXIS A9910 I/O Relay Expansion Module wall mounting. It is included in the AXIS A9210 and A9910 packages, sold separately as a spare part, and available in packs of 10.",52,USD,Recorder accessories,active
03087-001,"AXIS TA9901 Cable Strain Relief secures cables using regular cable ties, preventing plugs from being pulled out or cables becoming loose and disconnected. It is compatible with the AXIS A9910 I/O Relay Expansion Module and the AXIS A9210 Network I/O Relay Module. It is available in packs of 5.",52,USD,Access,active
01762-001,Recessed mount offering neat and easy installation of the AXIS A8207-VE Network Video Door Station. Multiple mounting and wiring options along with a robust construction makes it suitable for most situations and wall types.,139,USD,Recorder accessories,active
01763-001,"Cable protection attachment bracket for AXIS A8207-VE Network Video Door Station Compatible with 3/4"" Conduits",94,USD,Recorder accessories,active
01962-001,AXIS TA8501 Physical Tampering Switch is an accessory to be used when the AXIS A8105-E Network Video Door Station is combined with the AXIS A9801 Security Relay. This accessory is a fix to the known issue of the integrated accelerometer showing false tampering alerts.,16,USD,Switches,active
5801-481,Nice and easy recessed mount of AXIS A8105-E Network video door station suitable for most wall types.,84,USD,Recorder accessories,active
5801-141,"AXIS A9801 Security relay box offer an easy and cost efficient way to  improve security for doors controlled by an Axis network video door station. The product bridges the connection between door station and door lock and is placed on the secure side of the door. If an intruder attempt to tamper with the door station to access the door lock wires, AXIS A9801 Security relay will cut the connection and ensure that the door remains securely locked.",139,USD,Access,active
02070-001,Stainless steel face plate replacement sold as a spare part for AXIS I8016-LVE Network Video Intercom. It enables easy on-site replacement in case the original plate has been damaged or vandalized.,199,USD,Access,active
02233-001,"Cable protection attachment bracket for AXIS I8016-LVE Network Video Intercom, compatible with 3/4"" Conduits.",36,USD,Recorder accessories,active
02066-001,Wall mount to be used together with AXIS I8016-LVE Network Video Intercom. Highly robust with IK10 and IP69 rating.,169,USD,Recorder accessories,active
02067-001,Recessed mount offering neat installation of AXIS I8016-LVE Network Video Intercom. Multiple mounting and wiring options along with a robust construction makes it suitable for most situations and wall types.,52,USD,Recorder accessories,active
02503-001,"Stainless steel adapter plate for mounting AXIS I8016-LVE Network Video Intercom in Code Blue® and Talkaphone® emergency stations and help points. Suitable for new deployments and retrofitting existing installations, it combines intelligent video surveillance with emergency communication—all in a single device.",159,USD,Recorder accessories,active
02673-001,"AXIS TI8904 Induction loop enhances the current features set of AXIS I8016-LVE Network Video Intercom to transmit audio from the intercom to a person’s hearing aid. This accessory is hidden in the AXIS TI8202 Recessed Mount or AXIS TI8602 Wall Mount and only visible by a t-coil sign sticker on the face plate of AXIS I8016-LVE. 
By eliminating the need for an external power supply or additional configuration on the intercom, a quick and reliable installation can be ensured",139,USD,Power Supply,active
02561-001,Nice and easy recessed mount of AXIS I8116-E Network Video Intercom suitable for most wall types.,99,USD,Recorder accessories,active
02562-001,Nice and easy recessed mount of AXIS I8116-E Network Video Intercom suitable for most wall types.,99,USD,Recorder accessories,active
03192-001,"Nice and easy protection cover which increases the perceived robustness for AXIS I8116-E. Available in three colors (safety=orange, white and black)",139,USD,Access,active
03193-001,"Nice and easy protection cover which increases the perceived robustness for AXIS I8116-E. Available in three colors (safety=orange, white and black)",139,USD,Access,active
03194-001,"Nice and easy protection cover which increases the perceived robustness for AXIS I8116-E. Available in three colors (safety=orange, white and black)",139,USD,Access,active
03195-001,Nice and easy wedge mount which positions the AXIS I8116-E either 30 degrees left or right when installing it on a wall. This wedge mount can also be used to mount the intercom on poles.,139,USD,Recorder accessories,active
03016-001,Stainless steel face plate replacement sold as a spare part for AXIS I7010-VE Network Intercom. It enables easy on-site replacement in case the original plate has been damaged or vandalized.,105,USD,Access,active
02928-001,Recessed Mount for AXIS I8307-VE.,209,USD,Recorder accessories,active
03174-001,Recessed Mount in RAL 2004 (Orange) for AXIS I8307-VE,209,USD,Recorder accessories,active
03017-001,Face plate replacement sold as a spare part for AXIS I7020 Network Intercom. It enables easy on-site replacement in case the original plate has been damaged or vandalized.,209,USD,Access,active
03144-001,Face plate replacement sold as a spare part for AXIS I7010-VE Safety Network Intercom. It enables easy on-site replacement in case the original plate has been damaged or vandalized.,209,USD,Access,active
03173-001,"Protection cover for AXIS I8307-VE Network Video Intercom in Orange (RAL2004). 
By changing the protection cover to the TI8909 Safety Protection Cover, the product becomes more visible for emergency situations",159,USD,Access,active
02929-001,"Cable protection attachment bracket for AXIS I8307-VE Network Video Intercom. Compatible with 3/4"" Conduits.",189,USD,Recorder accessories,active
03240-001,The TI5201 Recessed Mount accessory for AXIS I5304 White (03238-001) or AXIS I5304 Black (03239-001).,29,USD,Recorder accessories,active
03241-001,The TI5601 Wall Mount accessory for AXIS I5304 White (03238-001) or AXIS I5304 Black (03239-001).,29,USD,Recorder accessories,active
03242-001,The TI5602 Desk Stand accessory for AXIS I5304 White (03238-001) or AXIS I5304 Black (03239-001).,59,USD,Access,active
02368-001,"A compact edge-based one door controller, suitable for plenum spaces, all powered by one PoE cable. It is fully integrated within Axis end-to-end solutions, this scalable product is optimized for both small and large installations and supports flexible authentication using different types of credentials. Furthermore, with built-in cybersecurity features, it prevents unauthorized access and safeguards your system.",489,USD,Access,active
02369-001,"The barebone version of A1210, a compact edge-based one door controller, suitable for installation anywhere. It’s possible to stack units, ideal for installation in small spaces such as existing or newly installed cabinets. Fully integrated within Axis end-to-end solutions, it’s optimized for both small and large installations and supports flexible authentication using different types of credentials.",449,USD,Access,active
02653-001,"This advanced and robust door controller includes everything needed to control two doors–all powered by one PoE cable, featuring four reader connections as well as two Form C relays to power the onboard lock. You can store up to 250k credentials and 250k event logs on the device itself. With built-in cybersecurity features, this smart door controller can internally handle all tasks related to door access—even if the network is down.",799,USD,Access,active
02654-001,"Barebone version of A1610 Network Door Controller. Sold without a top cover, it offers easy installation with Axis or 3rd party cabinet. 
This advanced door controller includes everything needed to control two doors–all powered by one PoE cable, featuring four reader connections as well as two Form C relays to power the onboard lock. You can store up to 250k credentials and 250k event logs on the device itself. With built-in cybersecurity features, this smart door controller can internally handle all tasks related to door access—even if the network is down.",769,USD,Access,active
02684-001,"This all-in-one, out-of-the-box-ready kit can control up to four doors. It includes four AXIS A1210-B units enclosed in AXIS TQ1808-VE, a robust, vandal-resistant IK10- and NEMA 4x-rated cabinet. Fully integrated within Axis end-to-end solutions, it offers fast and easy installation",2119,USD,Access,active
03078-001,"This compact, cost-efficient door controller gives you full control for up to four doors including support for up to eight OSDP readers and eight locks. With onboard lock power, this all-in-one multi-door controller simplifies complex installations",1379,USD,Access,active
03079-001,"This compact, cost-efficient door controller gives you full control for up to eight doors including support for up to 16x OSDP readers and 16x locks. With onboard lock power, this all-in-one multi-door controller simplifies complex installations.",2649,USD,Access,active
02896-001,"Single unit e-license for AXIS Door Controller Extension

This AXIS Camera Application Platform (ACAP) based application empowers Axis network door controllers to support additional features or integrations to extend the capability of the door controller. For example, wireless locks integration to support up to additional 16x wireless doors per door controller.

Delivered as eLicense key. One license key per unit. Note: eLicenses are non-cancellable, non-changeable and non-returnable.",209,USD,Software and licensing,active
01507-001,"With door controllers from Axis, you install one smart, independent device by each door to create a scalable access control system. The open platform allows you to mix and match best-of-breed software and hardware, and enables easy integration with other systems such as video surveillance, intrusion detection, and time and attendance. AXIS A1601 Network Door Controller is ideal for advanced access management in mid-sized and large, multi-site installations using third-party software (no embedded Entry Manager sofware). It has a powerful processor, expanded storage and memory, relays, and I/O ports. AXIS A1601 is powered by PoE+ and can also power connected equipment.",799,USD,Access,active
0540-001,"AXIS A1001 Network Door Controller is an open, non-proprietary platform for access management. The controller is installed by each door and data is automatically synchronized between the controllers in the system. The controller supports most Wiegand and RS 485 OSDP readers. The unit comes with a built-in software for basic access management for up to 33 controllers as well as an open API to meet the requirements for larger and more advanced installations. The plenum rated controller is designed for wall or ceiling mount indoors and supports Power over Ethernet IEEE 802.3af Class 3. It is fitted with 14 configurable input/outputs and 5 power outputs for door accessories including fault/tamper detection and support for Uninterruptible Power Supply (UPS).",689,USD,Power Supply,active
0540-021,"AXIS A1001 Network Door Controller is an open, non-proprietary platform for access management. The controller is installed by each door and data is automatically synchronized between the controllers in the system. The controller supports most Wiegand and RS 485 OSDP readers. The unit comes with a built-in software for basic access management for up to 33 controllers as well as an open API to meet the requirements for larger and more advanced installations. The plenum rated controller is designed for wall or ceiling mount indoors and supports Power over Ethernet IEEE 802.3af Class 3. It is fitted with 14 configurable input/outputs and 5 power outputs for door accessories including fault/tamper detection and support for Uninterruptible Power Supply (UPS).",6889,USD,Power Supply,active
02861-001,"AXIS A9210 offers ten I/O ports including two configurable I/Os, five inputs, three outputs, and one form C relay output, allowing you to extend the functionality of any Axis product or third-party system. 

You can monitor inputs from cameras, analytics, alarm buttons, environmental sensors, and more, it’s easy to integrate with third-party advanced security systems such as VMSs, and alarm and intrusion systems.

Furthermore, with multi-drop technology, you can add up to 16 expansion modules, AXIS A9910, for 128 I/Os, and 64 relays using just one IP connection.",349,USD,Video Management System,active
02862-001,"Featuring multi-drop technology, it's possible to connect up to 16 AXIS A9910 I/O Relay Expansion Modules to one AXIS A9210 device. 128 I/Os and 64 relays using just one PoE cable—no need for an extra network cable drop. This ensures a cost-effective installation and saves you time and effort. Plus, Modbus sensor ports let you integrate environmental sensors such as temperature and humidity sensors.",299,USD,Access,active
0821-001,"AXIS A9161 Network I/O Relay Module has 6 configurable I/Os with supervised inputs and a relay. The module reacts on inputs, such as signals from PIR motion detectors or switches, to trigger actions. Supplying power to I/O devices, it can extend the functionality of Axis products where additional I/Os or relays are needed. Its  enclosure makes installation easy and flexible. 

-6 I/Os and 1 form C relays
-12 and 24 V DC output/input or PoE+
-Based on Axis open plattforms, VAPIX and ACAP
-Used with AXIS Camera station or third-party software",319,USD,Switches,active
0820-001,"AXIS A9188 Network I/O Relay Module is an intelligent module with 8 configurable I/Os and 8 form C relays and supports supervised inputs. Open API, including VAPIX, for software integration. High level of integration with AXIS A1001 Network Door Controller for elevator control for floor management etc. Supported by AXIS Video Hosting System, AXIS Camera Station and third party partner software. The module provides 12 and 24 V DC output to I/O devices and can extend the functionality of any Axis product where you need additional I/Os or relays. Powered by PoE+ or 12 and 24 V DC input",629,USD,Access,active
0831-001,"AXIS A9188-VE Network I/O Relay Module comes with AXIS T98A15-VE Surveillance Cabinet making it outdoor-ready, vandal-resistant, and UL294-approved. With its 8 configurable I/Os and relays, its open platform enables a high level of integration with AXIS A1001 Network Door Controller and other facility systems. 

-8 I/Os with supervised inputs and 8 form C relays
-UL294-approved with cabinet AXIS T98A15-VE Surveillance Cabinet
-12 and 24 V DC output/input or PoE+
-Open API, support for VAPIX, ACAP
-Used with AXIS Camera station or third-party software",949,USD,Access,active
02026-001,"AXIS A8207-VE Network Video Door Station combines a fully featured 6MP security camera with high-quality, two-way audio communication and remote entry control. It also has an integrated RFID access control reader. By providing both surveillance, visitor management, and employee accessibility, AXIS A8207-VE increases the efficiency while keeping down the number of devices at the door. Analytics, such as motion or sound-based detection, is supported. Based on open standards and with several hardware interfaces, AXIS A8207-VE easily integrates with other systems and solutions and is prepared for future needs. Interaction is intuitive and accessible, with an inductive loop for hearing aid.",1689,USD,Access,active
01995-001,"AXIS I8016-LVE Network Video Intercom is a compact and highly robust network intercom for two-way communication, video and remote entry control. with exceptional audio quality, including echo and noise cancellation, and a 5MP camera with invisible IR night vision and 140° FOV, the unit offers reliable 24/7 identification and remote entry control also in the most demanding situations. Based on open IP standards and interfaces such as ONVIF, PoE and SIP, AXIS I8016-LVE Network Video Intercom offers great integration possibilities and is a perfect complement to any video surveillance system.",1269,USD,Audio and power accessories,active
02408-001,"AXIS I8116-E is a small and powerful network video intercom. It operates as a communication device and full-fledged security camera at the same time, providing 5MP video, audiovisual identification, two-way communication and remote entry control as an intrinsic part of video surveillance. Open standards such as ONVIF and Session Initiation Protocol (SIP) in combination with its small size, give unique opportunities for system design, integration and installation. Wide Dynamic Range (WDR) and efficient noise cancellation ensure uncompromised performance in demanding situations, such as strong backlight or surrounding noise.",949,USD,Audio and power accessories,active
02409-001,"AXIS I8116-E is a small and powerful network video intercom. It operates as a communication device and full-fledged security camera at the same time, providing 5MP video, audiovisual identification, two-way communication and remote entry control as an intrinsic part of video surveillance. Open standards such as ONVIF and Session Initiation Protocol (SIP) in combination with its small size, give unique opportunities for system design, integration and installation. Wide Dynamic Range (WDR) and efficient noise cancellation ensure uncompromised performance in demanding situations, such as strong backlight or surrounding noise.",949,USD,Audio and power accessories,active
02875-001,"With 92db SPL, this robust intercom delivers great audio quality with echo cancellation and noise reduction. 
It doesn’t include a camera, so privacy is always guaranteed. Featuring an anti-ligature design, IP66/IP69-rated and a vandal-resistant IK10-rated casing, makes this intercom a perfect fit in high security environments.",949,USD,Audio and power accessories,active
03109-001,"With 92db SPL, this robust intercom delivers great audio quality with echo cancellation and noise reduction. The orange color in RAL 2004 ensures high visibility for various safety application. 
IP66/IP69-rated and a vandal-resistant IK10-rated casing, makes this intercom a perfect fit in high security environments.",1059,USD,Audio and power accessories,active
02876-001,This cleanable intercom in a 2-gang form factor is the perfect fit for various indoor applications with high requirements for air cleanliness. With a certification for ISO 14644-14 grade 3-9 it suits applications within the pharmaceutical industry or clean rooms for example.,1269,USD,Access,active
02784-001,"AXIS I8307-VE Network Video Intercom combines a fully featured 8 MP security camera, two-way audio communication and a 7” touch display in one device. It also has an integrated RFID multi-frequency reader to integrate with other access control systems.",3399,USD,Access,active
03238-001,"7″ touchscreen answering unit with a wide viewing angle.
The I5304 White requires one of the three installation accessories:
Recessed Mount (03240-001), Wall Mount (03241-001) or Desk Stand (03242-001)",719,USD,Recorder accessories,active
03239-001,"7″ touchscreen answering unit with a wide viewing angle.
The I5304 Black requires one of the three installation accessories:
Recessed Mount (03240-001), Wall Mount (03241-001) or Desk Stand (03242-001)",719,USD,Recorder accessories,active
02144-001,"AXIS A4020-E Reader is designed to perfectly match Axis network door controllers and Axis credentials, 
Ideal for use in harsh environments both indoors and outdoors, it features a mullion-mount design to fit perfectly in narrow spaces and door frame installations. It supports most types of smart RFID card standards with 13.56MHz credential technologies and includes out-of-the-box support for Open Supervised Device Protocol (OSDP). Packed with built-in cybersecurity features, it helps prevent unauthorized access and safeguards your system. Furthermore, this smart reader supports Secure Communication Protocol (SCP) enabling secure communications and connections.

COO: European Community",229,USD,Access,active
02145-001,"AXIS A4120-E Reader with Keypad, offers secure and seamless entry, designed to perfectly match Axis network door controllers and Axis credentials. IP66, IK07 ratings for use in harsh environments and 
the intuitive touch keypad offers unlimited touches. It supports most types of smart RFID card standards with 13.56MHz technologies and includes out-of-the-box support for Open Supervised Device Protocol (OSDP) and Secure Channel Protocol (SCP).

COO: European Community",379,USD,Access,active
03072-001,"AXIS A4612 Network Bluetooth® Reader offers convenient access using your mobile phone. It supports most types of RFID card standards with 13.56MHz credentials. IP55-rated, ready for installation both indoors and outdoors. With PoE, you can connect to the closest network switch with a single cable for both power and connectivity- no need to wire back to the door controller.",499,USD,Switches,active
02524-001,"Single unit e-license for AXIS Barcode Reader

Convenient and cost-effective, AXIS Barcode Reader seamlessly turns Axis intercom or camera into a QR code reader for reliable credential or access control management. This IP- and AXIS Camera Application Platform (ACAP)-based application is fully integrated with AXIS Camera Station Secure Entry for reliable QR code entry for visitors. Visit www.axis.com for supported products and application download.

Delivered as eLicense key. One license key per unit. Note: eLicenses are non-cancellable, non-changeable and non-returnable.",209,USD,Software and licensing,active
5507-711,"The AXIS 4-in-1 Security Screwdriver Kit is a great tool for installing Axis products. The kit features two double-sided insert bits type that match Axis products using tamper resistant torx and standard philips head. The kit comes with a quick-release, non-slip rubber handle, and a velcro-sealed polyester pouch with belt clip. Insert bits material in chrome vanadium (TR10+PH1) and in stainless steel (TR20+TR30).",41,USD,Access,active
01687-001,"Accessory front window assembly in polycarbonate for AXIS Q1785/86-LE, IK10 rated. Not recommended for installation that requires more than 22x optical zoom.",63,USD,Access,active
5503-741,"M20 Gasket for cable diameter 3,5mm to 7mm. 10 pcs.",31,USD,Access,active
21776,Tool for steel strap tensioning. For use with 21764 and AXIS T91A67,145,USD,Access,active
01785-001,"IP66 cable gasket for M16 holes (max 17mm). By using the included CONNECTOR GUARD A over the RJ45 connector, you do not need to re-terminate the network cable which gives a much faster and more secure installation. Suitable for cable diameters between 5-8mm. Black color. 10 pieces (bulk pack).",31,USD,Access,active
5503-751,"M20 Gasket for cable diameter 6-13mm, 10 pcs.",31,USD,Access,active
5503-791,"M20 Gasket for cable 8-17mm, 10 pcs.",31,USD,Access,active
02277-001,"10 cable gaskets compatible with Q3819-PVE, Q1951-E, Q1952-E.  10 pcs of 2013186 GASKET CABLE 21,5x4 and 1 pcs of 1327329  TOOL MOUNTING RJ45 E1.",31,USD,Recorder accessories,active
5503-761,"M20 cable gland, 5 pcs.",10,USD,Access,active
5505-941,"This gasket is specially made for flexible and easy installation. By using the included CONNECTOR GUARD A over the RJ45 connector, you do not need to re-terminate the network cable wich gives a much faster and more secure installation.
Made for M20 holes and cables from 5 to 15mm in outer diameter. 10 pcs.",31,USD,Access,active
5506-421,M20 gasket for small cables like I/O and audio cables. 10 pcs,31,USD,Audio and power accessories,active
5503-831,"M25 Cable gland, 5 pcs.",31,USD,Access,active
5503-951,"M20 cable gland for RJ45. Ease of installation, no need of cutting the cable.",31,USD,Access,active
5504-551,"Optional lens for AXIS M3025-VE, 6mm. Including focus ring.",52,USD,Access,active
01960-001,"Accessory lens 6 mm, F1.9 with M12 thread and built in IR-cut filter for AXIS F1005-E and FA1105. Tool for removing the standard lens is included. 4 Pcs.",84,USD,Access,active
01961-001,"Accessory lens 16 mm, F1.8 with M12 thread and built in IR-cut filter for AXIS F1005-E and FA1105. Tool for removing the standard lens is included. 4 Pcs.",84,USD,Access,active
01780-001,"LENS M12 12MM F1.6 Q6100-E, Q6010-E",119,USD,Access,active
01781-001,LENS M12 25MM F2.4 4P Q6100-E,119,USD,Access,active
01812-001,LENS M12 16MM F1.8 Q6010-E Q6100-E,119,USD,Access,active
01813-001,LENS M12 6MM F2.0 Q6010-E Q6100-E,119,USD,Access,active
5507-121,Weathershield for AXIS P14 Series designed for use in rainy and windy environments.,41,USD,Access,active
01860-001,"Megapixel lens 2.8 mm, F1.2 with M12 thread for AXIS P3904-R Mk II and P3905-R Mk II cameras that provides 110° horizontal FOV and excellent low light performance. Coated with IR-cut filter. 10 pieces bulk pack.",229,USD,Cameras,active
5504-961,"Megapixel lens 6 mm, F1.6 with M12 thread for AXIS P39-R Series that provides 52° horizontal FOV with these cameras. With IR filter. 10 pieces.",229,USD,Cameras,active
5504-971,"Megapixel lens 8 mm, F1.6 with M12 thread for AXIS P39-R Series that provides 40° horizontal FOV with these cameras. With IR filter. 10 pieces.",229,USD,Cameras,active
5506-011,"Megapixel lens 3.6 mm, F2.0 with M12 thread for AXIS P39-R Series that provides 87° horizontal FOV with these cameras. With IR filter. 10 pieces. Can be used as a spare part for AXIS P39-R or as a wider FOV option for P3905-RE.",229,USD,Cameras,active
5901-371,"Megapixel lens 2.1mm, F2.2 with M12 thread for AXIS P39-R Series that provides 147° horizontal FOV with these cameras. With IR filter. 10 pieces. Lens tool included.",229,USD,Cameras,active
02006-001,"2.1 mm accessory lens, F1.8 with M12 thread, without IR-cut filter for day/night cameras with removable IR cut filter. Compatible with AXIS P3925-R and AXIS P3935-LR. 10 pcs. Lens tool included.",209,USD,Cameras,active
02007-001,"3.6 mm accessory lens, F1.8 with M12 thread, without IR-cut filter for day/night cameras with removable IR cut filter. Compatible with AXIS P3925-R and AXIS P3935-LR. 10 pcs. Lens tool included.",209,USD,Cameras,active
02008-001,"6.0 mm accessory lens, F1.9 with M12 thread, without IR-cut filter for day/night cameras with removable IR cut filter. Compatible with AXIS P3925-R and AXIS P3935-LR.  10 pcs. Lens tool included.",209,USD,Cameras,active
02009-001,"8.0 mm accessory lens, F1.8 with M12 thread, without IR-cut filter for day/night cameras with removable IR cut filter. Compatible with AXIS P3925-R and AXIS P3935-LR. 10 pcs. Lens tool included.",209,USD,Cameras,active
5503-161,"Barrel distortion corrected and IR corrected wideangle lens for cameras up to 5 mega pixel resolution. Compatible with e.g. AXIS M1114/-E, AXIS P1353/-E, P1354/-E, P1355/-E, P1357/-E, AXIS Q1602/-E, Q1604/-E, Q1614/-E, Q1615/-E.",329,USD,Cameras,active
5503-171,"Varifocal IR-corrected lens for cameras up to 5 mega pixel resolution. Compatible with e.g. AXIS M1114/-E, P1354/-E, P1355/-E, P1357/-E, Q1602/-E, Q1604/-E.",299,USD,Cameras,active
5504-901,"Varifocal IR-corrected P-iris tele lens compatible with AXIS AXIS P1355/-E, P1357/-E, AXIS Q1602/-E, Q1604/-E, Q1614/-E, Q1615/-E.",299,USD,Access,active
5800-791,"Varifocal IR-corrected lens with DC-Iris. Compatible with e.g. AXIS P1353/-E, P1354/-E. Axis Q1602/-E, Q1604/-E.",289,USD,Access,active
5800-801,"Varifocal IR-corrected lens with P-Iris. Compatible with e.g. AXIS Q1602/-E, Q1604/-E, Q1614/-E, Q1615/-E, AXIS P1355/-E, P1357/-E.",289,USD,Access,active
5901-101,Standard lens for AXIS Q1615 MkII with remote zoom based on the new standard i-CS.,259,USD,Access,active
5506-991,Varifocal IR-corrected lens with DC-Iris. For use with both C-mount and CS-mount cameras thanks to the included adapter. Compatible with e.g. AXIS Q1635.,369,USD,Recorder accessories,active
01577-001,Lens RICOM 2 MP DC-iris CS-Mount Varifocal 8-26MM F0.9. Recommended for AXIS Q1645/-LE.,579,USD,Recorder accessories,active
01690-001,"Varifocal IR-corrected 12-50 mm P-Iris lens for cameras up to 8 megapixel resolution and 1/1.8"" sensor . Compatible with e.g. AXIS Q1615/-LE MK II, AXIS Q1645/-LE, AXIS Q1647/-LE, AXIS P1377/-LE and P1378/-LE.",319,USD,Cameras,active
01727-001,"Varifocal IR-corrected 9-50 mm i-CS lens for cameras up to 8 megapixel resolution and 1/1.8"" sensor.
Motorized zoom, focus and P-iris. 
Compatible with e.g. AXIS Q1645/-LE, AXIS Q1647/-LE, AXIS P1377/-LE and P1378/-LE.",479,USD,Cameras,active
01576-001,Spare varifocal i-CS lens for AXIS Q1645/-LE and AXIS Q1647/-LE.,319,USD,Access,active
01775-001,Tamron varifocal CS mount lens with DC-Iris and focal length 2.8 – 13 mm F1.4. It supports cameras up to 5 megapixels and is compatible with selected cameras from AXIS M11 Network Camera Series.,84,USD,Recorder accessories,active
02219-001,"4 pack of outdoor-ready skin covers compatible with AXIS M3077-PLVE for changing the appearance of the camera, simplify re-painting and covering screws. Black color. 4 pcs per pack.",94,USD,Cameras,active
01774-001,Ricom varifocal CS mount lens with DC-Iris and focal length 3 - 10.5 mm F1.4. It supports cameras up to 2 megapixels and is compatible with selected cameras from AXIS M11 Network Camera Series.,73,USD,Recorder accessories,active
5502-661,Axis accessory lens cloth. 10 pack,52,USD,Access,active
5502-721,Axis accessory lens cloth. 50 pack,199,USD,Access,active
5502-811,Axis branded sticker showing a Camera.  Text: Video surveillance in operation,9,USD,Cameras,active
5502-821,Axis branded sticker showing a Camera.  Text: Video surveillance in operation,63,USD,Cameras,active
01551-001,Axis branded sticker showing a radar detection illustration. Text: Radar detection in operation,9,USD,Access,active
5504-881,"Heavy duty outdoor weathershield for wall mounted AXIS fixed dome cameras. Designed to protect the dome from rain, snow and sun. The underside of the cover is coated with matte black anti-reflective coating, for suitable use with camera's built-in IR LEDs.",73,USD,Recorder accessories,active
5801-901,"850nm IR LED illuminator kit compatible with AXIS T99A Positioning Units for visual cameras. Kit includes one pair of IR illuminators, one metal mounting bracket, and three different diverging lenses. Note: this is the same illuminator kit as used in AXIS Q8685-LE PTZ Network Camera.",2069,USD,Recorder accessories,active
01181-001,"Bracket kit for installing a pair of compatible illuminators to Axis positioning cameras and positioning units. Designed for use with AXIS Q8685-E and AXIS T99A10. Compatible with selected T90 white-LED and IR-LED illuminators. Includes fitting brackets, illuminator connectors, screws, washers, cable glands and cable ties. Illuminators sold separately.",229,USD,Recorder accessories,active
5507-701,"Washer kit for spraying cleaning fluid on the windows of AXIS positioning cameras and positioning units. The kit contains a 23 litre tank, pump for delivery up to 11m (36ft), tube, nozzle and custom-made mounting bracket for the nozzle.",1139,USD,Recorder accessories,active
02241-001,"Washer kit for spraying cleaning fluid on the windows of AXIS positioning cameras and positioning units. The kit contains a 23 litre tank, pump for delivery up to 11m (36ft), tube, nozzle and custom-made mounting bracket for the nozzle.  This washer kit compatible with Q6215 and as well requires seperate ordering of T6101 I/O since Q6215 does not have I/O.",1259,USD,Recorder accessories,active
5801-121,Bird control spikes made of flexible UV-resistant polymer preventing birds from landing on cameras or mounts. Each module has five spikes and can be mounted on flat or curved surfaces using the pre-mounted adhesive or cable ties (not included). The modules can be connected lengthwise and/or widthwise to cover a larger area. 10 pcs.,41,USD,Recorder accessories,active
5801-971,"Stainless steel safety wire 3 m (10 ft) long, with a fixed loop in one end and an adjustable loop with a plated brass wire lock in the other. Suitable for both indoor and outdoor use.",52,USD,Access,active
01552-001,Black cable with RJ12 and micro USB connectors for indoor Sensor Units. Length 1 m (39 in.) 4 pcs.,31,USD,Access,active
5506-821,AXIS F7315 comes in packs of four. 15-m (49 ft.) white cable with an RJ12 connector for connection to an AXIS F1004 Sensor Unit or AXIS FA-series sensors.,119,USD,Access,active
01692-001,"AXIS P13 Weathershield Extension A for AXIS P1375-E. For mounting on AXIS P13 Series camera providing additional protection against rain, snow and sunlight.",52,USD,Recorder accessories,active
01793-001,"M12 D-Code 4-pin (Female) to RJ45 (Male) Ethernet cable, CAT5E. Length: 0.5m (1.6ft). Cable outer diameter: 6.2mm (0.25""). Color: Black. Outdoor UV and sunlight resistant. Tested operational for shock and vibration according to requirements for rolling stock and ground vehicle installations. Compatible with all Axis network video products with female RJ45 Ethernet port 802.3af and 802.3at (up to 30W).",52,USD,Access,active
02061-001,weathershield extension over M1135/37-E where entire top cover kit not wanted (TM1802),52,USD,Access,active
02256-001,"AXIS TV5901 Control Board Adapter is a cable to connect AXIS V5925 and AXIS V5938 to joystick, keypad and other controllers supporting VISCA protocol.",41,USD,Controllers,active
02458-001,Adapter bracket that allows Axis P56-series to be connected to Q6100.  The material is PC+ABS Cycoloy C6600 GY8D352 and comes in Axis White.,52,USD,Recorder accessories,active
02098-001,"AXIS TD4801 Sunshield is the perfect accessory for when AXIS D4100-E Network Strobe Siren is used in conditions where sunlight would shine directly on the device. It is easy to mount, without the need to take AXIS D4100-E down. The accessory comes in a 4 pack.",94,USD,Alarms,active
02691-001,"Additional protective ring for AXIS Q6215-LE and AXIS Q6225-LE.  The purpose of it is to stop rain, melt water, sleet and snow from entering the gap between the moving parts in sub-zero environments, preventing the pan axle to be frozen solid. Pan movement protection instead. Protects against water, and large pieces from entering the gap.",41,USD,Access,active
02478-001,"AXIS TP3818-E Casing Black, is a black casing and is offered as an optional accessory for AXIS P4705-PLVE and P4707-PLVE. Does not include dome.",52,USD,Cameras,active
02250-001,"AXIS TU6004-E Cable 8m is a 8m (26ft) cable used for the 2nd generation F-series. It has rugged connectors. A FAKRA connector on one side (connecting to the F91 main units) and a SMA connector on the other side (connecting to the F21, F72 and F4105-LRE sensors). 
AXIS TU6004-E Cable 8m is outdoor rated and complies with IP66 and IP6K9K. It has a 5mm (0,2 in) diameter and a 40mm (1,6 in) bending radius.
AXIS TU6004-E Cable 8m can be shorten and re-crimped on the FAKRA side only thanks to AXIS TU6003 Conn kit FAKRA, 10P (sold separately).",29,USD,Access,active
02252-001,"AXIS TU6004-E cable 30m is a 30m (98ft) cable used for the 2nd generation F-series. It has rugged connectors. A FAKRA connector on one side (connecting to the F91 main units) and a SMA connector on the other side (connecting to the F21, F72 and F4105-LRE sensors). 
AXIS TU6004-E Cable 30m  is outdoor rated complying with the IP66 and IP6K9K standards. It has a 5mm (0,2 in) diameter and a 40mm (1,6 in) bending radius.
AXIS TU6004-E Cable 30m can be shorten and re-crimped on the FAKRA side only thanks to AXIS TU6003 Conn kit FAKRA, 10P (sold separately).",99,USD,Access,active
02249-001,"AXIS TU6004-E Cable 1m 4P is a bulk pack of 4x 1m (3ft) cables used for the F-series. TU6004-E Cable 1m has rugged connectors. A FAKRA connector on one side (connecting to the F91 main units) and a SMA connector on the other side (connecting to the F21, F72 and F4105-LRE sensors). 
AXIS TU6004-E Cable 1m is outdoor rated and complies with the IP66 and IP6K9K standards. It has a 5mm (0,2 in) diameter and a 40mm (1,6 in) bending radius.
AXIS TU6004-E Cable 1m can be shorten and re-crimped on the FAKRA side only thanks to AXIS TU6003 Conn kit FAKRA 10P (sold separately).",59,USD,Access,active
02251-001,"AXIS TU6004-E Cable 8m 4P is a bulk pack of 4x 8m (26ft) cables used for the F-series. TU6004-E Cable 8m has rugged connectors. A FAKRA connector on one side (connecting to the F91 main units) and a SMA connector on the other side (connecting to the F21, F72 and F4105-LRE sensors).
AXIS TU6004-E Cable 8m is outdoor rated and complies with the IP66 and IP6K9K standards. It has a 5mm (0,2 in) diameter and a 40mm (1,6 in) bending radius.
AXIS TU6004-E cable 8m can be shorten and re-crimped on the FAKRA side only thanks to AXIS TU6003 Conn kit FAKRA, 10P (sold separately).",99,USD,Access,active
02266-001,"AXIS TU6005 Plenum Cable 8m is a 8m cable (26ft) used for the 2nd generation) F-series. It has rugged connectors. A FAKRA connector on one side (connecting to the F91 main units) and a SMA connector on the other side (connecting to the F21, F72 and F4105-LRE sensors).
AXIS TU6005 Plenum Cable 8m is indoor plenum rated cable. It has a 4mm (0,16 in) diameter and a 32mm (1,3 in) bending radius.
AXIS TU6005 Plenum Cable 8m can be shorten and re-crimped on the FAKRA side only thanks to AXIS TU6006 Conn kit FAKRA 10P (sold separately).
AXIS TU6005 Plenum Cable 8m is only available for the US market.",99,USD,Access,active
02267-001,"AXIS TU6005 Plenum Cable 20m is a 20m (65 ft) cable used for the 2ng generation F-series. It has rugged connectors. A FAKRA connector on one side (connecting to the F91 main units) and a SMA connector on the other side (connecting to the F21, F72 and F4105-LRE sensors).
AXIS TU6005 Plenum Cable 20m is indoor plenum rated cable. It has a 4mm (0,16 in) diameter and a 32mm (1,3 in) bending radius.
AXIS TU6005 Plenum Cable 20m can be shorten and re-crimped on the FAKRA side only thanks to AXIS TU6006 Conn kit FAKRA 10P (sold separately).
AXIS TU6005 Plenum Cable 20m is only available for the US market.",199,USD,Access,active
02470-021,"AXIS TU6002 Right Angle SMA ADP 10p is a bulk pack of 10x 90° angle angle adapters. The accessory is an accessory of the AXIS F21 sensors. The 90° angle adapter helps installing a sensor in tight space without bending AXIS TU6004, AXIS TU6007 and AXIS TU6005 cable and potentially damaging it.",99,USD,Access,active
02468-021,"AXIS TU6003 Conn Kit FAKRA 10p is a bulk pack of 10x replacement FAKRA connectors. In this kit, you have all the necessary accessories to re-crimp AXIS TU6004-E Cable with the new FAKRA connector. AXIS TU6004-E Cable can only be cut and re-crimped on the FAKRA connector end.",39,USD,Cameras,active
02469-021,AXIS TU6006 Conn Kit FAKRA 10p is a bulk pack of 10x replacement FAKRA connectors for AXIS TU6005 Plenum Cable. It gives all the necessary accessories to re-crimp AXIS TU6005 Plenum Cable with the new FAKRA connector. AXIS TU6005 Plenum Cable can only be cut and re-crimped on the FAKRA connector end.,39,USD,Cameras,active
02795-021,AXIS TU6009 Conn 6-pin is a male connector for I/O port . Pitch: 2.50 mm. 6pos terminal block. 10pack,28,USD,Access,active
02794-021,AXIS TU6008 Conn 5-pin is a male connector for RS port . Pitch: 2.50 mm. 5pos terminal block. 10pack,24,USD,Access,active
02854-001,Adapter bracket that allows Axis P5676-LE to be connected to Q6100. The material is PC+ABS Cycoloy C6600 GY8D352 and comes in Axis White.,52,USD,Recorder accessories,active
02647-001,"Wireless USB dongle for AXIS M1075-L Box Camera.
This allows the camera to communicate with 2.4 GHz and 5 GHz frequency. The wireless adapter supports 802.11ac/b/g/n. Requires PoE injector to power the camera.",41,USD,Power Supply,active
02793-001,"AXIS TU6007-E Cable 1m 4P is a bulk pack of 4x 1m (3ft) thin cables used for the 2nd generation F-series. AXIS TU6007-E Cable 1m has rugged connectors. A FAKRA connector on one side (connecting to the F91 main units) and a SMA connector on the other side (connecting to the F21, F72 and F4105-LRE sensors).
AXIS TU6007-E Cable 1m is indoor/outdoor rated and complies with the IP66 standard. It has a 3mm (0,1 in) diameter with a 30mm bending radius.
This cable is ideal when used in very tight spaces and when the cable needs to be bended.",43,USD,Access,active
02790-001,"AXIS TU6007-E Cable 8m is a 8m (26ft) thin cable used for the 2nd generation F-series. AXIS TU6007-E Cable 8m has rugged connectors. A FAKRA connector on one side (connecting to the F91 main units) and a SMA connector on the other side (connecting to the F21, F72 and F4105-LRE sensors).
AXIS TU6007-E Cable 8m is indoor/outdoor rated and complies with the IP66 standard. It has a 3mm (0,1 in) diameter with a 30mm bending radius.
This cable is ideal when used in very tight spaces and when the cable needs to be bended.",19,USD,Access,active
02791-001,"AXIS TU6007-E Cable 8m 4P is a bulk pack of 4x 8m (26ft) thin cables used for the 2nd generation F-series. AXIS TU6007-E Cable 8m has rugged connectors. A FAKRA connector on one side (connecting to the F91 main units) and a SMA connector on the other side (connecting to the F21, F72 and F4105-LRE sensors).
AXIS TU6007-E Cable 8m is indoor/outdoor rated and complies with the IP66 standard. It has a 3mm (0,1 in) diameter with a 30mm bending radius.
This cable is ideal when used in very tight spaces and when the cable needs to be bended.",66,USD,Access,active
02528-001,AXIS TS3901 Rail Extensions allow AXIS S3016 Recorder to be mounted in deep server racks with a post to post distance between 499mm (19.6in) and 690mm (27.1in). No rails extensions are needed for a post to post distance between 376mm (14.8in) and 499mm (19.6in). Each rail extension is composed of two parts which replace two segments of the original rails provided with AXIS S3016 Recorder.,33,USD,Recordings,active
02867-004,AXIS TU6011 Mains Cable is compatible with AXIS TU8004 90 W Midspan. It comes with a country specific power cord and plug.,20,USD,Power Supply,active
02867-024,AXIS TU6011 Mains Cable is compatible with AXIS TU8004 90 W Midspan. It comes with a country specific power cord and plug. 10 pcs package.,189,USD,Power Supply,active
03074-001,"Megapixel lens 2.8 mm, F1.2 with M12 thread for AXIS P3905-R Mk III and AXIS M3905-R cameras. It provides that provides 110° horizontal FOV and excellent low light performance. Coated with IR-cut filter. 10 pieces bulk pack.",229,USD,Cameras,active
02842-001,"Accessory front window kit compatible with: AXIS Q1805-LE, AXIS Q1806-LE.  Includes 4 TX10 screws and window assembly.  Includes window front that TQ1929-E doesnt have.",105,USD,Access,active
02844-001,"Accessory Window Kit compatible with AXIS Q1808-LE 150 mm.  Includes IR window, adhesive window, and optical window.",159,USD,Access,active
02206-001,"Mounting adapter bracket for AXIS Q6074-E, AXIS Q6075-E, AXIS Q6078-E.",20,USD,Recorder accessories,active
02207-001,"Mounting adapter bracket for: AXIS Q6135-LE, AXIS Q6315-LE, AXIS Q6318-LE.",20,USD,Recorder accessories,active
03137-001,"Accessory Lens M14 7.6 mm F2.0 IR 4 pcs compatible with: AXIS Q6020-E, AXIS Q6300-E",159,USD,Access,active
03140-001,"Accessory Lens M14 14.1 mm F2.0 IR 4 pcs compatible with: AXIS Q6020-E, AXIS Q6300-E",199,USD,Access,active
03141-001,"Accessory Lens M14 21.4 mm F2.0 IR 4 pcs compatible with: AXIS Q6020-E, AXIS Q6300-E",199,USD,Access,active
03142-001,"Accessory Lens M14 30.8 mm F2.4 IR 4 pcs compatible with: AXIS Q6020-E, AXIS Q6300-E",219,USD,Access,active
03278-001,"Kit for making a stand-alone AXIS Q6020-E installation without PTZ camera inside. Includes a metal cover lid, IP66-rated RJ45 push-pull connector, and a connector plug. Use this kit together with an AXIS Q6020-E network camera (not included) and a midspan (not included).",105,USD,Power Supply,active
03007-001,Sunshield for AXIS D4200-VE Network Strobe Speaker for outdoor environments and to protect against strong direct sunlight.,52,USD,Audio and power accessories,active
03149-001,"High-performance 2 MP dome camera with AI analytics. 
Excellent image quality thanks to Forensic WDR, Lightfinder 2.0 and Optimized IR.
Robust, vandal-secure IP54/IK10 polycarbonate indoor casing
Varifocal 3.4-9.8 mm P-iris lens with remote zoom and focus.
Multiple, individually configurable streams, AV1/H.264/H.265 with zipstream in up to 2MP @ 60fps.
Audio support from 3.5mm audio input, portcast and Edge-to-edge. Supervised digital input and output.
Case-open sensor
Axis Edge Vault with FIPS 140-3 level 3 certified. Support for SD card storage.
Advanced AI analytics for object classification, counting, masking and more.
Powered by IEEE 802.3af/802.3at Type 1 Class 3.",679,USD,Audio and power accessories,active
0344-001,"Protective camera housing for P13XX, M11XX, Q16XX and Q1755.  Die cast aluminum casing and wallbracket,  polycarbonate sunshield. The housing is IP66-, Nema 4X rated and IK10 impact-resistant. Sunshield,  wallbracket and screwdriver included.",229,USD,Recorder accessories,active
0433-001,"Outdoor PoE camera housing with window-/camera heaters and fan for P13XX, M11XX, Q16XX and Q1755.  Die cast aluminum casing and wallbracket,  polycarbonate sunshield. The housing is IP66-, Nema 4X-, Vibration 4M3 rated and IK10 impact-resistant. Sunshield,  wallbracket and screwdriver included.",379,USD,Recorder accessories,active
5801-531,"Metal camera housings with heater and blower for Axis Network Cameras. Weathershields included. Housings can be powered with 24VAC. 6-piece pack.
Required accessory: AXIS T94X01A Wall Mount 6PCS (sold separately) 
Optional accessory: AXIS T94Y01G Pole Mount 6PCS (sold seperately)",739,USD,Recorder accessories,active
02322-001,"Outdoor PoE+ camera housing with IR illumination, window & camera heaters, and fan. Compatible with 
AXIS P1375, AXIS P1377, AXIS P1378, AXIS Q1615 Mk III, AXIS Q1615-LE Mk III, AXIS Q1645, AXIS Q1647, AXIS Q1715.  Polycarbonate sunshield, aluminum wall mount and torx screwdriver included.",689,USD,Recorder accessories,active
5507-681,"Outdoor camera housing for Axis cameras with EF lenses (e.g.:Q1656, Q1656-B, P1375, P1377, P1378). Made of IK10 impact resistant thermoplastic with dual-layer UV protection. IP66, NEMA 4X rated and UL listed. Powered by 24 VDC (power supply not included). Heavy duty wall mount included.",1479,USD,Power Supply,active
5901-471,"Extension kit to allow mounting of longer lenses in AXIS T93C10 Outdoor Housing (e.g.: compatible with AXIS Q1659 55-250 mm). Includes built-in sunshield and front window. The extension kit provides an extra space of 80mm in length within the housing, giving a total length of 380mm for the camera and lens. The part of the lens within the extension kit can have maximum diameter of 75mm.",119,USD,Recorder accessories,active
5900-261,"Fixed box protective camera housing made of IK10 impact resistant and UV resistant polymer. IP66, NEMA 4X rated and UL listed. Compatible with AXIS P13 Series and AXIS Q16 Series. AXIS T94Q01A Wall mount included.",179,USD,Recorder accessories,active
5900-271,"Fixed box outdoor camera housing made of IK10 impact resistant and UV resistant polymer. IP66, NEMA 4X rated and UL listed. Powered by 24 V AC or 12-24 V DC.  Compatible with AXIS P13 Series, AXIS Q16 Series, and M11 Series. AXIS T94Q01A Wall mount included. AXIS P1353/P1354/P1355/P1357 and AXIS Q1604/Q1614: -40 ºC to 50 ºC (-40 ºF to 122 ºF) AXIS P1365 and AXIS Q1615/Q1635: -40 ºC to 55 ºC (-40 ºF to 131 ºF). AXIS Q1645/Q1647: -40 ºC to 40 ºC (-40 ºF to 104 ºF) AXIS M1124/M1125: -40 °C to 55 °C (-40 ºF to 131 ºF)",269,USD,Recorder accessories,active
5900-281,"Fixed box outdoor camera housing made of IK10 impact resistant and UV resistant polymer. IP66, NEMA 4X rated and UL listed. Powered by PoE IEEE802.3af. Compatible with AXIS P13 Series, AXIS Q16 Series and M11 Series. AXIS T94Q01A Wall mount included.  Temperature range: AXIS P1353/P1354/P1355/P1357 and AXIS Q1604/Q1614: -40 ºC to 50 ºC (-40 ºF to 122 ºF),  AXIS P1365 and AXIS Q1615/Q1635: -40 ºC to 55 ºC (-40 ºF to 131 ºF), AXIS Q1645/Q1647: -40 ºC to 40 ºC (-40 ºF to 104 ºF), AXIS M1124/M1125: -40 °C to 55 °C (-40 ºF to 131 ºF).",269,USD,Recorder accessories,active
5504-941,Accessory sunshield and weather protection for AXIS T93F Housing Series,52,USD,Access,active
5900-151,"IP66, IK10 and NEMA 4X rated outdoor-ready surveillance cabinet. Protects accessory devices such as power supply, media converter, midspan and fuse from tough weather and vandalism.  Mounting bracket for wall, DIN-rail, device mounting bracket and Electrical safety cover is included.",349,USD,Power Supply,active
5900-161,"IP66, IK10 and NEMA 4X rated outdoor-ready surveillance cabinet. Protects accessory devices such as power supply, media converter, midspan and fuse from tough weather and vandalism. The camera is mounted on the door of the cabinet. Mounting bracket for wall, DIN-rail, device mounting bracket and Electrical safety cover is included. Compatible cameras: AXIS M111X-E, P13XX-E, Q16XX-E, Q1755-E, Q191X-E Q192X-E.",359,USD,Power Supply,active
5900-171,"IP66, IK10 and NEMA 4X rated outdoor-ready surveillance cabinet. Protects accessory devices such as power supply, media converter, midspan and fuse from tough weather and vandalism. The camera is mounted on the door of the cabinet. Mounting bracket for wall, DIN-rail, device mounting bracket and Electrical safety cover is included. Compatible cameras: AXIS P33-VE/-LVE.",359,USD,Power Supply,active
5900-181,"IP66, IK10 and NEMA 4X rated outdoor-ready surveillance cabinet. Protects accessory devices such as power supply, media converter, midspan and fuse from tough weather and vandalism. The camera is mounted on the door of the cabinet. Mounting bracket for wall, DIN-rail, device mounting bracket and Electrical safety cover is included. Compatible products: AXIS T91B61 Wall bracket for use with AXIS P55, P56, Q60 and Q61-series or fixed dome pendant kits.",359,USD,Power Supply,active
5900-321,"IP66, IK10 and NEMA 4X rated outdoor-ready surveillance cabinet. Protects accessory devices such as power supply, media converter, midspan and fuse from tough weather and vandalism. The camera is mounted on the door of the cabinet. Mounting bracket for wall, DIN-rail, device mounting bracket and Electrical safety cover is included. Compatible products: AXIS P5414-E/15-E.",359,USD,Power Supply,active
5503-551,"Metal sunshield for AXIS T98A-VE Surveillance Cabinet series. Reduces the temperature inside the cabinet, caused by sun radiation, with up to 15°C (27°F).",159,USD,Access,active
5505-651,Door lock for AXIS T98A surveillance cabinet. Uses a generic key but it is possible to change locking cylinder to a unique key solution (not supplied from Axis),73,USD,Access,active
5504-931,"The corridor format bracket makes it possible to mount a camera rotated 90 degrees inside the AXIS T93F05 and AXIS T93F20 housings to enable a vertically oriented, ""portrait""-shaped video stream from the camera. Includes built-in camera heater (only applicable when mounted in AXIS T93F20).",52,USD,Recorder accessories,active
5506-381,"The corridor format bracket makes it possible to mount a camera rotated 90 degrees inside the AXIS T93F10 housing to enable a vertically oriented, ""portrait""-shaped video stream from the camera. Included with built-in camera heater.",52,USD,Recorder accessories,active
5505-331,Camera holder plate for mounting an AXIS Q1614 in a AXIS T92E05 and AXIS T92E20 housing. Or change the camera unit inside an AXIS P135X-E outdoor camera.,31,USD,Recorder accessories,active
5505-341,Kit for mounting an AXIS Q1614 in a AXIS T92E05/AXIS T92E20 housing produced before 2014. Or change the camera unit inside an AXIS P134X-E outdoor camera.,52,USD,Recorder accessories,active
02359-001,"IP66, IK10 and NEMA 4X rated outdoor-ready surveillance cabinet. Protects accessory devices such as power supply, media converter, and midspan from tough weather and vandalism. Mounting bracket for wall, DIN-rail, device mounting bracket and Electrical safety cover is included.  Similar to T98A15 but door is deeper by 4'' allowing door to be shut with power supply and switch in it.",409,USD,Switches,active
02672-001,"AXIS TP3826-E housing is an outdoor housing for selected AXIS M39 and P39 cameras. It enables the cameras to be mounted outside vehicles such as buses, trams, trucks or emergency vehicles.",119,USD,Recorder accessories,active
03085-001,"IP66, IK10 and NEMA 4X rated outdoor-ready surveillance cabinet. Protects accessory devices such as power supply, media converter, and midspan from tough weather and vandalism. Mounting bracket for wall, DIN-rail, device mounting bracket and Electrical safety cover is included. Similar to T98A17 compatible with dome, fixed, thermal cameras but door is deeper by 4'' allowing door to be shut with power supply and switch in it.",489,USD,Switches,active
03047-001,"Robust outdoor housing with built-in wiper, for use with AXIS Q17 Series block cameras and AXIS P13 Series box cameras and other selected box cameras. Carbon nanotube window heater, Built-in camera heater and fan, withstands hurricane-force of more than 60m/s (134 mph). IP66, IP67, NEMA 4X and IK10-rated, including IK10-rated glass for high-impact resistance. Open casing intrusion detection. Support for optional IR illuminator kits and corridor format. Powered by IEEE 802.3af Type2 Class 4 (PoE+) or 10-28 V DC power with redundancy. RJ45 connection or optional IDC punch connector. Arctic Temperature Control for start-up and operating in -40°C to +60°C (-40 ºF to 140 ºF). Includes removable sunshield, wall bracket and cable glands. Midspan or power supply not included.",689,USD,Power Supply,active
03048-001,"Robust outdoor housing, for use with AXIS Q17 Series block cameras and AXIS P13 Series box cameras and other selected box cameras. Carbon nanotube window heater, Built-in camera heater and fan, withstands hurricane-force of more than 60m/s (134 mph). IP66, IP67, NEMA 4X and IK10-rated, including IK10-rated glass for high-impact resistance. Open casing intrusion detection. Support for optional IR illuminator kits and corridor format. Powered by IEEE 802.3af Type2 Class 4 (PoE+) or 10-28 V DC power with redundancy. RJ45 connection or optional IDC punch connector. Arctic Temperature Control for start-up and operating in -40°C to +60°C (-40 ºF to 140 ºF). Includes removable sunshield, wall bracket and cable glands. Midspan or power supply not included.",549,USD,Power Supply,active
5507-441,Viewing protector that makes it harder to see where the camera is aiming. For use when the camera is used without dome. 5 pcs.,52,USD,Cameras,active
01463-001,"4-pack. Outdoor-ready skin covers compatible with AXIS M3057/58-PLVE cameras for changing the appearance of the camera, simplify re-painting and covering screws. Black color.",94,USD,Cameras,active
5507-431,Black accessory casing for AXIS M3044-V/45-V/46-V. Replaces the white original casing. 5 pcs.,94,USD,Access,active
01608-001,Smoked dome with anti-scratch hard coating. Compatible with AXIS M42 series. 4x domes per pack.,94,USD,Cameras,active
02236-001,"A white metal casing for indoor/outdoor use that is compatible with:  M3205-LVE, M3206-LVE,  P3245-LVE, P3245-VE,  P3247-LVE, AXIS P3248-LVE.  It is IK 10/IP66, has a 3/4 conduit entry and is easy to install.  This casing targeted for corrections and other segments that require a tough metal casing.",229,USD,Access,active
5506-161,Spare part skin covers for the AXIS P56 Series. Both the camera cover and the ring around the dome are included. 5 pcs.,149,USD,Cameras,active
5507-421,Smoked dome for AXIS M3044-V/45-V/46-V SM DOME. 5 pcs.,119,USD,Cameras,active
5801-411,Black accessory casing for AXIS M3104-LV/5-LV/6-LV. Replaces the white original casing. 5 pcs.,94,USD,Access,active
5800-761,Smoked dome for AXIS P54-series.,63,USD,Cameras,active
5506-151,Smoked dome for AXIS P56 Series cameras.,63,USD,Cameras,active
01183-001,Smoked dome with anti-scratch hard coating. Compatible with AXIS Q3517-LV/-LVE. 5x domes per pack.,209,USD,Cameras,active
5801-501,Smoked dome with anti-scratch hard coating. Compatible with AXIS P38 and AXIS Q36 series.,63,USD,Cameras,active
02401-001,"Standard clear dome with anti-scratch hard coating. Compatible with AXIS Q6074, 75, 78-E cameras. Weather-resistant and chemical-resistant. Replacement dome only.",73,USD,Cameras,active
02576-001,Accessory clear dome with special hydrophilic coating. Helps to prevent water droplets from covering the dome in rainy conditions. The coating also provides a self-cleaning effect that helps carry away dirt and dust by rain-wash. Compatible with Q6315-LE.,189,USD,Cameras,active
5504-791,Smoked dome in a special nylon blend with superior stress and chemical resistance. Compatible with AXIS Q604x-S and Q6055-S cameras. Single-pack.,94,USD,Cameras,active
01854-001,4 Pack black casing to change the appearance of the product.,73,USD,Access,active
01744-001,Cover top black casing for M3067/68 4P.,73,USD,Access,active
01745-001,SMOKE DETECTOR CASING - COVER TOP ASS SMOKE M3067/68,73,USD,Alarms,active
01746-001,Vandal Casing COVER TOP ASS DOME M304X-PV.,94,USD,Cameras,active
01918-001,4P Black casing for M3115/6 LVE. Black accessory casing that replaces the white original casing for changing the appearance of the camera.,94,USD,Cameras,active
02334-001,"4 pack of outdoor-ready skin covers compatible with AXIS M4308-PLE for changing the appearance of the camera, simplify re-painting and covering screws.  Black color. 4 pcs per pack.",73,USD,Cameras,active
02578-001,"4 Pack black casing to change the appearance of the product.  Compatible with M3085-V, M3086-V, M3088-V.",73,USD,Access,active
01623-001,Accessory black casing for selected AXIS P32 indoor cameras. 4pcs bulk pack.,94,USD,Cameras,active
01626-001,Accessory black casing for selected AXIS M32 and P32 outdoor cameras. Pre-assembled with anti-loss screws. 4pcs bulk pack.,119,USD,Cameras,active
01624-001,Smoked dome with anti-scratch hard coating. Compatible with selected AXIS P32 indoor cameras. 4pcs bulk pack.,119,USD,Cameras,active
01627-001,Smoked dome with anti-scratch hard coating. Compatible with selected AXIS M32 and P32 outdoor cameras. 4pcs bulk pack.,139,USD,Cameras,active
02005-001,4 pack black dome cover for AXIS P3925-R. Replaces the standard white dome cover.,229,USD,Cameras,active
02004-001,4 pack black dome cover for AXIS P3935-LR. Replaces the standard white dome cover.,229,USD,Cameras,active
02237-001,"A ventless metal casing for P3717/19-PLE and following products.  USP 797/800 has very strict cleaning requirements for Hazardous, non-Hazardous and Ante rooms in an infusion or inpatient pharmacy setting. Ventless metal casing allows cleaning agent to wipe down the cameras easily..

It is easy to install in a fast way and is IK9/IP66 rated.",149,USD,Cameras,active
02244-001,Accessory black dome casing for AXIS P3727-PLE.  The dome and casing are included.,94,USD,Cameras,active
02391-001,"Smoked dome for AXIS P3717-PLE, AXIS P3719-PLE, AXIS P3727-PLE. The smoked dome can replace the clear dome delivered with the camera.",73,USD,Cameras,active
02357-001,"Accessory casing compatible with AXIS P3818-PVE. Includes anti loss screws, weather cover, cover lid, and cover top.",149,USD,Access,active
02355-001,Black accessory casing for AXIS P3807-PVE. Replace the original white casing to change the appearance of the camera. Sold in packs of 4.,219,USD,Cameras,active
02492-001,"Accessory black casing for AXIS P3265-LV, V. 4pcs bulk pack.",94,USD,Access,active
02496-001,Accessory black casing for AXIS P3265-LVE 9 mm. Pre-assembled with anti-loss screws. 4pcs bulk pack.,119,USD,Access,active
01820-001,"Accessory clear dome with special hydrophilic coating. Helps to prevent water droplets from covering the dome in rainy conditions. The coating also provides a self-cleaning effect that helps carry away dirt and dust by rain-wash. Compatible with AXIS P3807-PLE, AXIS Q3615-VE  and AXIS Q3617-VE. Single pack",119,USD,Cameras,active
02498-001,"Accessory black casing for AXIS P3265-LVE 22 mm, P3267-LV, P3267-LVE,  P3268-LV, P3268-LVE.  
Pre-assembled with anti-loss screws. 4pcs bulk pack.",119,USD,Access,active
02356-001,"Accessory casing compatible with Q3819-PVE.  Includes anti loss screws, weather cover, cover lid, and cover top.",149,USD,Access,active
02512-001,"Smoked dome with anti-scratch hard coating. Compatible with AXIS Q3536-LVE, AXIS Q3538-LVE. 5x domes per pack.",229,USD,Cameras,active
01817-001,"Accessory clear dome with special hydrophilic coating. Helps to prevent water droplets from covering the dome in rainy conditions. The coating also provides a self-cleaning effect that helps carry away dirt and dust by rain-wash. Compatible with selected cameras from AXIS Q61 series that support IR illumination, e.g.: AXIS Q6125-LE. Single pack.",169,USD,Cameras,active
02399-001,"Standard smoked dome with anti-scratch hard coating. Compatible with AXIS Q60-E cameras. Weather-resistant and chemical-resistant. Rubber gasket, ring compass, ring support included. Single pack.",179,USD,Cameras,active
02629-001,"Outdoor accessory weathershield for AXIS P3265-LVE, P3267-LVE, P3268-LVE. A black accessory weathershield that goes well with black casing and smoked dome.  The underside of the cover is specially coated with matte black anti-reflective coating to prevent reflections from external light sources. Anti-loss screws included. Bulk 2 pack.",84,USD,Cameras,active
02428-001,"Accessory black dome cover for AXIS M5000 & AXIS M5000-G. Includes dome and cover, 4 SCREW TX+ 8 DOME FLANGE, and 2 spring clips.",73,USD,Cameras,active
02550-001,"Accessory smoked dome with anti-scratch hard coating. Compatible with AXIS P3265-LVE 22 mm, P3267-LV, P3267-LVE, P3268-LV, P3268-LVE. 4pcs bulk pack.",119,USD,Cameras,active
02618-001,"Smoked dome accessory with anti-scratch hard coating. Compatible with:AXIS M3215-LVE, AXIS M3216-LVE. 4pcs bulk pack.",139,USD,Cameras,active
02480-001,"AXIS TP3819-E Dome Smoked, is a smoked dome and is offered as an optional accessory for AXIS P4705-PLVE and P4707-PLVE.",31,USD,Cameras,active
02584-001,"AXIS TP3825-E Weathershield Black, is a black weathershield and is offered as an optional accessory for AXIS P4705-PLVE and P4707-PLVE.",31,USD,Access,active
02435-001,"AXIS TF1803-RE Lens Protector 4P is a bulk pack of 4x Lens Protectors for AXIS F2135-RE. AXIS TF1803-RE is highly recommended to protect the sensor lens when AXIS F2135-RE is installed in harsh environments such as on the coast line, hot places with direct sun exposure on the sensor or if the sensor is subject to strong detergents.
AXIS TF1803-RE is IK10 rated.",73,USD,Access,active
02434-001,"AXIS TF1802-RE Lens Protector 4P is a bulk pack of 4 Lens protectors for AXIS F2105-RE standard sensor.
AXIS TF1802-RE Lens Protector is highly recommended to protect the sensor lens when AXIS F2105-RE is installed in harsh environments such as on the coastline, hot places with direct sun exposure on the sensor or if the sensor is subject to strong detergents.
AXIS TF1802-RE is IK10 rated.",73,USD,Access,active
02213-001,"AXIS TF1801-R Lens Hood 4P is a bulk pack of 4x Lens Hood for AXIS F2105-RE standard sensor and AXIS F2135-RE fisheye sensor.
The Lens Hood avoids reflections on the sensor unit lens when used as front facing camera onboard a vehicle. Lens Hood is made of silicone.",20,USD,Cameras,active
02701-021,AXIS TP3827 Clear Dome Cover 10p is bulk pack of 10 original top cover with dome for AXIS M3905-R and AXIS P3905-R MkIII cameras.,319,USD,Cameras,active
02702-021,AXIS TP3830 Top Cover Black 10p is a bulk pack of 10 top covers black without dome compatible with AXIS M3905-R and P3905-R MkIII cameras.,169,USD,Cameras,active
02804-001,Smoked dome accessory with anti-scratch hard coating. Compatible with AXIS Q3626/8-VE.,41,USD,Cameras,active
02828-001,"Accessory casing with ring, and 4 anti-loss screws.",84,USD,Access,active
02573-001,"AXIS TM3814 Skin Cover Black 4-Pack, are outdoor-ready skin covers compatible with AXIS M4317/M4318-PLVE cameras for changing the appearance of the camera, simplify re-painting and covering screws. Black color.",94,USD,Cameras,active
02731-001,Black accessory casings for AXIS M42 series. Replaces the original white casings. 4-piece bulk pack.,63,USD,Access,active
02819-001,Cover top black casing for AXIS M4327-P and AXIS M4328-P. Comes in 4 Pack.,73,USD,Access,active
02820-001,Vandal case accessory with dome for AXIS M4327-P and M4328-P. Comes in 4 pack.,94,USD,Cameras,active
02938-001,Hard coated clear dome for AXIS Q6114-E/Q6115-E.  Includes an O-ring.,84,USD,Cameras,active
02939-001,"Hard coated scratch resistant smoked dome for AXIS Q6124-E, Q6128-E, Q6154-E, Q6155-E.  Includes O-Ring.",129,USD,Cameras,active
02871-001,"Accessory black dome casing for AXIS P3735-PLE, AXIS P3737-PLE, AXIS P3738-PLE. Casing with 4 screws anti loss TR20 included.  Dome not included..",84,USD,Cameras,active
02872-001,"Accessory Smoked dome for AXIS P3735-PLE, AXIS P3737-PLE, AXIS P3738-PLE.
The smoked dome can replace the clear dome delivered with the camera.",84,USD,Cameras,active
02936-001,4 pack black casing accessory compatible with AXIS M3086-V Mic.  Changes the appearance of the product.,105,USD,Access,active
03010-001,"Accessory smoke dome in polycarbonate. IK09 vandal resistant. Compatible with AXIS M5525-E,
AXIS 5526-E. Single pack. 4 anti-loss TX20 screws in pack.",52,USD,Cameras,active
02865-001,Accessory skin cover for AXIS P9117-PV. Steel finish and easy to repaint. Magnetically attached. Suitable for AXIS P9117-PV White model.  Comes in a 4 pack.,319,USD,Access,active
03012-001,Accessory black casing for AXIS P3267-LVE Mic.  Pre-assembled with anti-loss screws. 4pcs bulk pack.,73,USD,Access,active
03015-001,Accessory smoked dome with anti-scratch hard coating. Compatible with AXIS P3267-LVE Mic. 4pcs bulk pack.,105,USD,Cameras,active
03095-001,"A 10pack of privacy covers compatible with AXIS M1055-L, AXIS M1075-L. Fits easily over the camera area. Made of silicon and is coloured white. Easily adjust surveillance based on privacy needs.
Ensure privacy is respected when needed. Quick and easy to deploy. Protects the lens from dust and fingerprints.",63,USD,Cameras,active
03114-001,"A 2 pack accessory weathershield in white using anti reflective material.  Gives weather protection to AXIS M3125-LVE, AXIS M3126-LVE, AXIS M3128-LVE.  Easy to install.",63,USD,Access,active
03224-001,Accessory Hard coated smoked dome compatible with P5676-LE.  Standard smoked dome with anti-scratch hard coating. Weather-resistant and chemical-resistant. Single pack that includes dome and IR cover.,63,USD,Cameras,active
03225-001,"Accessory hard coated scratch resistant smoked dome for AXIS Q6100-E, Q6300-E.",73,USD,Cameras,active
03234-001,"Accessory black dome casing for AXIS P3747-PLVE, AXIS P3748-PLVE.   Dome not included..",52,USD,Cameras,active
03236-001,"Accessory Smoked dome for AXIS P3747-PLVE, AXIS P3748-PLVE.  
The smoked dome can replace the clear dome delivered with the camera.",105,USD,Cameras,active
03252-001,"Hard coated smoked dome accessory for: AXIS Q6315-LE, AXIS Q6318-LE, AXIS Q6355-LE, AXIS Q6358-LE. With anti-scratch hard coating, dome ring, cover IR.",84,USD,Cameras,active
03226-001,"Hard coated accessory smoked dome compatible with Q6010-E, Q6020-E.  Comes with ring and dome.",105,USD,Cameras,active
03200-001,"Accessory 4 pack black weathershield compatible with: AXIS P3268-SLVE,AXIS Q3538-SLVE,
AXIS Q3839-SPVE.",249,USD,Cameras,active
02325-001,"Wall mount in electro-polished 316L stainless steel for AXIS XPQ1785, designed for harsh industrial environments. Max load 150 kg / 331 lb.",1159,USD,Recorder accessories,active
02343-001,"Pole mount in electro-polished 316L stainless steel for use together with AXIS TQ1001-E WALL MOUNT, designed for harsh industrial environments. Pole diameters 50-150 mm (2"" - 6""). Max load 150 kg / 331 lb.",1159,USD,Recorder accessories,active
02648-001,"Corner bracket for AXIS XPQ1785 Explosion-protected PTZ Camera, to be used with AXIS TQ1001-E Wall Mount. Electro-polished stainless steel (316L) for harsh industrial and maritime environments. Max load 150 kg / 331 lb.",1159,USD,Recorder accessories,active
03120-001,"Backbox for AXIS P1468-XLE and AXIS Q1961-XTE Zone/Div 2 explosion-protected cameras, which enables safe cabling through 1/2"" (M20) conduits. Compatible with AXIS T91B47 Pole Mount and AXIS T94P01B Corner Bracket.",63,USD,Recorder accessories,active
01538-001,Wall mount for EXCAM XPT Q6055 in stainless steel with protective hood for cable glands.,1269,USD,Recorder accessories,active
01569-001,"Stainless steel (1.4404 / 316L) wall bracket for fixed explosion-protected cameras in the ExCam range, includes hinge and mounting material.",1269,USD,Recorder accessories,active
01570-001,"Stainless steel (1.4404 / 316L) pole mount, to be used with Wall Mount Excam XF. Mounting material included.",1269,USD,Recorder accessories,active
01930-001,"Replacement wiper blade for ExCam XF Q1785. Natural black rubber, 54mm, 10-pack.",219,USD,Access,active
02387-001,Stainless steel (316L) weather shield for AXIS XPQ1785.,209,USD,Access,active
02801-001,Stainless steel (316L) weather shield for AXIS XFQ1656.,209,USD,Access,active
02759-001,"Ex d certified (ATEX, UL, IECEx, INMETRO, PESO, KCs, INMETRO) M25x1.5 blanking plug for Ex d enclosures. Nickel-plated brass.",73,USD,Access,active
02760-001,"Ex d certified (ATEX, UL, IECEx, INMETRO, PESO, KCs, INMETRO) M20x1.5 blanking plug for Ex d enclosures. Nickel-plated brass.",73,USD,Access,active
02761-001,"Explosion-protection certified ""Ex d"" M25x1.5 to 3/4"" NPT nickel-plated brass thread reduction adapter. Worldwide certifications for use in Class I/II/III Div 1, Class I Zone 1, 21 and Zone 1, 21.",73,USD,Access,active
02762-001,"Explosion-protection certified ""Ex d"" M20x1.5 to 3/4"" NPT nickel-plated brass thread reduction adapter. Worldwide certifications for use in Class I/II/III Div 1, Class I Zone 1, 21 and Zone 1, 21.",73,USD,Access,active
02798-001,"Explosion-protection certified ""Ex d"" M25x1.5 to 3/4"" NPT nickel-plated brass thread reduction adapter. Worldwide certifications for use in Class I/II/III Div 1, Class I Zone 1, 21 and Zone 1, 21.",73,USD,Access,active
02797-001,"Explosion-protection certified ""Ex d"" M20x1.5 to 1/2"" NPT nickel-plated brass thread reduction adapter. Worldwide certifications for use in Class I/II/III Div 1, Class I Zone 1, 21 and Zone 1, 21.",73,USD,Access,active
02799-001,"Explosion-protection certified ""Ex d"" M25x1.5 to M20x1.5 nickel-plated brass thread reduction adapter. Worldwide certifications for use in Class I/II/III Div 1, Class I Zone 1, 21 and Zone 1, 21.",73,USD,Access,active
02802-001,Swivel joint in stainless steel (316L) for flexible mounting of AXIS XFQ1656 on AXIS TQ1001-E Wall Mount.,209,USD,Recorder accessories,active
02803-001,"Silicon wiper blade spare part for AXIS XFQ1656, sold in quantity of 5.",52,USD,Access,active
02800-001,Replacement washer nozzle in stainless steel (316L) for AXIS XFQ1656.,63,USD,Access,active
02824-001,"Replacement 2-pin power connector with 7.62mm pitch, for AXIS XFQ1656.",20,USD,Access,active
02823-001,"Replacement 2-pin AUX connector with 5.08mm pitch, for AXIS XFQ1656.",20,USD,Access,active
02825-001,"Replacement 6-pin I/O connector with 3.81mm pitch, for AXIS XFQ1656.",20,USD,Access,active
03106-001,"4 layer PET-based protective film with acrylic adhesive, to protect front window of AXIS XPQ1785, AXIS XFQ1656.",105,USD,Access,active
01706-001,"1.5"" NPT Male-to-Male coupler used to connect any AXIS Pendant Kit (e.g.: AXIS T94A01D) to a legacy mount with Female NPT or NPS thread (e.g.: 3rd party wall mount). Useful in retrofitting legacy cameras in existing installations. Lock nut included. Material:Aluminum with black anodizing. 

Note: The National Pipe Taper (NPT) is a U.S. standard for tapered threads used on threaded pipes and fittings.  The National Pipe Straight (NPS) threads are straight (parallel).  Both NPT and NPS have the same thread angle, shape, and pitch (threads per inch).",52,USD,Access,active
5026-411,Wall mount bracket for AXIS T8640 Ethernet over Coax adapter base or device unit.,27,USD,Recorder accessories,active
5026-431,DIN rail clip for AXIS 8640 Ethernet over Coax adapter.,24,USD,Access,active
5026-421,Rack mount bracket for AXIS T8640 Ethernet over Coax adapter (8 units in 1U).,66,USD,Recorder accessories,active
5017-027,"DIN rail clip for AXIS Q7401, AXIS P8221 and AXIS 7701.",13,USD,Access,active
5017-028,DIN rail clip for AXIS M7014 and AXIS P7214,13,USD,Access,active
5503-991,AXIS TF9904 Swivel Mount allows to mount the sensor unit in different horizontal and vertical angles. It is sold a pack of 5.,63,USD,Recorder accessories,active
5503-194,DIN rail clip for AXIS Q7424-R.,20,USD,Access,active
5017-041,"Holding device for pendant mounted cameras. For use with 3/4"" pipes with NPS or NPT threading. Compatible with all cameras with standard tripod threading.",41,USD,Recorder accessories,active
5017-051,"Holding device for pendant mounted cameras. For use with 1,5"" pipes with NPS or NPT threading. Compatible with all cameras with standard tripod threading.",41,USD,Recorder accessories,active
5503-091,"Pipe adapter step up from 3/4"" NPT thread to 1.5"" NPS thread. Compatible with all pendant kits that are made for the AXIS T91A range of brackets.",13,USD,Recorder accessories,active
5507-331,Plastic mounting kit with stand and clamp for flexible moutning of Axis products with tripod thread.,20,USD,Recorder accessories,active
5017-111,Plastic camera stand. Original stand for the AXIS M11-series.,16,USD,Cameras,active
01464-001,"10-pack threaded ceiling mount for quick installation under ceiling tiles. Compatible with cameras with standard 1/4""-20 UNC tripod thread. Total length 80mm (3"") with thread length 65mm (2.5""). Threaded rod in nylon, counter nut with friction pad. 10-piece bulk pack.",52,USD,Recorder accessories,active
01612-001,"4-pack of ceiling mount accessory for mounting Axis cameras and stands on a variety of drop-ceiling tile grid system. Compatible with Axis Safety Wire. Color: Axis white. Bulk pack.
Suitable tile grid (T-bar) dimensions: 15mm(0.6in)/24mm(0.9in)/35mm(1.4in).
Suitable ceiling tiles type: square-edge, tegular edge.",94,USD,Recorder accessories,active
01467-001,4-pack of lighting track mounts. Color: white. Compatible with universal 3-circuit lighting track systems and selected linear trunking systems. Compatible with a wide range of Axis cameras and camera stands.,94,USD,Recorder accessories,active
01474-001,4-pack of lighting track mounts. Color: black. Compatible with universal 3-circuit lighting track systems and selected linear trunking systems. Compatible with a wide range of Axis cameras and camera stands.,94,USD,Recorder accessories,active
01232-001,Rack mount kit for AXIS T8508 PoE+ Network Switch,31,USD,Switches,active
5506-621,"Black aluminum stand for wall or hard ceiling mount. A cable hole in the base of the stand makes it possible to hide the hole in the wall out of which the cable is routed. A snap on cover gives a clean look without visible screws. Compatible with all standard tripod thread cameras e.g. AXIS M11, P13, Q16 series.",41,USD,Recorder accessories,active
5506-611,"White aluminum stand for wall or hard ceiling mount. A cable hole in the base of the stand makes it possible to hide the hole in the wall out of which the cable is routed. A snap on cover gives a clean look without visible screws. Compatible with all standard tripod thread cameras e.g. AXIS M11, P13, Q16 series.",41,USD,Recorder accessories,active
5503-971,"Pole mount bracket compatible with all cameras with standard tripod threading (1/4""-20 UNC)",41,USD,Recorder accessories,active
01164-001,"AXIS T91B47 Pole Mount for indoor and outdoor installations, for poles with diameter between 100-410 mm (4""-16”). Includes 1 pair of AXIS Stainless Steel Straps 1450mm (57"") with TX30 screw interface for ease-of-installation. AXIS T91B47 is directly compatible with a wide range of Axis cameras.",105,USD,Recorder accessories,active
01165-001,"AXIS T91B47 Pole Mount for indoor and outdoor installations, for poles with diameter between 50-150mm (2""-6""). Includes 1 pair of AXIS Stainless Steel Straps 570mm (22.5"") with TX30 screw interface for ease-of-installation. AXIS T91B47 is directly compatible with a wide range of Axis cameras.",94,USD,Recorder accessories,active
01470-001,"Aluminum Pole Mount for indoor and outdoor installations, for poles with diameter between 100-410 mm (4""-16”). Includes 1 pair of AXIS Stainless Steel Straps 1450mm (57"") with TX30 screw interface for ease-of-installation. AXIS T91B57 is compatible with mounts such as AXIS T91G61, T91H61, and AXIS T98A Surveillance Cabinet series. Color: Axis white.",139,USD,Recorder accessories,active
01446-001,"Aluminum Pole Mount in Urban Grey color. For indoor and outdoor installations. Suitable for poles diameters between 100-410 mm (4""-16”). Includes 1 pair of AXIS Stainless Steel Straps 1450mm (57"") with TX30 screw interface for ease-of-installation. AXIS T91B57 is compatible with mounts such as AXIS T91G61, T91H61, and AXIS T98A Surveillance Cabinet series.",159,USD,Recorder accessories,active
01473-001,"Outdoor-ready, powder-coated aluminum pole mount with 1.5"" NPS thread for fixed dome pendant kits. Includes insect-proof cable gasket and 1 pair of stainless steel straps (with TX30 screw) for pole diameter between 65-165mm (2.5""-6.5""). White in color.",119,USD,Recorder accessories,active
01149-001,Pole mount for our outdoor midspans and switch.,63,USD,Switches,active
01951-001,"AXIS TD9301 Outdoor Midspan Pole Mount for outdoor midspans, like AXIS 30W Outdoor Midspan.",63,USD,Power Supply,active
5504-821,"Chromated and powder coated aluminum wall mount with 1.5"" NPS thread for fixed dome pendant kits. Cable routing from behind or through 3/4"" conduit hole on the side. Includes mounting plate, pipe seal and conduit hole cover. Color: White",99,USD,Recorder accessories,active
5506-481,"Wall mount with internal cable canal for dome cameras with 1.5"" NPS thread, compatible with Axis pendant kits. IK10 and NEMA 4X rated. Powder coated aluminum for indoor and outdoor installations.",49,USD,Recorder accessories,active
5506-951,"Aluminum wall mount with IP66 compartment to safely accommodate power and connectivity accessories (e.g. PoE midspan). IK10 and NEMA 4X rated in Axis white color. Includes a pre-terminated IP66 rated RJ45 connector. Compatible with wide range of Axis cameras, incl. AXIS M55, P56, Q37, Q60, Q61 Series.",229,USD,Power Supply,active
01444-001,Aluminum wall mount with IP66 compartment to safely accommodate power and connectivity accessories (e.g. PoE midspan). IK10 and NEMA 4X rated in Urban Grey color to match AXIS Q62 series. Includes a pre-terminated IP66 rated RJ45 connector. Compatible with wide range of Axis cameras.,259,USD,Power Supply,active
02035-001,"AXIS TS2901 Appliance Stand is a stand compatible with AXIS S2208 and AXIS S2212 Appliances which allows the unit to be mounted vertically, on a table or shelf. The appliance is secured to the stand with the 4 included screws.
Mounted vertically, the appliance will take even less space than it usually does, leaving more space for other activities.
The stand itself can be screwed to the table/shelf, which is a simple way to secure the appliance against light thefts and from falling. It can also lie on the table, when using the included rubber feet.",43,USD,Recorder accessories,active
5507-641,"AXIS T91H61 Wall Mount is designed with a built-in RJ45 cable and connectionto, and spacious compartment for connectivity accessories such as midspans and media converters. The wall mount is impact-resistant (IK10) and weather-resistant (IP66, NEMA 4X) for indoor and outdoor use. The 1.5"" NPS thread mount ensures compatibility with all pendant kits for Axis fixed dome cameras.",209,USD,Power Supply,active
5506-681,"Wall mount for AXIS Q3505-SVE, made of stainless steel.",449,USD,Recorder accessories,active
5901-401,Marine-grade stainless steel wall mount for AXIS Q6055-S PTZ Network Camera. Compatible with stainless steel pole mount (sold separately).,449,USD,Recorder accessories,active
5901-331,"Aluminum wall mount for Axis positioning cameras and positioning units. Robust and impact-resistant. Compatible with Axis ACI 3/4” conduit adapters, and offers multiple cable entries. Cables can be routed through the back or, by using a conduit connection, from each side or from the bottom. Suitable for indoor and outdoor use.",229,USD,Recorder accessories,active
01445-001,Robust and impact-resistant aluminum wall mount for selected Axis PTZ and positioning cameras. Multiple cable entry points for 3/4” (M25) conduit pipes. Suitable for indoor and outdoor use. Color: Urban Grey.,259,USD,Recorder accessories,active
5507-271,"Made for parapet and wall installations. Telescopic arm with adjustable length between 783 mm (30.1 in) to 1033 mm (40.7 in) for compensating different parapet thicknesses or obstructive elements on the facade of the building. It can Swivel round its own axis 180 degrees, allowing mounting/maintain the camera easily and safely from the rooftop. The mount is intended for outdoor fixed and PTZ dome cameras supporting 1.5” NPS thread. A retrofit mounting bracket (optional accessory) makes it possible to reuse holes drilled for Pelco’s PTZ dome parapet mount.",399,USD,Recorder accessories,active
5507-501,"Retrofit adapter mount bracket for re-using holes drilled from Pelco’s PTZ dome parapet mount, or for increasing the attachment area towards the parapet.",73,USD,Recorder accessories,active
5507-451,"Indoor/outdoor telescopic ceiling mount. Expands between 1 m (39"") and 2 m (79""). Features a swivel action to prevent breaking if hit by forklifs or high vehicles. Can be mounted on a sloped ceiling. Accessory extension pipes (Not included) for a maximum lengh of 5 m (197""). Compatible with all Axis pendant kits featuring a 1,5” NPS thread and the AXIS T91A05 Camera holder for fixed cameras.",229,USD,Recorder accessories,active
5507-461,"The indoor/outdoor ceiling mount is ideal for low ceiling installations such as parking houses, with swivel action to prevent breaking if hit. Can be mounted in a sloped ceilings/soffits to compensate angles up to 45 degrees. Available accessory extension pipes (Not included) of 30 cm (12”) or 1 meter (39”) to enable correct camera height for the specific environment. Compatible with all Axis pendant kits featuring a 1,5” NPS thread and the AXIS T91A05 Camera holder for fixed cameras.",139,USD,Recorder accessories,active
5507-491,"Extension pipe for AXIS T91B50 and AXIS T91B51. Length 30 cm (12"").",52,USD,Access,active
5507-481,"Extension pipe for AXIS T91B50 and AXIS T91B51. Length 100 cm (39"").",63,USD,Access,active
01189-001,"Twin-pack (bulk). Includes 2x indoor telescopic ceiling mounts, extendable between 1m to 1.8m (3.2 to 6ft) at 10cm (4"") intervals. Compatible with Axis pendant kits and camera holder with 3/4"" conduit interface. Suitable for vertical and horizontal mounting.",199,USD,Recorder accessories,active
5504-641,"Chromated and powder coated aluminum ceiling mount 75 cm / 29.5 inch compatible with fixed dome pendant kits and AXIS P55-series and AXIS Q60-series  PTZ dome cameras. Cable routing from behind or through 3/4"" conduit hole on the side. Includes mounting plate, pipe seal, conduit hole cover and AXIS T94A01D Pendant Kit for PTZ dome cameras. Color: White",139,USD,Recorder accessories,active
5017-641,"Corner Bracket that is compatible with several wall mounts: AXIS T91B61 Wall Mount, AXIS T91D61 Wall Mount 1.5” NPS, AXIS T91G61 Wall Mount, AXIS T91H61 Wall Mount, AXIS T91L61 Wall-and-Pole Mount.  These wall mounts in turn are compatible with AXIS P55-series, AXIS Q60/61/63-series, AXIS M32-series, AXIS Q37-series, AXIS M55-series, AXIS P56-series and their associated pendant kits.",89,USD,Recorder accessories,active
5506-691,"Pole mount bracket for AXIS Q35-SLVE stainless steel cameras. Compatible with AXIS T91F61 Wall mount. Made of marine-grade stainless steel. Includes 1 pair marine-grade (SS316L) stainless steel straps with TX30 screw interface for ease-of-installation. Straps length 1450mm (57""), suitable for pole diameter range 100-410mm (4""-16"").",159,USD,Recorder accessories,active
5503-781,"Pipe seal for AXIS T91A6, to protect from dust, water and bugs.",12,USD,Access,active
5901-421,"Aluminum conduit back box for wall or pole mount. Space for outdoor power supply, and electrical connection boxes. Steel straps for pole mount are sold separately. Recommended to use with POWER SUPPLY PS24 240W (not included).",229,USD,Power Supply,active
5901-301,For attaching AXIS Q61 PTZ network camera to AXIS Q6000-E MkII PTZ network camera.,119,USD,Cameras,active
5502-431,"Pendant kit for the AXIS Q60-series and AXIS P55-series PTZ Network Cameras, enables mount on standard '1,5"" NPT threaded brackets. White.",59,USD,Recorder accessories,active
5506-181,"Bracket for mounting an AXIS P56 Series camera in a hard ceiling. For indoor and outdoor installations. 3/4"" conduit hole, compatible with ACI adapters.",41,USD,Recorder accessories,active
5801-601,"Aluminum ceiling bracket for Axis PTZ cameras and AXSI Q37 Series for indoor or outdoor use. 3/4"" conduit hole on the side.",63,USD,Recorder accessories,active
5505-721,"Outdoor recessed mount for AXIS Q60-E cameras. Can be mounted in panels, wood or pre-made holes solid concrete. The mount is very sturdy and made of aluminum and stainless steel. It supports the IK10 impact rating of the camera and has two 3/4"" conduit holes for a plenum rated and rodent safe installation.",289,USD,Recorder accessories,active
5506-171,"Outdoor recessed mount for AXIS P56 cameras. Also suitable indoor for recessed camera installations in plenum as the back box is made of metal and has a 3/4"" hole for cable protection conduits.",159,USD,Recorder accessories,active
01159-001,"Pendant kit for wall mount or ceiling mount. Compatible with Axis mounting accessories with 1.5"" NPS thread. 3/4"" threaded pipes can also be used with a nut for securing. Compatible with the small form factor of AXIS M20, M31-LV/-LVE, M30-V/-WV and Companion dome cameras. 10-pack.",229,USD,Recorder accessories,active
5507-361,"Pendant kit for wall mount or ceiling mount. Compatible with Axis mounting accessories with 1.5"" NPS thread. 3/4"" threaded pipes can also be used with a nut for securing. Compatible with the small form factor of AXIS M20, M31-LV/-LVE, M30-V/-WV and Companion dome cameras. Single pack.",41,USD,Recorder accessories,active
01185-001,"Pendant kit for wall mount or ceiling mount in black. Compatible with Axis mounting accessories with 1.5"" NPS thread. 3/4"" threaded pipes can also be used with a nut for securing. Compatible with the small form factor of AXIS M20, M31-LV/-LVE, M30-V/-WV and Companion dome cameras. Single pack.",41,USD,Recorder accessories,active
01150-001,Indoor recessed mount for drop ceiling installation. The aluminum casing makes it suitable for use in air handling spaces. Compatible with AXIS M3044-V/M3045-V/M3046-V/M3047-V/M3048-V.,84,USD,Recorder accessories,active
5801-861,Indoor recessed mount for drop ceiling installations. The aluminum casing makes it suitable for use in air handling spaces. Compatible with AXIS M2025/26 and AXIS Companion Bullet.,84,USD,Recorder accessories,active
5801-421,"Bracket for mounting a camera on a 4” square, 4” octagon, single or double-gang junction box. Compatible with AXIS M3044-V/M3045-V/M3046-V.",41,USD,Recorder accessories,active
5507-401,"Conduit back box for 1/2"" or M20 pipes. Features the 1/2"" ACI interface to enable use of ACI adapters.
There is an integrated female tripod thread for use of standard camera stands or holders. Compatible with AXIS M3044-V/M3045-V/M3046-V.",31,USD,Cameras,active
01242-001,Indoor recessed mount for drop ceiling installations. Single-screw ceiling attachment for quick and easy installation. Not suitable for air-handling (plenum) spaces. Compatible with AXIS M42 series and AXIS Companion Dome mini LE.,52,USD,Recorder accessories,active
01243-001,"Bracket for mounting camera on 4” square, 4” octagon, single or double-gang junction box. Compatible with AXIS M42 Series and AXIS Companion Dome mini LE.",41,USD,Recorder accessories,active
01244-001,"Versatile 4-in-1 mount accessory for use as either a pendant kit with 3/4"" (M25) conduit interface, conduit back box with 1/2"" (M20) conduit side entry, pole mount, or standard camera thread. Compatible with AXIS M42 series and AXIS Companion Dome mini LE. Pole mounting straps available separately.",41,USD,Recorder accessories,active
5504-911,White plastic adapter for mounting AXIS P3904-R and AXIS P3905-R on flat surfaces. Does not fit with AXIS P3915-R. Used when the cable must enter from the side. 10 pack.,41,USD,Recorder accessories,active
5504-921,"White plastic adapter for mounting AXIS P3904-R, AXIS P3905-R and AXIS P3915-R on curved surfaces. 10 pack.",41,USD,Recorder accessories,active
5503-881,"Indoor pendant kit for AXIS M3006/7, AXIS M3024-LVE/3025-VE/3026-VE. to enable use of AXIS T91A Brackets or 1.5""(NPT or NPS threaded) pipes. The camera network cable fits into the product and a RJ45 network cable coupler is included.",52,USD,Recorder accessories,active
02853-001,Mounting stand in plastic for wall and ceiling. Stand height 70 mm (2.7 in). Circular base with diameter 69 mm (2.7 in). White color.,63,USD,Recorder accessories,active
5503-921,"Bracket for mounting on 4” square, 4” octagon, single or double-gang junction box. RJ45 network cable coupler included. Compatible with. Compatible with AXIS M3006/7, AXIS M3024-LVE/3025-VE/3026-VE, P14 Series.",41,USD,Recorder accessories,active
5504-041,"Backbox for AXIS M3006-V, AXIS M3007-P/-PV, AXIS M3024-LVE/3025-VE/3026-VE/3027-PVE, P14 Series, which enables safe cabling through 1/2"" (M20) conduits.",41,USD,Access,active
5505-181,"Back box for 3/4"" (M25) conduits/cable protection pipes. Compatible with AXIS Q1765-LE and AXIS Q1931-E.",41,USD,Access,active
5505-081,"Indoor pendant kit for AXIS P32-V Series- AXIS P33/-V and AXIS Q3505-V, compatible with Axis ceiling-/wall mounts, AXIS T91A67 Pole mount and 1.5"" NPS threaded pipes.",49,USD,Recorder accessories,active
5505-091,"Outdoor pendant kit for AXIS P32 & Q35 series.  Compatible with several Axis ceiling, wall, and poll mounts,  As well 1.5"" NPS threaded pipes.",73,USD,Recorder accessories,active
01513-001,"AXIS T94N01D Pendant Kit comprises a weathershield and a mounting adapter for AXIS P3717-PLE Network Camera. The mounting adapter is compatible with 1.5-inch NPS thread. The kit enables AXIS P3717-PLE to be mounted on walls, poles, parapets and outer corners using AXIS T91 mounting accessories.",99,USD,Recorder accessories,active
02076-001,"AXIS T94N02D Pendant Kit comprises a weathershield and a mounting adapter for AXIS P3715-PLVE Network Camera. The mounting adapter is compatible with 1.5-inch NPS thread. The kit enables AXIS P3715-PLVE to be mounted on walls, poles, parapets and outer corners using AXIS T91 mounting accessories.",73,USD,Recorder accessories,active
5901-341,Stainless steel pole mount designed for use with heavier Axis products such as positioning cameras and positioning units. IK10. Includes 3pcs stainless steel straps included for pole diameter 60-400mm (2.4-15.7in) and sealing gaskets for multiple cable entries with protection against insect infestation.,229,USD,Recorder accessories,active
5504-711,"Corner mount for AXIS P5414-E/15-E, AXIS Q1765-LE, AXIS Q1931-E and AXIS P33-VE series.",94,USD,Recorder accessories,active
01172-001,"Indoor and outdoor recessed mount for AXIS M55 Series. Suitable for air-handling spaces in indoor installations as the enclosure is made of metal and has a 3/4"" (M25) conduit hole for protected cable-routing. UL-approved.",119,USD,Recorder accessories,active
5505-241,"Wall mount compatible with all Axis outdoor fixed box cameras and housings. Corrosion tested according to NEMA 4X, UL listed and IK10 rated.",63,USD,Recorder accessories,active
5507-591,"The powder-coated aluminum AXIS T94Q01F for AXIS fixed box outdoor ready cameras and housings, can be used for both ceiling/soffit and column/parapet installations. This allows Axis’ fixed camera housings to be mounted under hard surfaces such as ceilings, beams, soffits and canopies. It can also be mounted on pole or column tops, parapets and other horizontal building structures. Re-direction and maintenance of the camera is easy thanks to the swivel arm feature. The cable is routed through the pipe, and is never exposed to weather or potential vandalism. Cable conduits and Axis’ conduit adapters (3/4” dimension) are used for cable protection when routed from the side.",129,USD,Recorder accessories,active
5507-601,"The powder-coated aluminum AXIS T94R01B Corner Bracket is used for attaching the wall mount of Axis’ camera housing to the outer corners of a building. AXIS T94R01B Corner Bracket is compatible with AXIS T91E61 Wall Mount for fixed dome cameras. Small-size fixed dome and bullet-style cameras can also be mounted, thanks to the included and commonly used hole pattern of a single gang junction box.",73,USD,Recorder accessories,active
02336-001,"Back box to enable external cable entry or use of cable protection equipment. Holes on top and side for 3/4 inch conduits or M25 cable protection pipes. Compatible with AXIS T94Q01A Wall mount, all AXIS M11-E/P13-E/Q16-E/Q1755-E/Q1910-E/21-E/22-E outdoor fixed box camera wall mounts and AXIS T92E Series and AXIS T93E05 Fixed camera housings.",63,USD,Recorder accessories,active
5507-671,Indoor recessed mount for drop ceiling installations. Single-screw ceiling attachment for quick and easy installation. Not suitable for air-handling (plenum) spaces. Compatible with AXIS P32-V/-LV series.,52,USD,Recorder accessories,active
5901-361,Indoor recessed mount for drop ceiling installations. Single-screw ceiling attachment for quick and easy installation. Not suitable for air-handling (plenum) spaces. Compatible with AXIS P32-V/-LV series. 10-pack.,449,USD,Recorder accessories,active
01462-001,Indoor recessed mount for ceiling/wall installations. Compatible with AXIS M3057/58-PLVE cameras. Single-screw ceiling attachment for quick and easy installation. Not suitable for air-handling (plenum) spaces.,63,USD,Recorder accessories,active
01190-001,"Outdoor-ready, impact resistant (IK10+) back box with sealed compartment (IP66/67) for secure storage of connectivity devices. 3/4"" / M25 conduit interface from both side and back. Can be mounted directly behind a wide range of Axis network cameras. Includes a network cable and extra gaskets.",139,USD,Recorder accessories,active
02421-001,"Outdoor-ready, impact resistant (IK10+) back box with sealed compartment (IP66/67) for secure storage of connectivity devices. 3/4"" / M25 conduit interface from both side and back. Can be mounted directly behind a wide range of Axis network cameras. Includes a network cable and extra gaskets.  Specifically designed for aesthetically pleasing installations with AXIS Q17/Q19 and P14 Camera Series",169,USD,Recorder accessories,active
01461-001,"Outdoor pendant kit for AXIS M30-PLVE Series. Weathershield made from impact-, UV-, and heat-resistant polymer. Compatible with wide range of Axis mounts with 1.5"" NPS threaded interface.",63,USD,Recorder accessories,active
5506-651,"Pendant kit for AXIS Q3505-SVE, without weather shield, mainly for indoor use made of stainless steel.",429,USD,Access,active
5506-661,"Outdoor pendant kit with weather shield for AXIS Q3505-SVE, made of stainless steel.",479,USD,Access,active
01457-001,"AXIS T94V01C Dual Camera Mount allows back-to-back installation of two Axis cameras for panoramic coverage. Compatible with a wide range of Axis dome cameras, box cameras, and bullet cameras. Compatible with Axis mounting accessories with 1.5” NPS threaded interface, for mounting on walls, poles, and under ceilings. AXIS T94V01C is IK10 rated for impact resistance, which safeguards it against vandalism. Suitable for both indoor and outdoor use. Note: To ensure physical stability, do not use AXIS T94VO1C for single camera installations.",119,USD,Audio and power accessories,active
5801-431,"Pendant kit for indoor and outdoor use for the AXIS Q36-VE Series compatible with Axis ceiling-/wall-/pole mounts with 1.5"" NPS thread.",105,USD,Recorder accessories,active
5801-541,"Wall mount for AXIS T92F10 Outdoor Housing. 6-piece pack.
Optional accessory: AXIS T94Y01G Pole Mount 6PCS (sold seperately)",169,USD,Recorder accessories,active
5801-551,"Pole mount for AXIS T92F10 Outdoor Housing, with 1 pair stainless steel straps included per piece. 6-piece pack. 
Required accessory: AXIS T94X01A Wall Mount 6PCS (sold separately)",189,USD,Recorder accessories,active
5010-641,"Corner bracket for AXIS T98A-VE Surveillance Cabinet and AXIS Positioning Cameras. When used with AXIS Positioning Cameras, AXIS T94J01A Wall Mount is required.",105,USD,Recorder accessories,active
5010-671,Pole bracket for AXIS T98A-VE Surveillance Cabinet. No straps required.,149,USD,Recorder accessories,active
5000-011,Metal box to mount AXIS PS24 to a wall.,84,USD,Recorder accessories,active
21764,Outdoor pole mount bracket for PS-24 and AXIS T97A10. Requires the Wall Mount AXIS PS-24 (5000-011) and a mounting tool for straps (21776 or similar).,45,USD,Recorder accessories,active
5800-511,"The clip, made of steel, enables mounting on a standard 35mm DIN rail. 

It includes 2 cable ties. Compatible with AXIS T8120/T8133 midspans and AXIS T8604 / T8605 converters. Weight: 17 g (0.6 oz.).

5-pack.",20,USD,Power Supply,active
5503-931,"Din clip for AXIS midspan T8123,  T8124 and T8125",20,USD,Power Supply,active
5502-401,"Mounting bracket for AXIS P33-V/-LV indoor cameras. For mounting cameras on junction boxes (4"" square, 4"" octagon, single-gang, or double-gang), and other Axis mounting accessories. Also compatible with selected AXIS M30 and P32 cameras.",41,USD,Recorder accessories,active
5800-461,Mounting kit for AXIS P1204/E. Kit contents: Flush mount wall bracket. 5 pack.,31,USD,Recorder accessories,active
02451-001,"Mounting bracket compatible with AXIS Q1715.  It includes bracket, pad, and TX20 screw.",20,USD,Recorder accessories,active
01982-001,Cover ring and holder for installing selected AXIS P32 cameras with legacy AXIS T94S01L Recessed Mount. Bulk pack with 4 sets of rings and clips to retrofit 4 cameras.,52,USD,Recorder accessories,active
02002-001,"Retrofit into T94K01L or T94K02L. Mic hole for -LV cameras. Includes 4 sets of lid ring cover, gaskets, screws.",94,USD,Audio and power accessories,active
5505-191,"Mechanical adapter that provides a U-shaped 30mm wide cable entry for use when a U-shape cable protection is required. The adapter is compatible with AXIS P54-series, AXIS P32-VE Series (requires AXIS ACI Mounting Bracket A), AXIS Q3505-VE, AXIS T91B6X mounts and AXIS 
AXIS T94R01P Conduit Back Box. 5 pcs.",41,USD,Recorder accessories,active
5505-541,"Step up ACI adapter for attaching 3/4"" conduits or M25 pipes to AXIS products with a 1/2"" conduit interface such as AXIS P32-V series (requires AXIS ACI conduit bracket B) and AXIS Q3505-V. 2 pcs",52,USD,Recorder accessories,active
5505-521,"Mechanical adapter that provides a U-shaped 20mm wide cable entry for use when a U-shape cable protection is required. The adapter is compatible with AXIS products with a 1/2"" conduit interface such as AXIS P32-V series (requires AXIS ACI conduit bracket B) and AXIS Q3505-V. 5 pcs",31,USD,Recorder accessories,active
5505-591,"Threaded stainless steel step up ACI adapter for attaching 3/4"" NPS conduits to AXIS products with a 1/2"" conduit interface such as AXIS Q35-V series. 2 pcs",84,USD,Access,active
5505-641,"Threaded stainless steel ACI adapter for attaching 3/4"" NPS conduits to AXIS products with a 3/4"" conduit interface such as AXIS Q35-VE series. 2 pcs",119,USD,Access,active
5506-921,AXIS F7308 comes in packs of four. 8-m (26 ft.) black cable with an RJ12 contact for connection to an AXIS F1004 Sensor Unit. Used as a spare part for the original cable that comes with AXIS F1004 Sensor Unit.,41,USD,Access,active
5505-841,Lens protection for AXIS F1005-E. The lens protector is screwed onto the threaded front part of the sensor unit to protect the lens. Comes in pack of 5 units.,94,USD,Access,active
5505-821,Mounting bracket that allows the pinhole sensor unit of AXIS F1025 to be mounted onto a flat surface with the cone being flush with opposite surface. Comes in pack of 5 pcs.,31,USD,Recorder accessories,active
5505-831,"Metal bracket for stable mounting of AXIS F1005-E, F1015 and F1035-E. Variety of holes for screws for flexible mounting. Comes in pack of 5 units.",169,USD,Recorder accessories,active
5507-101,Trim ring for discreet mounting of AXIS F1025 Sensor Unit behind a thin surface. 10 PCS.,63,USD,Recorder accessories,active
5507-111,"Trim ring for discreet mounting of AXIS F1005-E, F1035-E, P1214-E and P1224-E behind a surface. 10 PCS.",119,USD,Recorder accessories,active
5506-531,Discreet accessory for ceiling mount of AXIS F1025 (pinhole). AXIS F1025 provides 92° horizontal FOV. Used to get overview of rooms or of a door. Can easily be repainted to fit ceiling color.,41,USD,Recorder accessories,active
01630-001,"Height strip housing for discrete mounting of a pin hole sensor unit, for capturing eye-level images e.g. of people leaving a store. It is compatible with AXIS F1025, FA1125, F1004 Pin hole, AXIS P1264 and P1265. Comes with both a metric and an imperial height strip. Black aluminium housing.",119,USD,Recorder accessories,active
01631-001,"Height strip housing for discrete mounting of a pin hole sensor unit, for capturing eye-level images e.g. of people leaving a store. It is compatible with AXIS F1025, FA1125, F1004 Pin hole, AXIS P1264 and P1265. Comes with both a metric and an imperial height strip. Silver aluminium housing.",105,USD,Recorder accessories,active
01516-001,"Tiltable wall-mount for AXIS D2110-VE Security Radar and AXIS D2050-VE Network Radar Detector.
Includes arm, AXIS T94R01P CONDUIT BACK BOX and conduit 260 mm (10 inch) cable kit.",139,USD,Alarms,active
02281-001,AXIS TD4601 is an ACI Conduit Bracket for AXIS D4100-E Network Strobe Siren. 5P,41,USD,Alarms,active
01748-001,"Tilt Mount Plastic, 15deg tilt, 1/2"" (M20) conduit. BRACKET MOUNT ASSEMBLY M3067.",41,USD,Recorder accessories,active
01742-001,"Elegant mount for indoor mounting of Axis mini dome cameras in pendant style. Concealed mounting with no visible screws. Room for microphone and connectivity devices (e.g.: AXIS T6101, AXIS T8643). Compatible with wide range of cameras, incl. AXIS M20/M30/M31/M42, etc. Made from strengthened eco-friendly plastic.",52,USD,Audio and power accessories,active
01917-001,"Elegant mount in black for indoor mounting of Axis mini dome cameras in pendant style. Concealed mounting with no visible screws. Room for microphone and connectivity devices (e.g.: AXIS T6101, AXIS T8643). Compatible with wide range of cameras, incl. AXIS M30, AXIS M31, AXIS M42, etc. Made from strengthened eco-friendly plastic.",52,USD,Audio and power accessories,active
01856-001,Recessed mount for selected AXIS M30 cameras. Includes covers for fixed mini dome and panoramic cameras.,52,USD,Audio and power accessories,active
02425-001,Indoor recessed mount for ceiling/wall installations. Compatible with AXIS M4308-PLE.  Single-screw ceiling attachment for quick and easy installation. Not suitable for air-handling (plenum) spaces.,63,USD,Recorder accessories,active
02381-001,"Designed for indoor drop ceiling installations for selected Axis cameras (M3057/8 and M3077). It’s robust with an IK10-rating and is easily installed. The enclosure is made of metal alloy, making it suitable for installations in air-handling (plenum) spaces.  Casing includes mic holes for M3077 and plugs in mic holes when used with M3057/8.",139,USD,Audio and power accessories,active
02449-001,"Indoor recessed mount for ceiling/wall installations. Compatible with AXIS M3057-PLVE, AXIS M3057-PLVE Mk II, AXIS M3058-PLVE, AXIS M3077-PLVE. Single-screw ceiling attachment for quick and easy installation. Not suitable for air-handling (plenum) spaces.",73,USD,Recorder accessories,active
02454-001,"Indoor recessed mount for drop ceiling installation. The aluminum casing makes it suitable for use in air handling spaces. Compatible with AXIS M3064-V, AXIS M3065-V, AXIS M3066-V, AXIS M3067-P, AXIS M3068-P, AXIS M3075-V, AXIS M3085-V, AXIS M3086-V, AXIS M3088-V.",159,USD,Recorder accessories,active
02817-001,Indoor recessed mount for drop ceiling installation. The aluminum casing makes it suitable for use in air handling spaces. Compatible with selected AXIS M43 Series fisheye panoramic cameras.,159,USD,Audio and power accessories,active
02818-001,Recessed mount for selected AXIS M43 cameras. Includes cover for fisheye panoramic cameras.,52,USD,Audio and power accessories,active
02083-001,Adapter plate for mounting on conduit back box TP3603 or T94S01P.  Plate is for P14 series and M42 series that allows for the cameras to look aesthetically pleasing when mounted onto a conduit back box.,41,USD,Recorder accessories,active
01783-001,"Elegant mount for indoor mounting of Axis dome cameras in pendant style. Concealed mounting with no visible screws. Room for microphone and connectivity devices (e.g.: AXIS T6101, T8643) and AXIS I/O Indication LED. Compatible with AXIS M32-LVE and AXIS P32-V/-LV cameras. Made from strengthened eco-friendly plastic.",63,USD,Audio and power accessories,active
02548-001,"Outdoor pendant kit for AXIS P3265-LVE, P3267-LVE, P3268-LVE.  Compatible with Axis mounts: ceiling, wall, parapet, poll and 1.5"" NPS threaded pipes.",79,USD,Recorder accessories,active
01757-001,"Indoor recessed mount for drop ceiling installation. Supports the optional use of an internal microphone. Metal enclosure with conduit entries, suitable for installation in air handling / plenum spaces. Compatible with: AXIS M32-LVE, AXIS P32-V/-LV, AXIS P33/-V and AXIS Q35-V/-LV series; and AXIS Device Microphone A and B.",94,USD,Audio and power accessories,active
02452-001,"Outdoor recessed mount for drop ceiling plenum installations. Supports the optional use of an internal microphone. Metal enclosure with conduit entries, suitable for installation in air handling / plenum spaces. Compatible with: AXIS M32-LVE, AXIS P32-VE/-LVE.  T94M02L used in the past for outdoor but size was too big not matching form factor.",159,USD,Audio and power accessories,active
02509-001,Indoor recessed mount for drop ceiling installations. Single-screw ceiling attachment for quick and easy installation. Not suitable for air-handling (plenum) spaces. Compatible with selected AXIS M32 and AXIS P32 cameras.,63,USD,Recorder accessories,active
01804-001,"Adapters for protected cable routing in 3/4"" conduit (M25 pipe). Compatible with selected AXIS M32 and P32 cameras. 4pcs bulk pack.",41,USD,Cameras,active
02025-001,"TP3603 indoor conduit back box a complement to T94S01P at a lower price point for large indoor installations (eg data centers).  Compatible with P32/M32 indoor versions as well as indoor versions of Q17/19/29, P33, Q35, and P14/M42(plate needed TP1601).  TP3603 has two seperate conduit entries (1/2"" & 3/4"") and has space for connectors (e.g. T86 Media Converters & T6101 I/O interface).",63,USD,Access,active
01743-001,Optional accessory for mounting over junction boxes or on poles. Plastic straps (two) are included. Compatible with AXIS TM3101 and TP3101 Pendant Wall Mount.,41,USD,Recorder accessories,active
02388-001,"Step down ACI adapter 1” to ¾”.  IK8 and made of plastic.  For attaching 1"" conduits or M25 pipes to AXIS products with a 3/4"" conduit interface such as P32 or conduit back boxes. Pack of 4.",229,USD,Access,active
02019-001,"An indoor metal pendant kit for mounting AXIS P8815-2 3D People Counter. Compatible AXIS ceiling mounts and 1.5"" and 3/4"" conduits.",52,USD,Recorder accessories,active
02020-001,A plenum rated recessed mount for P8815-2 3D People Counter,119,USD,Recorder accessories,active
01805-001,"Adapters for protected cable routing in 1/2"" conduit (M20 pipe). Compatible with selected AXIS M32 and P32 cameras. 4pcs bulk pack.",41,USD,Cameras,active
02107-001,An outdoor pendant kit for mounting AXIS Q38 Series.,105,USD,Recorder accessories,active
02108-001,An indoor pendant kit for mounting AXIS Q38 Series.,73,USD,Recorder accessories,active
02136-001,"Recessed mount for indoor and outdoor use of AXIS Q36, P38 and Q38 Series.",159,USD,Recorder accessories,active
02110-001,"Parapet Mount is an outdoor-ready mount.  The round base of the mount makes it easy to install as well as suitable for installations on poles. Cables can be routed through the bottom, or from the side by using a conduit connection.  Chromated and powder coated aluminum parapet mount compatible with fixed dome pendant kits and AXIS P55-series and AXIS Q60-series PTZ dome cameras. Includes mounting plate, pipe seal, conduit hole cover. Color: White",229,USD,Recorder accessories,active
01818-001,CONDUIT TOP BOX for Q9216-SLV.,119,USD,Access,active
02111-001,AXIS TQ6901-E is a useful adapter for retrofitting AXIS Q6215-LE in camera installations that have 3rd party competitor mounts. AXIS TQ6901-E is made of powder coated aluminum and is sold in packs of four.,229,USD,Recorder accessories,active
02081-001,"AXIS TS3001 Recorder Mount ensures that the AXIS S3008 Recorder is in a fixed position either if it is mounted on walls, shelves, or under tables. Its design and shape allows the recorder to be mounted in two opposite directions.",23,USD,Recordings,active
02102-001,Indoor and outdoor plenum recessed mount for AXIS Q6315-LE PTZ.  Suitable for outdoor installations in roof overhangs and soffits. Also suitable for indoor installations in plenum spaces.,299,USD,Recorder accessories,active
02384-001,"A crane and traffic mount for more stability and less vibrations.  Note: Pivot mount for more stability, Robust, IK10, Coating in corrosion resilient material, offers more stability to your camera installations in demanding situations, such as mounting on cranes or traffic lights. NEMA 4X-ratings and can be tilted up to 45 degrees.  Compatible with P13-E/LE, T92E, T93F, Q16-LE, T92G20, T91B47.",84,USD,Recorder accessories,active
02382-001,"Designed for indoor drop ceiling installations for M4308. It’s robust with an IK10-rating and is easily installed. The enclosure is made of metal alloy, making it suitable for installations in air-handling (plenum) spaces. Casing includes mic holes.",139,USD,Audio and power accessories,active
02383-001,"Designed for indoor drop ceiling installations for selected Axis cameras (M3067/8, M4216). It’s robust with an IK10-rating and is easily installed. The enclosure is made of metal alloy, making it suitable for installations in air-handling (plenum) spaces.",139,USD,Cameras,active
02360-001,Bracket to mount and secure a F series main unit onto a surface. It withstands vibrations and secures all cables to/from the main unit.,41,USD,Recorder accessories,active
02361-001,"DIN clip + angled mounting bracket. Allows an AXIS F Series main unit to be mounted on a DIN rail with the short side against the rail to minimize used space. Main unit can be mounted with cables going in any of three directions (up, down or out from the rail).",41,USD,Recorder accessories,active
02427-001,Indoor conduit back box for AXIS M5000 & AXIS M5000-G.  Has a conduit side entry with a conduit cover.  Has 3 tx20 screws.,63,USD,Access,active
02285-001,"Strain relief accessory for AXIS D3110 Connectivity Hub, preventing cables getting lose over time causing disconnection of the device or sensors. Easy to mount, comes with two screws. 2 pack",31,USD,Recorder accessories,active
02302-001,Spare kit of connectors for AXIS D3110 Connectivity Hub.,20,USD,Access,active
02712-001,"A conduit back box that gives more space needed for installation.  Deeper back box than what product comes with and existing conduit back boxes.  Compatible with P1455-LE, P1467/8-LE.  Comes in Axis white and is IP66 and IK10.",84,USD,Access,active
02214-001,"AXIS TF1902-RE Mounting Bracket 4P is a bulk pack of 4x Mounting brackets. The mounting bracket is an accessory for the AXIS F2105-RE and F2135-RE, F7225-RE, FA1105, FA1125 and FA1080-E sensors.
Thanks to the different hole pattens as well as the possibility to bend the bracket in numerous directions, AXIS TF1202-RE Mounting bracket gives extra flexibility and resilience of the sensor unit.",10,USD,Recorder accessories,active
02216-001,"TF1202-RE Recessed Mount 4P is a bulk pack of 4x Recessed Mounts for AXIS F2105-RE Standard sensor.
AXIS TF1202-RE Recessed Mount is the perfect accessory when installing AXIS F2105-RE standard sensor in a wall, a glass, plastic or metal panel from 1 to 15mm. Beyond the aesthetics aspect giving a finishing look of the installation, it also guarantees that no water will leak into the wall or the panel.

AXIS TF1202-RE Recessed Mount is made of plastic and comes with a built-in lens protection highly recommended when AXIS F2105-RE is used in harsh environment.",34,USD,Recorder accessories,active
02217-001,"AXIS TF1203-RE Recessed Mount 4P is a bulk pack of 4x Recessed Mount for AXIS F2135-RE Fisheye sensor.
AXIS TF1203-RE Recessed Mount is the perfect accessory when installing AXIS F2135-RE standard sensor in a wall, a glass, plastic or metal panel from 1 to 15mm. Beyond the esthetics aspect giving a finishing look of the installation, it also guarantees that no water will leak into the wall or the panel.

AXIS TF1203-RE Recessed Mount is made of plastic and comes with a built-in lens protection highly recommended when AXIS F2135-RE is used in harsh environments.",34,USD,Recorder accessories,active
02212-001,AXIS TF1901-RE Swivel Mount 4P is a bulk pack of 4x Swivel Mounts for AXIS F21 sensors. It allows the modular sensor unit to be fixed and angled to get the desired viewing direction.,20,USD,Recorder accessories,active
02433-001,"AXIS TF1201-RE Recessed Mount is a bulk pack of 4x Recessed Mount for AXIS F2105-RE standard sensor unit and AXIS F2135-RE fisheye sensor unit. 
AXIS TF1201-RE Recessed Mount is the perfect accessory when installing the selected sensor units in a wall, a glass, plastic or metal panel from 1mm to 15mm. Beyond the aesthetics aspect giving a finishing look of the installation, it also guarantees that no water will leak into the wall or the panel.
AXIS TF1201-RE comes in silver and is made of aluminium.",66,USD,Recorder accessories,active
02567-001,"Wall mount compatible with all Axis outdoor fixed box cameras and housings. Corrosion tested according to NEMA 4X, UL listed and IK10 rated.Highly robust, Rotatable, and Flexible cable routing.",63,USD,Recorder accessories,active
02855-001,"Pendant kit for indoor and outdoor use for the AXIS Q36-VE Series compatible with Axis ceiling-/wall-/pole mounts with 1.5"" NPS thread.",129,USD,Recorder accessories,active
02856-001,Recessed mount for indoor and outdoor use of AXIS Q3626/8 VE.  It has a metal back box and is suitable for installation in plenum (air-handling) spaces.,169,USD,Recorder accessories,active
02837-001,"Pendant kit for wall mount or ceiling mount. Compatible with Axis mounting accessories with 1.5"" NPS thread. Compatible with the small form factor of AXIS M42 series of cameras.",41,USD,Recorder accessories,active
02836-001,A recessed mount compatible with M42 series of cameras.  Designed for soft ceilings that have thickness of 15+/-1 mm.  Includes adapter mount top and mount bottom.  Comes in 4p.,63,USD,Recorder accessories,active
02830-001,Outdoor recessed mount for AXIS P56 cameras. Also suitable indoor for recessed camera installations in plenum as the back box is made of metal and has a hole for cable protection conduits.,209,USD,Recorder accessories,active
02750-001,"Outdoor-ready, impact resistant (IK10) back box with sealed compartment (IP66/67) for secure storage of connectivity devices (T6101 MKII, T8645,8). 3/4"" / M25 conduit interface from both side and back. Can be mounted directly behind AXIS P4705-PLVE, and AXIS P4707-PLVE.",169,USD,Recorder accessories,active
02913-001,"Outdoor-ready, impact resistant (IK11) back box with sealed compartment (IP66/67) for secure storage of connectivity devices. 3/4"" / M25 conduit interface from both side and back. Can be mounted directly behind  AXIS P3807-PVE, AXIS P3818-PVE, AXIS P3827-PVE, AXIS Q3536-LVE, AXIS Q3538-LVE, AXIS Q3626-VE, AXIS Q3628-VE, AXIS Q3819-PVE, AXIS Q3839-PVE. Includes a network cable and extra gaskets.",189,USD,Recorder accessories,active
02923-001,"A black version of T91D61 which is chromated and powder coated aluminum wall mount with 1.5"" NPS thread for fixed dome pendant kits. Cable routing from behind or through 3/4"" conduit hole on the side. Includes mounting plate, pipe seal and conduit hole cover. Color: Black",159,USD,Recorder accessories,active
02924-001,"TP3105-E is a black version of T94N01D which is white.  It has a weathershield and a mounting adapter for AXIS P37x-PLE Network Cameras. The mounting adapter is compatible with 1.5-inch NPS thread. The kit enables AXIS P37x-PLE to be mounted on walls, poles, parapets and outer corners using AXIS T91 mounting accessories.",105,USD,Recorder accessories,active
02925-001,"Black Indoor pendant kit similar to T94K01D white for AXIS P32-V Series- AXIS M43/-V, AXIS M32-V, AXIS M30-V compatible with Axis ceiling-/wall mounts, AXIS pole mount and 1.5"" NPS threaded pipes.",52,USD,Recorder accessories,active
02961-001,"A black version of T91B67 white which is Outdoor-ready, powder-coated aluminum pole mount with 1.5"" NPS thread for fixed dome pendant kits. Includes insect-proof cable gasket and 1 pair of stainless steel straps (with TX30 screw) for pole diameter between 65-165mm (2.5""-6.5""). White in color.",169,USD,Recorder accessories,active
02873-001,"Outdoor recessed mount for discreet installations in drop ceilings, roof overhangs/soffits of 
AXIS P3735-PLE, AXIS P3737-PLE, AXIS P3738-PLE. Suitable for installations in plenum space, as the back box is made of metal with a ¾"" hole for cable protection conduits.",139,USD,Recorder accessories,active
02411-001,Wall-and-Pole Mount for Axis PTZ and multi-sensor cameras. Built-in Ethernet cable with an IP66 RJ45 connector for quick installation with protection against dust and water. Connect PoE via either RJ45 or IDC (insulation-displacement contact) connectors. Suitable for both indoor and outdoor environments. Separate stainless steel straps required for pole installation.,169,USD,Recorder accessories,active
02851-001,"Wall-and-Pole Mount for Axis PTZ and multi-sensor cameras. Built-in Ethernet cable with an IP66 RJ45 connector for quick installation with protection against dust and water. Connect PoE via either RJ45 or IDC (insulation-displacement contact) connectors. Suitable for both indoor and outdoor environments. Separate stainless steel straps required for pole installation.  The 1.5"" NPS thread mount ensures compatibility with all pendant kits for Axis fixed dome cameras.",199,USD,Recorder accessories,active
02978-001,Adhesive windshield mount compatible with selected F-series sensors for secure and easy mounting on the front windshield.,84,USD,Recorder accessories,active
02979-001,Adhesive windshield mount compatible with selected F-series sensors for secure and easy mounting on the rear windshield.,84,USD,Recorder accessories,active
02751-001,A cover sleave that fits around AXIS TP4601-E Conduit Back Box.  Sleave done for Q9307-LV used with AXIS TP4601-E Conduit Back Box.  If sleave not used with conduit back box there is a mushroom effect where Q9307 is too big for TP4601.  Technically Q9307 can fit on TP4601 without sleeve but would not look good.,41,USD,Access,active
02866-001,"Conduit back box for corner camera P9117-PV.  Has two conduit entries 3/4'' (m25), made of steel and comes in white.",119,USD,Cameras,active
03011-001,"Mechanical adapter that provides a U-shaped 30mm wide cable entry for use when a U-shape cable protection is required. The adapter is compatible with AXIS M5525-E, AXIS M5526-E.",20,USD,Access,active
03003-001,"Corner indoor bracket compatible with: AXIS P3265-LV: AXIS P3265-V, AXIS P3267-LV, AXIS P3268-LV,
AXIS Q9307-LV. Comes with 4 TX20 screws. Made of steel, and painted Axis white.",63,USD,Recorder accessories,active
03116-001,"Indoor recessed mount for drop ceiling installation. The aluminum (plenum) casing makes it suitable for use in air handling spaces. Compatible with AXIS M3125-LVE, AXIS M3126-LVE, AXIS M3128-LVE.",159,USD,Recorder accessories,active
03054-001,"A pole mount for Telesitting in Healthcare is main use case when a IV pole type needs a mount for a pole to attach a camera.  The mount should be mountable on thin poles from 18mm to 25mm.  Cable entry from top or bottom up.  Mount compatible with Q9307-LV, several P32 cameras and I8116.",105,USD,Recorder accessories,active
03207-001,"AXIS TF1201 Recessed Mount is a bulk pack of 4x Recessed Mount for AXIS FA1105 sensor unit 

Beyond the aesthetics aspect giving a finishing look of the installation, AXIS TF1201 Recessed Mount is the perfect accessory when installing the selected sensor units in a wall, a glass, plastic or metal panel from 1mm to 15mm. 

AXIS TF1201 comes in silver and is made of aluminium.",66,USD,Recorder accessories,active
03208-001,"TF1202 Recessed Mount 4P is a bulk pack of 4x Recessed Mounts for AXIS FA1105 sensor unit.

Beyond the aesthetics aspect giving a finishing look of the installation, AXIS TF1202 Recessed Mount is the perfect accessory when installing AXIS FA1105 sensor unit in a wall, a glass, plastic or metal panel from 1 to 15mm. 

AXIS TF1202 Recessed Mount is made of plastic and comes with a built-in lens protection highly recommended to protect FA1105 lens from tempering or vandalism.",34,USD,Recorder accessories,active
03035-001,AXIS TF1804 Bullet Housing 4P is a bulk pack of 4 Bullet Housings for AXIS F21 sensor units. AXIS TF1804 Bullet Housing is an indoor Bullet housing which fits all F21 sensors. The bullet housing comes with a stand for an easy mounting on a wall or celling.,119,USD,Recorder accessories,active
03115-001,"Recessed mount for AXIS M3125-LVE, AXIS M3126-LVE, AXIS M3128-LVE.  Indoor recessed mount for drop ceiling installations. Single-screw ceiling attachment for quick and easy installation. Not suitable for air-handling (plenum) spaces.",52,USD,Recorder accessories,active
03187-001,"A housing for AXIS M5000, AXIS M5000-G that makes the camera outdoor ready.  Resistant to harsh weather conditions (IP66, IK10, NEMA 4x), PVC-free, made of aluminum material.  Note a harting connector needs to be used as interface to secure IP-rating.",189,USD,Cameras,active
03232-001,"AXIS TP3107 Pendant Kit a mounting adapter for AXIS P3747-PLVE, AXIS P3748-PLVE.  The mounting adapter is compatible with 1.5-inch NPS thread. The kit enables mounting on walls, poles, parapets and outer corners using mounting accessories.",94,USD,Recorder accessories,active
03233-001,"AXIS TP3108-E Pendant Kit a mounting adapter with a weathershield for AXIS P3747-PLVE, AXIS P3748-PLVE. The mounting adapter is compatible with 1.5-inch NPS thread. The kit enables mounting on walls, poles, parapets and outer corners using mounting accessories.",105,USD,Recorder accessories,active
03008-001,"Elegant mount for outdoor/indoor mounting of Axis dome cameras in pendant style.  Concealed mounting with no visible screws. Audio sensor input entry.  Natural weather protection as well.    Room for cable slack.
Compatible with P32 LV/LVE variants and M3215/16-LVE variants.",105,USD,Audio and power accessories,active
02987-001,"Wall mount for AXIS P3268-SLVE, AXIS Q3538-SLVE made of marine grade stainless steel.  Resistant to see water and chemicals.",629,USD,Recorder accessories,active
02988-001,"Marine grade stainless steel pendant kit.  Corrosion resistant to seawater and chemicals.  Compatible with  
AXIS P3268-SLVE, AXIS Q3538-SLVE, AXIS TQ3003-SE Wall Mount.",479,USD,Recorder accessories,active
02989-001,"Marine grade stainless steel pendant kit.  Corrosion resistant to seawater and chemicals.  Compatible with  
AXIS P3268-SLVE, AXIS Q3538-SLVE, AXIS TQ3003-SE Wall Mount.  Additional weather protection.",529,USD,Recorder accessories,active
03186-001,"AXIS TC1605 Ceiling Mount - For ceiling installation of the AXIS C1720 Network Display Speaker (Corridor version with two displays and speakers). This accessory is designed to fit axis range of (pipe-) ceiling mounts, such as the AXIS T91B51 Ceiling Mount.",139,USD,Audio and power accessories,active
03185-001,"AXIS TC1604 Wall Mount, intended for wall mounting the AXIS C1720 Network Display Speaker (Corridor version with two displays and speakers).",169,USD,Audio and power accessories,active
03385-001,"A crane and traffic mount for more stability and less vibrations. Note: Pivot mount for more stability, Robust, IK10, Coating in corrosion resilient material, offers more stability to your camera installations in demanding situations, such as mounting on cranes or traffic lights. NEMA 4X-ratings and can be tilted up to 45 degrees. Compatible with P13-E/LE, P15-E/LE, T92E, T93F, Q16-LE, Q21-E/TE, T92G20, T91B47, TQ1809 Housing T92G,",84,USD,Recorder accessories,active
03006-001,Mount for the AXIS D4200-VE Network Strobe Speaker. For use cases where angling of the speaker is better and also allows for corner mounting,63,USD,Audio and power accessories,active
03266-001,"Indoor recessed mount for drop ceiling installations. Single-screw ceiling attachment for quick and easy installation. Not suitable for air-handling (plenum) spaces. Compatible with: AXIS P3267-LVE Mic, AXIS P327x-LV/LVE, AXIS P327x-LV/LVE, AXIS P328x-LV/LVE.",59,USD,Recorder accessories,active
03096-001,"Conduit back box for 1/4”-20 UNC 3/4” (M25).  Features the 1/4"" ACI interface to enable use of ACI adapters. Compatible with AXIS M42x-LV, V, LVE.",29,USD,Cameras,active
03136-001,"Conduit backbox for: AXIS P1455-LE,AXIS P1465-LE,AXIS P1465-LE-3,AXIS P1467-LE,AXIS P1468-LE,AXIS Q1951-E,AXIS Q1952-E,AXIS Q1961-TE,AXIS Q1971-E,AXIS Q1972-E. Enables safe cabling through 1/2"" (M20) conduits.",49,USD,Cameras,active
01227-001,"High accuracy outdoor positioning unit to be used with PT Mount models in AXIS Q19 and Q29 series. Responsive absolute positioning with high-speed and ultra-smooth pan and tilt capabilities. Integrated SFP slot for long-distance fiber connection. IK10, IP66, NEMA 4X rated and UL listed. Ready for column-mount. Optional wall mount and pole mount accessories available separately. Powered by 24 V AC/DC.",2069,USD,Recorder accessories,active
02575-001,"High accuracy outdoor positioning unit to be used with the outdoor models of AXIS P13 Series and AXIS Q1656-LE. Responsive absolute positioning with high-speed and ultra-smooth pan and tilt capabilities. Integrated SFP slot for long-distance fiber connection. IK10, IP66, NEMA 4X rated and UL listed. Ready for column-mount. Optional wall mount and pole mount accessories available separately. Powered by 24 V AC/DC. T99A12 expand the possibilities for IR light, upcoming White light as well as wiper which is included in upcoming AXIS Q1656-LE.",2069,USD,Recorder accessories,active
03049-001,"High accuracy outdoor positioning unit to be used with the outdoor models of fixed cameras series: AXIS P13, P15, Q16, and thermal Q21 Series.  Responsive absolute positioning with high-speed and ultra-smooth pan and tilt capabilities. Integrated SFP slot for long-distance fiber connection. IK10, IP66, NEMA 4X rated and UL listed. Ready for column-mount. Optional wall mount and pole mount accessories available separately. Powered by 56 V AC/DC. Expand the possibilities for IR light, with white light as well as wipers.",2069,USD,Recorder accessories,active
02222-001,"Versatile accessory to be used with AXIS C1410 Network Mini Speaker. It can be used as either a pendant kit with 3/4"" (M25) conduit interface, conduit back box with 1/2"" (M20) conduit side entry, or with standard stands or holders using the integrated female (M6) tripod thread.",52,USD,Audio and power accessories,active
02223-001,AXIS TC1701 Front Cover is sold as spare parts to the AXIS C1410 Network Mini Speaker. It enables easy on-site replacement in case the original front cover has been damaged. The cover is re-paintable. Solid in packs of five units.,119,USD,Audio and power accessories,active
02556-001,AXIS TC1702 Back Cover is an extra plenum cover to meet special plenum requirements in Chicago and Las Vegas installation. This back cover needs to be installed together with the AXIS TC1603 Tile Bridge. Sold in 4pcs per pack.,399,USD,Cameras,active
02555-001,"AXIS TC1603 Tile Bridge is a mount plate used with AXIS C1210-E Network Ceiling Speaker and AXIS C1211-E Network Ceiling Speaker. The tile bridge is to used in soft ceiling installations, as it prevents the ceiling tile to sink downward by distributing the speaker weight. Sold in 2pcs per pack.",52,USD,Audio and power accessories,active
02557-001,"AXIS TC1602 Conduit Adapter is used for protected cable routing in 3/4"" conduits and M20 pipes. Compatable with AXIS C12-series of network ceiling speakers. Sold in 5pcs per pack.",63,USD,Audio and power accessories,active
02558-001,AXIS TC1901 is a kit for installing AXIS C15 pendant speakers hanging from the ceiling. It contains a 10m/32.8ft wire and a hook for easy adjustment of the mounting height. Sold in 5pcs per pack.,109,USD,Audio and power accessories,active
02720-001,AXIS TC1902 is a gasket to use with AXIS C1210-E ceiling speakers to allow IP54 rating.,109,USD,Audio and power accessories,active
02721-001,AXIS TC1903 is a gasket to use with AXIS C1211-E ceiling speakers to allow IP54 rating.,84,USD,Audio and power accessories,active
02789-001,AXIS C6110 Network Paging Console comes with a built in microphone and can be used stand-alone. For customers preferring a gooseneck microphone AXIS TC6901 Gooseneck Microphone can be bought as an optional accessory.,179,USD,Audio and power accessories,active
02246-001,"AXIS Audio Manager Center is a subscription-based hybrid cloud service for remote management and monitoring of multisite audio systems. Cloud-based and on-premises components combine to provide a stable solution, even if internet access is temporarily down. The software significantly reduces user workloads, with a single sign-on to schedule announcements, background music, ads, and more for all selected sites using AXIS Audio Manager Edge. It’s simple to set up and to adjust zones, content, and schedules, without downtime. Furthermore, health monitoring provides immediate notifications if any part of the system isn’t working.

AXIS Audio Manager is licensed annually by the number of speaker devices (or equivalent) in the system. A no-cost version with a limited feature set is also available. 

Delivered as eLicense key. One license key per order line. Note: eLicenses are non-cancellable, non-changeable and non-returnable.",7,USD,Software and licensing,active
02062-001,"AXIS Audio Manager Pro provides easy, remote management of large IP audio installations. 

The AXIS AUDIO MANAGER PRO - E-LICENSE is used to when installing AXIS Audio Manager Pro on your own custom hardware or virtual machine (VMWare, Microsoft Hyper-V, Microsoft Windows Datacenter)

Delivered as eLicense key. One license key per unit. Note: eLicenses are non-cancellable, non-changeable and non-returnable.",2859,USD,Software and licensing,active
02723-004,"AXIS Audio Manager Pro provides easy, remote management of large IP audio installations. Take control of your complete audio system from one single user interface which handles, for example, system setup of audio devices, zone management, audio content management, and audio scheduling. Especially useful in retail or in schools, AXIS Audio Manager Pro helps you broadcast music, live or scheduled announcements, emergency messages, and more, either individually in separate zones or centrally to all devices. With quick installation, intuitive operation, and online device status monitoring, AXIS Audio Manager realizes the benefits of network audio.",3499,USD,Audio and power accessories,active
03093-001,"AXIS Speaker Functionality for Singlewire InformaCast® is a licensed add-on to compatible Axis network speakers, network bridge or network amplifier and with this you get InformaCast® compatibility. 

AXIS Speaker Functionality for Singlewire InformaCast® is applicable for One(1) Axis network device perpetually and it requires a separate subscription for the InformaCast® application acquired from Singlewire.

Delivered as an eLicense key, One license key per order line. Note: eLicenses are non-cancellable, non-changeable and non-returnable.",69,USD,Software and licensing,active
02962-001,"AXIS XC1311 Explosion-protected Network Horn Speaker is certified for use in hazardous locations (ATEX: II 2G Ex d IIC T5 Gb, II 2D Ex tb IIIC T=91°C Db; IECEx: Ex db IIC T5 Gb, Ex tb IIIC T=91°C Db; cULus: Class I Div 1 ABCD T5, Class I Zone 1 AEx db IIC T5 Gb, Zone 21 AEx tb IIIC T=91°C Db). The speaker is a complete audio system in a single unit. It connects to the standard existing network without need for a separate audio network. Built-in memory supports pre-recorded messages, or operators can respond to notifications with live speak. Digital signal processing (DSP) ensures clear sound. Open standards support easy integration with network video, access control, analytics, and VoIP (supporting SIP).",2749,USD,Access,active
02709-001,"AXIS C6110 Network Paging Console complements your network speakers to create a complete public address system that enables live paging, prerecorded callouts, and two-way audio. Configure as many zones as needed in the web interface, using the expandable tree structure. Then, to page, navigate to the right zone using the console’s color LCD and twelve physical buttons. You can also configure buttons to trigger actions on other IoT devices – for example, doors or lights. The console can be wall-mounted or placed on a desktop, where you can use it as-is, with an external headset, or with
AXIS TC6901 Gooseneck Microphone",1479,USD,Audio and power accessories,active
01796-001,"AXIS C1310-E Network Horn Speaker is perfect for outdoor environments in most climates. The speaker is a complete audio system in a single unit. It connects to the standard existing network so there is no need for a separate audio network. Further it is simple to install with PoE for both power and connectivity. AXIS C1310-E allows users to remotely It allows users to remotely warn off intruders before they commit a crime, to deliver instructions during an emergency or to make general voice messages. Built-in memory supports pre-recorded messages, or security personal can respond to notifications with live speak. Digital signal processing (DSP) ensures clear sound. Open standards support easy integration with network video, access control, analytics, and VoIP (supporting SIP).  AXIS C1310-E is a standalone unit that can be placed anywhere, which supports a flexible, scalable and cost-effective approach to system design.",599,USD,Access,active
0923-001,AXIS C1004-E Network Cabinet Speaker (black) is an all-in-one speaker system connected with a single network cable. It delivers out-of-the-box-ready high-quality sound without any need for fine-tuning. Background music can be played via the preinstalled AXIS Audio Player application. You can create and schedule your own playlists from an onboard SD card or from audio streaming services. AXIS C1004-E is also perfect for voice announcements (scheduled or live calls). The speakers can be zoned together thanks to built-in audio synchronization technology.,689,USD,Audio and power accessories,active
0833-001,AXIS C1004-E Network Cabinet Speaker (white) is an all-in-one speaker system connected with a single network cable. It delivers out-of-the-box-ready high-quality sound without any need for fine-tuning. Background music can be played via the preinstalled AXIS Audio Player application. You can create and schedule your own playlists from an onboard SD card or from audio streaming services. AXIS C1004-E is also perfect for voice announcements (scheduled or live calls). The speakers can be zoned together thanks to built-in audio synchronization technology.,689,USD,Audio and power accessories,active
01916-001,"AXIS C1410 Network Mini Speaker is a discreet and affordable speaker that fits into smaller spaces and provides wide-area audio coverage. The speaker is a complete audio system in a single unit. It connects to the standard existing network so there is no need for a separate audio network. Further it is simple to install with PoE for both power and connectivity. AXIS C1410 allows users to remotely warn off intruders before they commit a crime, to deliver instructions during an emergency or to make general announcements.  Built-in memory supports pre-recorded messages, or personnel can respond to notifications with live speak.  Digital signal processing (DSP) ensures clear sound and with remote health testing you know that it is working. Open standards support easy integration with network video, access control, analytics, and VoIP.  AXIS C1410 is a standalone unit that can be placed anywhere, which supports a flexible, scalable and cost-effective approach to system design.  It also has a built-in PIR sensor for motion detection.",329,USD,Access,active
02324-001,"AXIS C1210-E Network Ceiling Speaker is an all-in-one speaker system that makes voice announcements and background music smart and easy. It connects to standard network using one cable for both power (PoE) and connectivity. AXIS C1210-E offers flexible, discrete recessed ceiling installation, ideal for indoor environments but can also be used for protected outdoor areas like under the eaves. Additionally, it features a backbox that meets plenum requirements. It offers easy integration with your video management software (VMS), VoIP telephony, analytics, and more. Including a preconfigured digital signal processer (DSP) it produces clear voice every time. It also features a built-in microphone enabling remote health testing and 2-way audio talk-back. Furthermore, the embedded audio management software supports user, content, zone, and scheduling management. The outer diameter is 283 mm (11,1 in) and the dimension for fixing hole is 261 mm (10,3 in).",529,USD,Video Management System,active
02323-001,"AXIS C1211-E Network Ceiling Speaker is an all-in-one speaker system that makes voice announcements smart and easy. It connects to standard network using one cable for both power (PoE) and connectivity. AXIS C1211-E offers flexible, discrete recessed ceiling installation, ideal for indoor environments but can also be used for protected outdoor areas like under the eaves. Additionally, it features a backbox that meets plenum requirements. It offers easy integration with your video management software (VMS), VoIP telephony, analytics, and more. Including a preconfigured digital signal processer (DSP) it produces clear voice every time. It also features a built-in microphone enabling remote health testing and 2-way audio talk-back. Furthermore, the embedded audio management software supports user, content, zone, and scheduling management. The outer diameter is 216 mm (8,5 in) and the dimension for fixing hole is 194 mm (7,6 in).",449,USD,Video Management System,active
02389-001,"AXIS C1510 Network Pendant Speaker is an all-in-one speaker system that makes voice announcements smart and easy. It connects to standard network using one cable for both power (PoE) and connectivity. AXIS C1510 is ideal for high ceiling installations of any height, thanks to easy adjustable wire length [wire not included]. It offers easy integration with your video management software (VMS), VoIP telephony, analytics, and more. Including a preconfigured digital signal processer (DSP) it produces clear voice every time. It also features a built-in microphone enabling remote health testing and 2-way audio talk-back. Furthermore, the embedded audio management software supports user, content, zone, and scheduling management. Axis pendant speakers comes in two sizes, whereas AXIS C1510 is the larger more powerful model.",629,USD,Video Management System,active
02390-001,"AXIS C1511 Network Pendant Speaker is an all-in-one speaker system that makes voice announcements smart and easy. It connects to standard network using one cable for both power (PoE) and connectivity. AXIS C1511 is ideal for high ceiling installations of any height, thanks to easy adjustable wire length [wire not included]. It offers easy integration with your video management software (VMS), VoIP telephony, analytics, and more. Including a preconfigured digital signal processer (DSP) it produces clear voice every time. It also features a built-in microphone enabling remote health testing and 2-way audio talk-back. Furthermore, the embedded audio management software supports user, content, zone, and scheduling management. Axis pendant speakers comes in two sizes, whereas AXIS C1511 is the smaller model.",559,USD,Video Management System,active
02378-004,"This timesaving, pre-assembled Audio Ceiling Tile Kit includes Quam SYSTEM 17/8 – a 2x2 drop-in, perforated steel ceiling tile speaker - integrated with AXIS C8210 Network Audio Amplifier. Utilizing AXIS C8210, the kit provides network audio via PoE connection as well as flexibility for live or scheduled announcements, alerts, background music and more.",579,USD,Audio and power accessories,active
02379-004,"Audio Ceiling Tile Kit - Camera Ready includes Kit includes Quam SYSTEM 17/8 – a 2x2 drop-in, perforated steel ceiling tile speaker - integrated with AXIS C8210 Network Audio Amplifier. Utilizing AXIS C8210, the kit provides network audio via PoE connection as well as flexibility for live or scheduled announcements, alerts, background music and more. This camera-ready version provides mounting for a fixed-dome or panoramic camera, or another device that fits a 1-gang and 4-square mounting hole pattern. Camera sold separately.",629,USD,Audio and power accessories,active
02380-001,"AXIS C1610-VE Network Sound Projector is perfect for outdoor environments in most climates. It has a nice design and is very robust (IK11 rating) making it the perfect choice for environments in need for a less intrusive design and when the placement means a risk for vandalism from people. AXIS C1610-VE allows users to remotely warn off intruders before they commit a crime, to deliver instructions during an emergency or to make general voice messages. The speaker is a complete audio system in a single unit including audio management software. It connects to the standard existing network so there is no need for a separate audio network. Further it is simple to install with PoE for both power and connectivity. Built-in memory supports pre-recorded messages, or security personal can respond to notifications with live speak. Digital signal processing (DSP) ensures clear sound and the speakers sound quality enables high quality speech. Open standards support easy integration with network video, access control, analytics, and VoIP (supporting SIP). AXIS C1610-VE is a standalone unit that can be placed anywhere, which supports a flexible, scalable and cost-effective approach to system design.",849,USD,Access,active
02695-001,"AXIS C1110-E is a combination of great performance and design. It is a very flexible speaker that can be used for voice messages and background music, can be installed indoors or protected outdoors, its easy-click mounting bracket supports installations on walls, ceilings, and poles, and it can be mounted horizontally or vertically. AXIS C1110-E supports full duplex 2-way communication with echo cancellation, and the built-in microphone enables remote health testing as well. AXIS C1010-E offers digital signal processing for clear voice messages and background music, and its rich bass makes it the perfect choice if background music is a primary use case. It’s built on an open platform, supporting integration with VMS, access control, analytics and VoIP with SIP support. AXIS Audio Manager Edge software comes preinstalled for easy management of users, content, zones, and scheduling. This all-in-one speaker system connects to the standard network using a single cable for power (PoE) and connectivity.",789,USD,Video Management System,active
02696-001,"AXIS C1110-E is a combination of great performance and design. It is a very flexible speaker that can be used for voice messages and background music, can be installed indoors or protected outdoors, its easy-click mounting bracket supports installations on walls, ceilings, and poles, and it can be mounted horizontally or vertically. AXIS C1110-E supports full duplex 2-way communication with echo cancellation, and the built-in microphone enables remote health testing as well. AXIS C1010-E offers digital signal processing for clear voice messages and background music, and its rich bass makes it the perfect choice if background music is a primary use case. It’s built on an open platform, supporting integration with VMS, access control, analytics and VoIP with SIP support. AXIS Audio Manager Edge software comes preinstalled for easy management of users, content, zones, and scheduling. This all-in-one speaker system connects to the standard network using a single cable for power (PoE) and connectivity.",789,USD,Video Management System,active
02697-001,"AXIS C1111-E is a combination of great performance and design. It is a very flexible speaker that can be used for voice messages and background music, can be installed indoors or protected outdoors, its easy-click mounting bracket supports installations on walls, ceilings, and poles, and it can be mounted horizontally or vertically. AXIS C1111-E supports full duplex 2-way communication with echo cancellation, and the built-in microphone enables remote health testing as well. AXIS C1011-E offers digital signal processing for clear voice messages and background music. It’s built on an open platform, supporting integration with VMS, access control, analytics and VoIP with SIP support. AXIS Audio Manager Edge software comes preinstalled for easy management of users, content, zones, and scheduling. This all-in-one speaker system connects to the standard network using a single cable for power (PoE) and connectivity.",629,USD,Video Management System,active
02698-001,"AXIS C1111-E is a combination of great performance and design. It is a very flexible speaker that can be used for voice messages and background music, can be installed indoors or protected outdoors, its easy-click mounting bracket supports installations on walls, ceilings, and poles, and it can be mounted horizontally or vertically. AXIS C1111-E supports full duplex 2-way communication with echo cancellation, and the built-in microphone enables remote health testing as well. AXIS C1011-E offers digital signal processing for clear voice messages and background music. It’s built on an open platform, supporting integration with VMS, access control, analytics and VoIP with SIP support. AXIS Audio Manager Edge software comes preinstalled for easy management of users, content, zones, and scheduling. This all-in-one speaker system connects to the standard network using a single cable for power (PoE) and connectivity.",629,USD,Video Management System,active
02813-001,"AXIS C1310-E Mk II Network Horn Speaker is perfect for outdoor environments in most climates. The speaker is a complete audio system in a single unit. It connects to the standard existing network so there is no need for a separate audio network. Further it is simple to install with PoE for both power and connectivity. AXIS C1310-E Mk II allows users to remotely warn off intruders before they commit a crime, to deliver instructions during an emergency or to make general voice messages. Built-in memory supports pre-recorded messages, or security personal can respond to notifications with live speak. Digital signal processing (DSP) ensures clear sound. Open standards support easy integration with network video, access control, analytics, and VoIP (supporting SIP).",639,USD,Access,active
02838-001,"AXIS C1410 Mk II Network Mini Speaker is a discreet and affordable speaker that fits into smaller spaces and provides widearea audio coverage. It allows users to remotely warn off intruders before they commit a crime, to deliver instructions during an emergency or to make general announcements. Built-in memory supports pre-recorded messages, or personnel can respond to notifications with live speak. Digital signal processing (DSP) ensures clear sound. Open standards support easy integration with network video, access control, analytics, and VoIP. It also has a built-in PIR sensor for motion detection.",369,USD,Access,active
02959-001,"AXIS C1710 Network Display Speaker (wall mounted) is an all-in-one speaker system featuring a powerful speaker, a bright color LCD display and a strobe light. The speaker delivers clear and loud voice messages for critical situations as well as daily communications. The strobe captivates attention and the bright display communicates the text message. It connects to standard network using one cable for both power (PoE) and connectivity. AXIS C1710 works both stand alone as well as integrated with your video management software (VMS), VoIP telephony, analytics, and third party mass communication systems like Singlewire Informacast. A built-in microphone enabling remote health testing and two-way audio in full duplex with echo cancellation. Furthermore, the embedded audio management software supports user, content, zone, and scheduling management. This wall-mounted product is designed with the installer and customer in mind, easy and safe installation and configurable to the customers use cases.",1689,USD,Video Management System,active
02960-001,"AXIS C1720 Network Display Speaker (Corridor version with two displays and speakers) is an all-in-one speaker system featuring two powerful speakers, two bright color LCD displays and a strobe light. The speaker delivers clear and loud voice messages for critical situations as well as daily communications. The strobe captivates attention and the bright display communicates the text message. It connects to standard network using one cable for both power (PoE) and connectivity. AXIS C1710 works both stand alone as well as integrated with your video management software (VMS), VoIP telephony, analytics, and third party mass communication systems like Singlewire Informacast. A built-in microphone enabling remote health testing and two-way audio in full duplex with echo cancellation. Furthermore, the embedded audio management software supports user, content, zone, and scheduling management. This wall or ceiling mounted product is designed with the installer and customer in mind, easy and safe installation and configurable to the customers use cases.",1999,USD,Video Management System,active
02559-001,AXIS TC1703 Front mesh cover is sold as spare parts to the AXIS C1210-E Ceiling Speaker and AXIS C1510 Pendant Speaker. It enables easy on-site replacement in case the original front mesh cover has been damaged. The cover is re-paintable. Solid in packs of five units.,109,USD,Audio and power accessories,active
02560-001,AXIS TC1704 Front mesh cover is sold as spare parts to the AXIS C1211-E Ceiling Speaker and AXIS C1511 Pendant Speaker. It enables easy on-site replacement in case the original front mesh cover has been damaged. The cover is re-paintable. Solid in packs of five units.,84,USD,Audio and power accessories,active
02888-001,AXIS TC1705 White Front mesh cover is sold as spare parts to the White AXIS C1110-E Network Cabinet Speaker. It enables easy on-site replacement in case the original front mesh cover has been damaged. The cover is re-paintable. Sold in packs of five units.,209,USD,Audio and power accessories,active
02889-001,AXIS TC1705 Black Front mesh cover is sold as spare parts to the Black AXIS C1110-E Network Cabinet Speaker. It enables easy on-site replacement in case the original front mesh cover has been damaged. The cover is re-paintable. Sold in packs of five units.,209,USD,Audio and power accessories,active
02890-001,AXIS TC1706 White Front mesh cover is sold as spare parts to the AXIS C1111-E Network Cabinet Speaker. It enables easy on-site replacement in case the original front mesh cover has been damaged. The cover is re-paintable. Sold in packs of five units.,189,USD,Audio and power accessories,active
02891-001,AXIS TC1706 Black Front mesh cover is sold as spare parts to the AXIS C1111-E Network Cabinet Speaker. It enables easy on-site replacement in case the original front mesh cover has been damaged. The cover is re-paintable. Sold in packs of five units.,189,USD,Audio and power accessories,active
02741-001,"AXIS C8310 is a control panel for adjusting music volume in a zone and selecting between multiple scheduled audio sources. The panel has six buttons with volume up, volume down, mute and three numbered program selectors. It connects as an accessory to the I/O port of a host network audio device. It supports recessed wall mount (US single gang box and EU connection box). The product is easy to install and a frame for optional wall mount is included. The product is available in white.",179,USD,Audio and power accessories,active
02370-001,AXIS C8110 Network Audio Bridge is a smart solution based on open standards for connecting and combining analog and digital audio systems. Thanks to the built-in AXIS Audio Manager Edge application you can get functionalities like zone management and content scheduling in existing analog systems. With SIP support it is possible to connect an IP telephony system for callouts in analog speakers. With analog audio input you can easily integrate your intercom system or music streaming box with network speakers from Axis.,289,USD,Audio and power accessories,active
01558-001,"AXIS C8210 Network Audio Amplifier is a smart migration tool for transforming any passive speaker, independent of brand or formfactor, into a network speaker. This gives you all the benefits of network audio including less components. AXIS C8210 enables scalable and cost-effective solutions and can power up to eight speakers with a total power output of 15 W. Based on open standards, the amplifier is easily integrated with other systems. It is small, easy to place, and easy to connect using Power over Ethernet.",449,USD,Audio and power accessories,active
02278-001,"Explosion-protected stainless steel (316L) PTZ network camera certified for use in hazardous areas according to ATEX, IECEx, cMETus. Ex db IIC T5 Gb, Ex tb IIIC T100°C Db, Class I/II/III Div 1 Groups B, C, D, E, F, G, Class I Zone 1 AEx db IIC T5 Gb, Zone 21 AEx tb IIIC T100°C Db. IP 66/67/68, Type 4X. Certificate: 20ATEX0651X (ATEX), EXV 20.0017X (IECEx), E115198 (cMETus), part code: P21. AXIS Q1785 1080p HDTV camera inside with 32x optical zoom, auto focus and day/night mode. Continuous 360° pan and tilt and 256 preset positions. Multiple, individually configurable H.264 and Motion JPEG streams; max HDTV 1080p resolution at 25/30 fps. It supports Onvif, WDR, EIS and built-in smoke and fire detection. Operating temp -60°C to +60°C. 110-230VAC, RJ45 and SFP for fiber or coax connection. Integrated wiper, sunshield and AXIS Surveillance microSDXC card 128Gb included.",19999,USD,Power Supply,active
02462-001,"1/1.8” sensor, 4 MP, Day/night, explosion-protected fixed camera with Deep Learning Processing Unit (DLPU). Support for Forensic WDR and Lightfinder 2.0. Includes an IR corrected varifocal 3.9-10 mm F1.5 i-CS lens with remote zoom and focus. Multiple, individually configurable streams, H.264/H.265 with Zipstream and Motion JPEG. 4MP stream up to 60 fps, 30 fps with WDR. AXIS Object Analytics with PPE monitoring (missing hard hat detection), Video motion detection, shock detection and active tampering alarm. Smoke alert smoke and fire detection analytic. AXIS Edge Vault with FIPS certified TPM for added cyber security. Barrel distortion correction, defogging, electronic image stabilization and scene profiles. MQTT Support. Optional analog or digital microphone, two-way audio. Supervised I/O for alarm/event handling, 128GB SD card included. Serial port for RS485 communication. PoE or 110-230VAC power input, SFP + RJ45 for network connectivity. Electropolished  stainless steel (316L) enclosure, certified for use in hazardous areas according to ATEX, IECEx, cMETus. Ex db IIC T5 Gb, Ex tb IIIC T100°C Db, Class I/II/III Div 1 Groups B, C, D, E, F, G, Class I Zone 1 AEx db IIC T5 Gb, Zone 21 AEx tb IIIC T100°C Db. IP 66/67/68, Type 4X. Certificate: 20ATEX0651X (ATEX), EXV 20.0017X (IECEx), E115198 (cMETus), part code: F31. Swivel joint included.",10599,USD,Power Supply,active
02534-001,"Explosion-protected (ATEX: II 3 G Ex ec IIC T4 Gc, II 2 D Ex tb IIIC 135C Db; IECEx: Ex ec IIC T4 Gc, Ex tb IIIC T135C Db; cULus: Class I Div 2 Group ABCD T4, Class II Div 2 Group FG T135C; Class III Div 2, Class I Zone 2 AEx ec IIC T4 Gc, Zone 21 AEx IIIC T135C Db) fixed bullet camera with Deep Learning Processing Unit (DLPU). Support for Forensic WDR and Lightfinder 2.0 and OptimizedIR. Varifocal 6-13 mm P-iris lens with remote zoom and focus. Multiple, individually configurable H.264/H.265 with Zipstream and Motion JPEG. 8MP stream up to 60 fps, 30fps with WDR. Axis Zipstream technology for reduced bandwidth and storage needs. AXIS Object Analytics, Smoke alert analytic. Video motion detection, shock detection and active tampering alarm.
Barrel distortion correction, defogging and scene profiles. Audio in and supervised I/O port, microSD memory card slot for local storage. MQTT Support. AXIS Edge Vault for added cyber security. OptimizedIR, a power-efficient IR LED technology. Integrated bracket for easy mounting on wall and ceiling.
Powered by IEEE 802.3af/802.3at Type 1 Class 3 and 10-28V DC power with redundancy. Operating conditions -40 °C to 60 °C (-40 °F to 140 °F). Includes removable sunshield.",3179,USD,Audio and power accessories,active
02535-001,"AXIS Q1961-XTE is an ARTPEC 8 based explosion-protected (ATEX: II 3 G Ex ec IIC T4 Gc, II 2 D Ex tb IIIC 135C Db; IECEx: Ex ec IIC T4 Gc, Ex tb IIIC T135C Db; cULus: Class I Div 2 Group ABCD T4, Class II Div 2 Group FG T135C; Class III Div 2, Class I Zone 2 AEx ec IIC T4 Gc, Zone 21 AEx IIIC T135C Db) thermometric camera that lets you remotely monitor temperatures from -40 °C to 350 °C (-40 °F to 660 °F). It supports up to 10 configurable polygonal detection areas allowing you to monitor for specific temperature levels and change rates. With early fire detection analytics (included), it’s possible to set triggers and preventively act on early signs of fire. Robust and impact-resistant (IK10 (excluding front glass) and IP66/67), it includes built-in cybersecurity features to help safeguard your system. The product is halogen free and light weight.
Edge-to-edge functionality lets you connect network speakers and other Axis network devices.",7419,USD,Audio and power accessories,active
02349-001,"Day/night, small indoor box style 2 MP / HDTV camera with a Deep Learning Processing Unit (DPLU). Built-in IR illumination and WDR. Fixed lens with 103° HFOV. Automatic IR cut filter. Multiple, individually configurable H.264, H.265 and Motion JPEG streams; max HDTV 1080p resolution at 30 fps. Axis’ Zipstream technology for reduced bandwidth and storage needs. Built-in I/O. MQTT support. Axis Object Analytics, video motion detection and active tampering alarm. MicroSD memory card slot for local storage. AXIS Edge Vault for increased Cyber Security. Tally LED to indicate video streaming or recording. Powered by IEEE 802.3af/802.3at Type 1 Class 3. Includes bracket for easy mounting on wall and corner. Midspan not included.",309,USD,Power Supply,active
02350-001,"Day/night, small fully featured indoor box style 2 MP / HDTV camera with a Deep Learning Processing Unit (DPLU). Built-in IR illumination and WDR. Fixed lens with 103° HFOV. Automatic IR cut filter. Multiple, individually configurable H.264, H.265 and Motion JPEG streams; max HDTV 1080p resolution at 30 fps. Axis’ Zipstream technology for reduced bandwidth and storage needs. Built-in microphones and speaker for two-way audio, I/O and integrated PIR motion sensor. Micro-HDMI output. MQTT support. Axis Object Analytics, video motion detection and active tampering alarm. MicroSD memory card slot for local storage. AXIS Edge Vault for increased Cyber Security. Tally LED to indicate video streaming or recording. Powered by IEEE 802.3af/802.3at Type 1 Class 3. Optional wireless kit available. Includes bracket for easy mounting on wall and corner. Midspan not included.",359,USD,Power Supply,active
02483-001,"HDTV 1080p resolution, day/night, compact fixed box camera with CS-mount providing Forensic WDR and Lightfinder technology. Includes an IR corrected varifocal 3-10.5 mm F1.4 DC-iris lens. Camera also supports i-CS lenses for remote installation zoom and focus. Multiple, individually configurable H.264, H.265 and Motion JPEG streams; full HDTV 1080p at 25/30 fps. Axis Zipstream technology for reduced bandwidth and storage needs. AXIS Object Analytics and active tampering alarm. Audio in and audio detection with either built-in microphone or optional microphone. I/O for alarm/event handling. MQTT support. Axis Edge Vault for added cyber security. MicroSD card slot for local storage. Powered by IEEE 802.3af/802.3at Type 1 Class 3 or 8-28VDC input. Includes stand for wall and ceiling mount. Midspan or power supply not included.",479,USD,Power Supply,active
02580-001,"HDTV 1080p resolution, day/night, compact fixed box camera with CS-mount providing Forensic WDR and Lightfinder technology. Includes an IR corrected varifocal i-CS lens 3.5-10 mm F1.8 with remote installation zoom and focus. Camera also supports DC-iris lenses. Multiple, individually configurable H.264, H.265 and Motion JPEG streams; full HDTV 1080p at 25/30 fps. Axis Zipstream technology for reduced bandwidth and storage needs. AXIS Object Analytics and active tampering alarm. Audio in and audio detection with either built-in microphone or optional microphone. I/O for alarm/event handling. MQTT support. Axis Edge Vault for added cyber security. MicroSD card slot for local storage. Powered by IEEE 802.3af/802.3at Type 1 Class 3 or 8-28VDC input. Includes stand for wall and ceiling mount. Midspan or power supply not included.",579,USD,Power Supply,active
02485-001,"Outdoor, NEMA 4X, IP66 and IK10-rated, light weight HDTV 1080p resolution, day/night, compact fixed box camera with CS-mount providing Forensic WDR and Lightfinder technology. Includes an IR corrected varifocal 3-10.5 mm F1.4 DC-iris lens. Camera also supports i-CS lenses for remote installation zoom and focus. Multiple, individually configurable H.264, H.265 and Motion JPEG streams; full HDTV 1080p at 25/30 fps. Axis Zipstream technology for reduced bandwidth and storage needs. AXIS Object Analytics and active tampering alarm. Audio in and audio detection with optional microphone. I/O for alarm/event handling, MQTT support. Axis Edge Vault for added cyber security. MicroSD card slot for local storage. Operation in -25°C to +50°C. Powered by IEEE 802.3af/802.3at Type 1 Class 3 or 8-28VDC input. Includes removable sunshield, wall bracket, Torx T20 screw driver and IP66- rated cable glands. Midspan or power supply not included.",579,USD,Power Supply,active
02622-001,"Outdoor, NEMA 4X, IP66 and IK10-rated, light weight HDTV 1080p resolution, day/night, compact fixed box camera with CS-mount providing Forensic WDR and Lightfinder technology. Includes an IR corrected varifocal i-CS lens 3.5-10 mm F1.8 with remote installation zoom and focus. Camera also supports DC-iris lenses. Multiple, individually configurable H.264, H.265 and Motion JPEG streams; full HDTV 1080p at 25/30 fps. Axis Zipstream technology for reduced bandwidth and storage needs. AXIS Object Analytics and active tampering alarm. Audio in and audio detection with optional microphone. I/O for alarm/event handling, MQTT support. Axis Edge Vault for added cyber security. MicroSD card slot for local storage. Operation in -25°C to +50°C. Powered by IEEE 802.3af/802.3at Type 1 Class 3 or 8-28VDC input. Includes removable sunshield, wall bracket, Torx T20 screw driver and IP66- rated cable glands. Midspan or power supply not included.",689,USD,Power Supply,active
02484-001,"5MP resolution, day/night, compact fixed box camera with CS-mount providing Forensic WDR and Lightfinder technology. Includes an IR corrected varifocal 2.8-13 mm F1.4 DC-iris lens. Camera also supports i-CS lenses for remote installation zoom and focus. Multiple, individually configurable H.264, H.265 and Motion JPEG streams; 5MP at 25/30 fps. Axis Zipstream technology for reduced bandwidth and storage needs. AXIS Object Analytics and active tampering alarm. Audio in and audio detection with either built-in microphone or optional microphone. I/O for alarm/event handling. MQTT support. Axis Edge Vault for added cyber security. MicroSD card slot for local storage. Powered by IEEE 802.3af/802.3at Type 1 Class 3 or 8-28VDC input. Includes stand for wall and ceiling mount. Midspan or power supply not included.",569,USD,Power Supply,active
02581-001,"5MP resolution, day/night, compact fixed box camera with CS-mount providing Forensic WDR and Lightfinder technology. Includes an IR corrected varifocal i-CS lens 3.5-10 mm F1.8 with remote installation zoom and focus. Camera also supports DC-iris lenses. Multiple, individually configurable H.264, H.265 and Motion JPEG streams; 5MP at 25/30 fps. Axis Zipstream technology for reduced bandwidth and storage needs. AXIS Object Analytics and active tampering alarm. Audio in and audio detection with either built-in microphone or optional microphone. I/O for alarm/event handling. MQTT support. Axis Edge Vault for added cyber security. MicroSD card slot for local storage. Powered by IEEE 802.3af/802.3at Type 1 Class 3 or 8-28VDC input. Includes stand for wall and ceiling mount. Midspan or power supply not included.",679,USD,Power Supply,active
02486-001,"Outdoor, NEMA 4X, IP66 and IK10-rated, light weight 5MP resolution, day/night, compact fixed box camera with CS-mount providing Forensic WDR and Lightfinder technology. Includes an IR corrected varifocal 2.8-13 mm F1.4 DC-iris lens. Camera also supports i-CS lenses for remote installation zoom and focus. Multiple, individually configurable H.264, H.265 and Motion JPEG streams; full HDTV 5MP at 25/30 fps. Axis Zipstream technology for reduced bandwidth and storage needs. AXIS Object Analytics and active tampering alarm. Audio in and audio detection with optional microphone. I/O for alarm/event handling, MQTT support. Axis Edge Vault for added cyber security. MicroSD card slot for local storage. Operation in -25°C to +50°C. Powered by IEEE 802.3af/802.3at Type 1 Class 3 or 8-28VDC input. Includes removable sunshield, wall bracket, Torx T20 screw driver and IP66- rated cable glands. Midspan or power supply not included.",679,USD,Power Supply,active
02623-001,"Outdoor, NEMA 4X, IP66 and IK10-rated, light weight 5MP resolution, day/night, compact fixed box camera with CS-mount providing Forensic WDR and Lightfinder technology. Includes an IR corrected varifocal i-CS lens 3.5-10 mm F1.8 with remote installation zoom and focus. Camera also supports DC-iris lenses. Multiple, individually configurable H.264, H.265 and Motion JPEG streams; full HDTV 5MP at 25/30 fps. Axis Zipstream technology for reduced bandwidth and storage needs. AXIS Object Analytics and active tampering alarm. Audio in and audio detection with optional microphone. I/O for alarm/event handling, MQTT support. Axis Edge Vault for added cyber security. MicroSD card slot for local storage. Operation in -25°C to +50°C. Powered by IEEE 802.3af/802.3at Type 1 Class 3 or 8-28VDC input. Includes removable sunshield, wall bracket, Torx T20 screw driver and IP66- rated cable glands. Midspan or power supply not included.",779,USD,Power Supply,active
02124-001,"Day/night, compact and outdoor-ready bullet style HDTV camera, IP66, IP67, NEMA 4X and IK08-rated. Built-in IR illumination and WDR. Fixed lens with 101° HFOV, corridor format, automatic IR cut filter. Multiple, individually configurable H.264, H.265 and Motion JPEG streams; max HDTV 1080p resolution at 30 fps. Axis’ Zipstream technology for reduced bandwidth and storage needs. Includes a Deep Learning Processing Unit (DPLU) for advanced analytics. Axis Object Analytics, video motion detection and active tampering alarm. Memory card slot for optional local video storage. AXIS Edge Vault for increased Cyber Security. Integrated bracket for easy mounting on wall and ceiling. Power over Ethernet. Operating conditions -30 °C to 50 °C (-22 °F to 122 °F). Midspan not included.",399,USD,Power Supply,active
02131-001,"Day/night, compact and outdoor-ready bullet style HDTV camera in black color, IP66, IP67, NEMA 4X and IK08-rated. Built-in IR illumination and WDR. Fixed lens with 101° HFOV, corridor format, automatic IR cut filter. Multiple, individually configurable H.264, H.265 and Motion JPEG streams; max HDTV 1080p resolution at 30 fps. Axis’ Zipstream technology for reduced bandwidth and storage needs. Includes a Deep Learning Processing Unit (DPLU) for advanced analytics. Axis Object Analytics, video motion detection and active tampering alarm. Memory card slot for optional local video storage. AXIS Edge Vault for increased Cyber Security. Integrated bracket for easy mounting on wall and ceiling. Power over Ethernet. Operating conditions -30 °C to 50 °C (-22 °F to 122 °F). Midspan not included.",399,USD,Power Supply,active
02132-001,"Day/night, compact and outdoor-ready bullet style HDTV camera, IP66, IP67, NEMA 4X and IK08-rated. Built-in IR illumination and WDR. Fixed tele lens with 39° HFOV, corridor format, automatic IR cut filter. Multiple, individually configurable H.264, H.265 and Motion JPEG streams; max HDTV 1080p resolution at 30 fps. Axis’ Zipstream technology for reduced bandwidth and storage needs. Includes a Deep Learning Processing Unit (DPLU) for advanced analytics. Axis Object Analytics, video motion detection and active tampering alarm. Memory card slot for optional local video storage. AXIS Edge Vault for increased Cyber Security. Integrated bracket for easy mounting on wall and ceiling. Power over Ethernet. Operating conditions -30 °C to 50 °C (-22 °F to 122 °F). Midspan not included.",399,USD,Power Supply,active
02133-001,"Day/night, compact and outdoor-ready bullet style HDTV camera in black color, IP66, IP67, NEMA 4X and IK08-rated. Built-in IR illumination and WDR. Fixed tele lens with 39° HFOV, corridor format, automatic IR cut filter. Multiple, individually configurable H.264, H.265 and Motion JPEG streams; max HDTV 1080p resolution at 30 fps. Axis’ Zipstream technology for reduced bandwidth and storage needs. Includes a Deep Learning Processing Unit (DPLU) for advanced analytics. Axis Object Analytics, video motion detection and active tampering alarm. Memory card slot for optional local video storage. AXIS Edge Vault for increased Cyber Security. Integrated bracket for easy mounting on wall and ceiling. Power over Ethernet. Operating conditions -30 °C to 50 °C (-22 °F to 122 °F). Midspan not included.",399,USD,Power Supply,active
02125-001,"Day/night, compact and outdoor-ready bullet style 4 MP camera, IP66, IP67, NEMA 4X and IK08-rated. 
Built-in IR illumination and WDR. Fixed lens with 130° HFOV, corridor format, automatic IR cut filter. Multiple, individually configurable H.264, H.265 and Motion JPEG streams; max 4 MP / QuadHD resolution at 30 fps. Axis’ Zipstream technology for reduced bandwidth and storage needs. Includes a Deep Learning Processing Unit (DPLU) for advanced analytics. Axis Object Analytics, video motion detection and active tampering alarm. Memory card slot for optional local video storage. AXIS Edge Vault for increased Cyber Security. Integrated bracket for easy mounting on wall and ceiling. Power over Ethernet. Operating conditions -30 °C to 50 °C (-22 °F to 122 °F). Midspan not included.",449,USD,Power Supply,active
02134-001,"Day/night, compact and outdoor-ready bullet style 4 MP camera in black color, IP66, IP67, NEMA 4X and IK08-rated. Built-in IR illumination and WDR. Fixed lens with 130° HFOV, corridor format, automatic IR cut filter. Multiple, individually configurable H.264, H.265 and Motion JPEG streams; max 4 MP / QuadHD resolution at 30 fps. Axis’ Zipstream technology for reduced bandwidth and storage needs. Includes a Deep Learning Processing Unit (DPLU) for advanced analytics. Axis Object Analytics, video motion detection and active tampering alarm. Memory card slot for optional local video storage. AXIS Edge Vault for increased Cyber Security. Integrated bracket for easy mounting on wall and ceiling. Power over Ethernet. Operating conditions -30 °C to 50 °C (-22 °F to 122 °F). Midspan not included.",449,USD,Power Supply,active
01532-001,"HDTV 1080p resolution, day/night, fixed box camera providing Forensic WDR and Lightfinder 2.0 technology. Includes an IR corrected varifocal 2.8-8 mm F1.2 P-Iris lens and remote back focus. Camera also supports CS-mount DC-iris lenses and i-CS lenses for remote installation zoom and focus. Multiple, individually configurable H.264, H.265 and Motion JPEG streams; full HDTV 1080p at 50/60 fps. Axis Zipstream technology for reduced bandwidth and storage needs. Video motion detection, shock detection, active tampering alarm and security lock slot. Corridor format, barrel distortion correction, defogging and electronic image stabilization. Scene profiles. Two-way audio, audio detection with either built-in microphone or optional analog or digital microphone. Supervised I/O for alarm/event handling, MicroSD/MicroSDHC memory card slot for optional local video storage. Serial port for RS422/485 communication. Power over Ethernet or 12-28VDC input. Includes black stand for wall and ceiling mount with hole for easy cable management. Midspan or power supply not included.",739,USD,Power Supply,active
01533-031,AXIS P1375-E Barebone. No lens. Midspan not included,949,USD,Power Supply,active
41533-001,"Outdoor with extra heater, NEMA 4X, IP66/67 and IK10-rated, light weight HDTV 1080p resolution, day/night, fixed box camera providing Forensic WDR and Lightfinder 2.0 technology. Includes an IR corrected varifocal 2.8-8 mm F1.2 P-Iris lens and remote back focus. Camera also supports CS-mount DC-iris lenses and i-CS lenses for remote installation zoom and focus. Multiple, individually configurable H.264, H.265 and Motion JPEG streams; full HDTV 1080p at 50/60 fps. Axis Zipstream technology for reduced bandwidth and storage needs. Video motion detection, shock detection, active tampering alarm and open casing intrusion switch. Corridor format, barrel distortion correction, defogging and electronic image stabilization. Scene profiles. Two-way audio, audio detection with optional analog or digital microphone. Supervised I/O for alarm/event handling, MicroSD/MicroSDHC memory card slot for optional local video storage. Support for optional AXIS Fixed Box IR Illuminator Kit A and AXIS P13 Weathershield Extension A. Serial port for RS422/485 communication. Operation in -40°C to +60°C. PoE+ class4 or 12-28VDC input. Includes removable sunshield, wall bracket, Torx T20 screw driver and IP66/67- rated cable glands. Midspan or power supply not included.",999,USD,Switches,active
41533-031,AXIS P1375-E Barebone with extra heater. No lens. Midspan not included,949,USD,Power Supply,active
01808-001,"5MP resolution, day/night, fixed box camera providing Forensic WDR and Lightfinder technology. Includes an IR corrected varifocal 2.8-8 mm F1.2 P-Iris lens and remote back focus. Camera also supports CS-mount DC-iris lenses and i-CS lenses for remote installation zoom and focus. Multiple, individually configurable H.264, H.265 and Motion JPEG streams; 5MP at 25/30 fps. Axis Zipstream technology for reduced bandwidth and storage needs. Video motion detection, shock detection, active tampering alarm and security lock slot. Corridor format, barrel distortion correction, defogging and electronic image stabilization. Scene profiles. Two-way audio, audio detection with either built-in microphone or optional analog or digital microphone. Supervised I/O for alarm/event handling, MicroSD/MicroSDHC memory card slot for optional local video storage. Serial port for RS422/485 communication. PoE class 3 or 12-28VDC input. Includes black stand for wall and ceiling mount with hole for easy cable management. Midspan or power supply not included",849,USD,Power Supply,active
01808-031,AXIS P1377 Barebone in single pack. No lens. No power supply.,789,USD,Power Supply,active
01809-001,"Outdoor, NEMA 4X, IP66/67 and IK10-rated, 5MP resolution, day/night, fixed box camera providing providing Forensic WDR and Lightfinder technology. OptimizedIR, a power-efficient 850nm IR LED technology covering 50 meters (130 feet).Includes an IR corrected varifocal 2.8-8 mm F1.2 P-Iris lens and remote back focus. Camera also supports CS-mount DC-iris lenses and i-CS lenses for remote installation zoom and focus. Multiple, individually configurable H.264, H.265 and Motion JPEG streams; 5MP at 50/60 fps. Axis Zipstream technology for reduced bandwidth and storage needs. Video motion detection, shock detection, active tampering alarm and open casing intrusion switch. Corridor format, barrel distortion correction, defogging and electronic image stabilization. Scene profiles. Two-way audio, audio detection with optional analog or digital microphone. Supervised I/O for alarm/event handling, MicroSD/MicroSDHC memory card slot for optional local video storage. Serial port for RS422/485 communication. Operation in -40°C to +60°C. PoE+ class4 or 12-28VDC input. Support for optional AXIS P13 Weathershield Extension A. Includes pre-mounted AXIS Fixed Box IR illuminator Kit A, removable sunshield, wall bracket, Torx T20 screw driver and IP66/67- rated cable glands. Midspan or power supply not included.",1139,USD,Switches,active
01809-031,AXIS P1377-LE Barebone. No lens. Midspan not included,1089,USD,Power Supply,active
41809-001,"Outdoor with extra heater, NEMA 4X, IP66/67 and IK10-rated, 5MP resolution, day/night, fixed box camera providing providing Forensic WDR and Lightfinder technology. OptimizedIR, a power-efficient 850nm IR LED technology covering 50 meters (130 feet).Includes an IR corrected varifocal 2.8-8 mm F1.2 P-Iris lens and remote back focus. Camera also supports CS-mount DC-iris lenses and i-CS lenses for remote installation zoom and focus. Multiple, individually configurable H.264, H.265 and Motion JPEG streams; 5MP at 50/60 fps. Axis Zipstream technology for reduced bandwidth and storage needs. Video motion detection, shock detection, active tampering alarm and open casing intrusion switch. Corridor format, barrel distortion correction, defogging and electronic image stabilization. Scene profiles. Two-way audio, audio detection with optional analog or digital microphone. Supervised I/O for alarm/event handling, MicroSD/MicroSDHC memory card slot for optional local video storage. Serial port for RS422/485 communication. Operation in -40°C to +60°C. PoE+ class4 or 12-28VDC input. Support for optional AXIS P13 Weathershield Extension A. Includes pre-mounted AXIS Fixed Box IR illuminator Kit A, removable sunshield, wall bracket, Torx T20 screw driver and IP66/67- rated cable glands. Midspan or power supply not included.",1139,USD,Switches,active
41809-031,AXIS P1377-LE Barebone with extra heater. No lens. Midspan not included,1089,USD,Power Supply,active
01811-001,"Outdoor, NEMA 4X, IP66/67 and IK10-rated, 4K resolution, day/night, fixed box camera providing providing Forensic WDR and Lightfinder technology. Features a 1/1.8"" image sensor. OptimizedIR, a power-efficient 850nm IR LED technology covering 50 meters (164 feet).Includes an IR corrected varifocal 3.9-10 mm F1.5 P-Iris lens and remote back focus. Camera also supports CS-mount DC-iris lenses and i-CS lenses for remote installation zoom and focus. Multiple, individually configurable H.264, H.265 and Motion JPEG streams; 4K at 25/30 fps. Axis Zipstream technology for reduced bandwidth and storage needs. Video motion detection, shock detection, active tampering alarm and open casing intrusion switch. Corridor format, barrel distortion correction, defogging and electronic image stabilization. Scene profiles. Two-way audio, audio detection with optional analog or digital microphone. Supervised I/O for alarm/event handling, MicroSD/MicroSDHC memory card slot for optional local video storage. Serial port for RS422/485 communication. Operation in -40°C to +60°C. PoE+ class4 or 12-28VDC input. Support for optional AXIS P13 Weathershield Extension A. Includes pre-mounted AXIS Fixed Box IR illuminator Kit A, removable sunshield, wall bracket, Torx T20 screw driver and IP66/67- rated cable glands. Midspan or power supply not included.",1249,USD,Switches,active
01811-031,AXIS P1378-LE Barebone. No lens. Midspan not included,1199,USD,Power Supply,active
41811-001,"Outdoor with extra heater, NEMA 4X, IP66/67 and IK10-rated, 4K resolution, day/night, fixed box camera providing providing Forensic WDR and Lightfinder technology. Features a 1/1.8"" image sensor. OptimizedIR, a power-efficient 850nm IR LED technology covering 40 meters (130 feet).Includes an IR corrected varifocal 3.9-10 mm F1.5 P-Iris lens and remote back focus. Camera also supports CS-mount DC-iris lenses and i-CS lenses for remote installation zoom and focus. Multiple, individually configurable H.264, H.265 and Motion JPEG streams; 4K at 25/30 fps. Axis Zipstream technology for reduced bandwidth and storage needs. Video motion detection, shock detection, active tampering alarm and open casing intrusion switch. Corridor format, barrel distortion correction, defogging and electronic image stabilization. Scene profiles. Two-way audio, audio detection with optional analog or digital microphone. Supervised I/O for alarm/event handling, MicroSD/MicroSDHC memory card slot for optional local video storage. Serial port for RS422/485 communication. Operation in -40°C to +60°C. PoE+ class4 or 12-28VDC input. Support for optional AXIS P13 Weathershield Extension A. Includes pre-mounted AXIS Fixed Box IR illuminator Kit A, removable sunshield, wall bracket, Torx T20 screw driver and IP66/67- rated cable glands. Midspan or power supply not included.",1249,USD,Switches,active
41811-031,AXIS P1378-LE Barebone with extra heater. No lens. Midspan not included,1199,USD,Power Supply,active
02733-001,"1/2.8” image sensor, 2 MP / 1080p resolution, day/night box camera with Deep Learning Processing Unit (DLPU). Forensic WDR and Lightfinder 2.0. Varifocal IR corrected CS-mount 2.8-13 mm P-iris lens with remote focus. Camera supports CS-mount P-Iris, DC-iris lenses and i-CS lenses for remote installation zoom and focus. Multiple, individually configurable H.264/H.265 with Zipstream and Motion JPEG. 2 MP stream up to 50/60 fps. AXIS Object Analytics, Video motion detection, shock detection and active tampering alarm. AXIS Edge Vault for added cyber security. Barrel distortion correction, defogging, electronic image stabilization and scene profiles. MQTT Support. Two-way audio with speaker pairing, audio detection with either built-in microphone or optional analog or digital microphone. Supervised I/O for alarm/event handling, MicroSD/MicroSDHC memory card slot for optional local video storage. Serial port for RS422/485 communication. Powered by IEEE 802.3af Type1 Class 3 (PoE) or 10-28 V DC power with redundancy. Includes black stand for wall and ceiling. Midspan or power supply not included.",789,USD,Power Supply,active
02899-001,"1/2.8” image sensor, 2 MP / 1080p resolution, day/night, box camera with Deep Learning Processing Unit (DLPU). Forensic WDR and Lightfinder 2.0. Camera supports CS-mount P-Iris, DC-iris and i-CS lenses for remote installation zoom and focus. Multiple, individually configurable H.264/H.265 with Zipstream and Motion JPEG. 2 MP stream up to 50/60 fps. AXIS Object Analytics, Video motion detection, shock detection and active tampering alarm. AXIS Edge Vault for added cyber security. Barrel distortion correction, defogging, electronic image stabilization and scene profiles. MQTT Support. Two-way audio with speaker pairing, audio detection with either built-in microphone or optional analog or digital microphone. Supervised I/O for alarm/event handling, MicroSD/MicroSDHC memory card slot for optional local video storage. Serial port for RS422/485 communication. Powered by IEEE 802.3af Type1 Class 3 (PoE) or 10-28 V DC power with redundancy. Lens and stand are not included but available as optional accessories. Midspan and power supply not included.",739,USD,Power Supply,active
02734-001,"1/2.8” image sensor, outdoor, NEMA 4X, IP66, IP67 and impact resistant, 2MP / 1080p resolution, day/night box camera with Deep Learning Processing Unit (DLPU). Forensic WDR and Lightfinder 2.0. Varifocal IR corrected 2.8-13 mm F1.4 P-iris lens and remote focus. Camera supports CS-mount P-Iris, DC-iris lenses and i-CS lenses for remote installation zoom and focus. Multiple, individually configurable streams, H.264/H.265 with Zipstream and Motion JPEG. 2 MP stream up to 50/60 fps. AXIS Object Analytics, Video motion detection, shock detection and active tampering alarm. AXIS Edge Vault for added cyber security. Barrel distortion correction, defogging, electronic image stabilization and scene profiles. MQTT Support. Two-way audio with speaker pairing, audio detection with either optional analog or digital microphone. Supervised I/O for alarm/event handling, MicroSD/MicroSDHC memory card slot for optional local video storage. Serial port for RS422/485 communication. Powered by IEEE 802.3at Type2 Class 4 or 10-28 V DC power with redundancy. Built-in heater, Arctic Temperature Control for start-up in -40°C to +60°C (-40 ºF to 140 ºF). Includes removable sunshield, wall bracket and cable glands. Midspan or power supply not included",1059,USD,Power Supply,active
02900-001,"AXIS P1385-BE
1/2.8” image sensor, outdoor, NEMA 4X, IP66, IP67 and impact resistant, 2MP / 1080p resolution, day/night box camera with Deep Learning Processing Unit (DLPU). Forensic WDR and Lightfinder 2.0. Camera supports CS-mount P-Iris, DC-iris lenses and i-CS lenses for remote installation zoom and focus. Multiple, individually configurable streams, H.264/H.265 with Zipstream and Motion JPEG. 2 MP stream up to 50/60 fps. AXIS Object Analytics, Video motion detection, shock detection and active tampering alarm. AXIS Edge Vault for added cyber security. Barrel distortion correction, defogging, electronic image stabilization and scene profiles. MQTT Support. Two-way audio with speaker pairing, audio detection with either optional analog or digital microphone. Supervised I/O for alarm/event handling, MicroSD/MicroSDHC memory card slot for optional local video storage. Serial port for RS422/485 communication. Powered by IEEE 802.3at Type2 Class 4 or 10-28 V DC power with redundancy. Built-in heater, Arctic Temperature Control for start-up in -40°C to +60°C (-40 ºF to 140 ºF). Includes removable sunshield and cable glands. Lens, mounts, illuminator are not included but available as optional accessories. Midspan or power supply not included.",949,USD,Power Supply,active
02735-001,"1/2.7” image sensor, 5 MP resolution, day/night, box camera with Deep Learning Processing Unit (DLPU). Forensic WDR and Lightfinder 2.0. Varifocal IR corrected CS-mount 2.8-13 mm P-iris lens with remote focus. Camera supports CS-mount P-Iris, DC-iris lenses and i-CS lenses for remote installation zoom and focus. Multiple, individually configurable H.264/H.265 with Zipstream and Motion JPEG. 5 MP stream up to 50/60 fps. AXIS Object Analytics, Video motion detection, shock detection and active tampering alarm. AXIS Edge Vault for added cyber security. Barrel distortion correction, defogging, electronic image stabilization and scene profiles. MQTT Support. Two-way audio with speaker pairing, audio detection with either built-in microphone or optional analog or digital microphone. Supervised I/O for alarm/event handling, MicroSD/MicroSDHC memory card slot for optional local video storage. Serial port for RS422/485 communication. Powered by IEEE 802.3af Type1 Class 3 (PoE) or 10-28 V DC power with redundancy. Includes black stand for wall and ceiling. Midspan or power supply not included.",899,USD,Power Supply,active
02901-001,"1/2.7” image sensor, 5 MP resolution, day/night, box camera with Deep Learning Processing Unit (DLPU). Forensic WDR and Lightfinder 2.0. Camera supports CS-mount P-Iris, DC-iris lenses and i-CS lenses for remote installation zoom and focus. Multiple, individually configurable H.264/H.265 with Zipstream and Motion JPEG. 5 MP stream up to 50/60 fps. AXIS Object Analytics, Video motion detection, shock detection and active tampering alarm. AXIS Edge Vault for added cyber security. Barrel distortion correction, defogging, electronic image stabilization and scene profiles. MQTT Support. Two-way audio with speaker pairing, audio detection with either built-in microphone or optional analog or digital microphone. Supervised I/O for alarm/event handling, MicroSD/MicroSDHC memory card slot for optional local video storage. Serial port for RS422/485 communication. Powered by IEEE 802.3af Type1 Class 3 (PoE) or 10-28 V DC power with redundancy. Lens and stand are not included but available as optional accessories. Midspan and power supply not included.",849,USD,Power Supply,active
02736-001,"1/2.7” image sensor, outdoor, NEMA 4X, IP66, IP67 and impact resistant, 5 MP resolution, day/night box camera with Deep Learning Processing Unit (DLPU). Forensic WDR and Lightfinder 2.0. OptimizedIR, a power-efficient 850nm IR LED technology covering 50 meters (164 feet). Varifocal IR corrected 2.8-13 mm F1.4 P-iris lens and remote focus. Camera supports CS-mount P-Iris, DC-iris lenses and i-CS lenses for remote installation zoom and focus. Multiple, individually configurable streams, H.264/H.265 with Zipstream and Motion JPEG. 5 MP stream up to 50/60 fps. AXIS Object Analytics, Video motion detection, shock detection and active tampering alarm. AXIS Edge Vault for added cyber security. Barrel distortion correction, defogging, electronic image stabilization and scene profiles. MQTT Support. Two-way audio with speaker pairing, audio detection with either optional analog or digital microphone. Supervised I/O for alarm/event handling, MicroSD/MicroSDHC memory card slot for optional local video storage. Serial port for RS422/485 communication. Powered by IEEE 802.3at Type2 Class 4 or 10-28 V DC power with redundancy. Built-in heater, Arctic Temperature Control for start-up in -40°C to +60°C (-40 ºF to 140 ºF). Includes removable sunshield, wall bracket and cable glands. Midspan or power supply not included.",1199,USD,Power Supply,active
02902-001,"1/2.7” image sensor, outdoor, NEMA 4X, IP66, IP67 and impact resistant, 5 MP resolution, day/night box camera with Deep Learning Processing Unit (DLPU). Forensic WDR and Lightfinder 2.0. OptimizedIR, a power-efficient 850nm IR LED technology covering 50 meters (164 feet). Camera supports CS-mount P-Iris, DC-iris lenses and i-CS lenses for remote installation zoom and focus. Multiple, individually configurable streams, H.264/H.265 with Zipstream and Motion JPEG. 5 MP stream up to 50/60 fps. AXIS Object Analytics, Video motion detection, shock detection and active tampering alarm. AXIS Edge Vault for added cyber security. Barrel distortion correction, defogging, electronic image stabilization and scene profiles. MQTT Support. Two-way audio with speaker pairing, audio detection with either optional analog or digital microphone. Supervised I/O for alarm/event handling, MicroSD/MicroSDHC memory card slot for optional local video storage. Serial port for RS422/485 communication. Powered by IEEE 802.3at Type2 Class 4 or 10-28 V DC power with redundancy. Built-in heater, Arctic Temperature Control for start-up in -40°C to +60°C (-40 ºF to 140 ºF). Includes removable sunshield and cable glands. Lens, mounts, illuminator are not included but available as optional accessories. Midspan or power supply not included.",979,USD,Power Supply,active
02737-001,"1/1.8” image sensor, 4K / 8 MP resolution, day/night, box camera with Deep Learning Processing Unit (DLPU). Forensic WDR and Lightfinder 2.0. Varifocal IR corrected CS-mount 3.9-10 mm P-iris lens with remote focus. Camera supports CS-mount P-Iris, DC-iris lenses and i-CS lenses for remote installation zoom and focus. Multiple, individually configurable H.264/H.265 with Zipstream and Motion JPEG. 8 MP stream up to 50/60 fps. AXIS Object Analytics, Video motion detection, shock detection and active tampering alarm. AXIS Edge Vault for added cyber security. Barrel distortion correction, defogging, electronic image stabilization and scene profiles. MQTT Support. Two-way audio with speaker pairing, audio detection with either built-in microphone or optional analog or digital microphone. Supervised I/O for alarm/event handling, MicroSD/MicroSDHC memory card slot for optional local video storage. Serial port for RS422/485 communication. Powered by IEEE 802.3af Type1 Class 3 (PoE) or 10-28 V DC power with redundancy. Includes black stand for wall and ceiling. Midspan or power supply not included.",999,USD,Power Supply,active
02903-001,"1/1.8” image sensor, 4K / 8 MP resolution, day/night, box camera with Deep Learning Processing Unit (DLPU). Forensic WDR and Lightfinder 2.0. Camera supports CS-mount P-Iris, DC-iris lenses and i-CS lenses for remote installation zoom and focus. Multiple, individually configurable H.264/H.265 with Zipstream and Motion JPEG. 8 MP stream up to 50/60 fps. AXIS Object Analytics, Video motion detection, shock detection and active tampering alarm. AXIS Edge Vault for added cyber security. Barrel distortion correction, defogging, electronic image stabilization and scene profiles. MQTT Support. Two-way audio with speaker pairing, audio detection with either built-in microphone or optional analog or digital microphone. Supervised I/O for alarm/event handling, MicroSD/MicroSDHC memory card slot for optional local video storage. Serial port for RS422/485 communication. Powered by IEEE 802.3af Type1 Class 3 (PoE) or 10-28 V DC power with redundancy. Lens and stand are not included but available as optional accessories. Midspan and power supply not included.",949,USD,Power Supply,active
02738-001,"1/1.8” image sensor, outdoor, NEMA 4X, IP66, IP67 and impact resistant, 4K / 8MP resolution, day/night box camera with Deep Learning Processing Unit (DLPU). WDR and Lightfinder 2.0. OptimizedIR, a power-efficient 850nm IR LED technology covering 50 meters (164 feet). Varifocal IR corrected 3.9-10 mm F1.5 P-iris lens and remote focus. Camera supports CS-mount P-Iris, DC-iris lenses and i-CS lenses for remote installation zoom and focus. Multiple, individually configurable streams, H.264/H.265 with Zipstream and Motion JPEG. 8 MP stream up to 50/60 fps. AXIS Object Analytics, Video motion detection, shock detection and active tampering alarm. AXIS Edge Vault for added cyber security. Barrel distortion correction, defogging, electronic image stabilization and scene profiles. MQTT Support. Two-way audio with speaker pairing, audio detection with either optional analog or digital microphone. Supervised I/O for alarm/event handling, MicroSD/MicroSDHC memory card slot for optional local video storage. Serial port for RS422/485 communication. Powered by IEEE 802.3at Type2 Class 4 or 10-28 V DC power with redundancy. Built-in heater, Arctic Temperature Control for start-up in -40°C to +60°C (-40 ºF to 140 ºF). Includes removable sunshield, wall bracket and cable glands. Midspan or power supply not included.",1299,USD,Power Supply,active
02904-001,"1/1.8” image sensor, outdoor, NEMA 4X, IP66, IP67 and impact resistant, 4K / 8MP resolution, day/night box camera with Deep Learning Processing Unit (DLPU). Forensic WDR and Lightfinder 2.0. OptimizedIR, a power-efficient 850nm IR LED technology covering 50 meters (164 feet). Camera supports CS-mount P-Iris, DC-iris lenses and i-CS lenses for remote installation zoom and focus. Multiple, individually configurable streams, H.264/H.265 with Zipstream and Motion JPEG. 8 MP stream up to 50/60 fps. AXIS Object Analytics, Video motion detection, shock detection and active tampering alarm. AXIS Edge Vault for added cyber security. Barrel distortion correction, defogging, electronic image stabilization and scene profiles. MQTT Support. Two-way audio with speaker pairing, audio detection with either optional analog or digital microphone. Supervised I/O for alarm/event handling, MicroSD/MicroSDHC memory card slot for optional local video storage. Serial port for RS422/485 communication. Powered by IEEE 802.3at Type2 Class 4 or 10-28 V DC power with redundancy. Built-in heater, Arctic Temperature Control for start-up in -40°C to +60°C (-40 ºF to 140 ºF). Includes removable sunshield and cable glands. Lens, mounts, illuminator are not included but available as optional accessories. Midspan or power supply not included.",1089,USD,Power Supply,active
02235-001,"Please check the supported countries 
Visit www.axis.com for supported products and application download.

Compact outdoor, HDTV / 1080p, day/night, fixed bullet camera with built-in AXIS License Plate Verifier application. Detect and verify vehicles in single lanes with speed up to 70 km/h (45 mph) in 7 to 20 meter distance (23-65 feet). License plate reading time less than 1 second.
OptimizedIR, Forensic WDR, Lightfinder, shock detection, IK10, IP66/67, NEMA TS-2-2003 v02.06. Operation temperature -40°C to +60°C (-40°F to 140°F). Integrated bracket for easy mounting on wall and ceiling. License plate verification day and night. Powered by IEEE 802.3af Type 1 Class 3 midspan (PoE) or or 12-28 VDC input. Midspan not included.",1369,USD,Software and licensing,active
02811-001,"Please check the supported countries
Visit www.axis.com for supported products and application download.

Compact outdoor, HDTV / 1080p, day/night, fixed bullet camera with built-in AXIS License Plate Verifier application. Detect and verify vehicles in single lanes with speed up to 70 km/h (45 mph) in 7 to 20 meter distance (23-65 feet). License plate reading time less than 1 second.
OptimizedIR, Forensic WDR, Lightfinder, shock detection, IK10, IP66/67, NEMA TS-2-2003 v02.06. Operation temperature -40°C to +60°C (-40°F to 140°F). Integrated bracket for easy mounting on wall and ceiling. License plate verification day and night. Powered by IEEE 802.3af Type 1 Class 3 midspan (PoE) or or 12-28 VDC input. Midspan not included.",1419,USD,Software and licensing,active
01997-001,"Compact and outdoor-ready HDTV camera for day and night surveillance. NEMA 4X, IP66/67 and IK10-rated, light weight HDTV 1080p resolution fixed bullet camera providing Forensic WDR and Lightfinder 2.0. Varifocal 3-9 mm F1.6 lens with remote 3 x optical zoom and focus with automatic IR cut filter. Multiple, individually configurable H.264, H.265 and Motion JPEG streams; full HDTV 1080p at 50/60 fps. Axis Zipstream technology for reduced bandwidth and storage needs. Video motion detection, shock detection and active tampering alarm, defogging and corridor format.  Audio in and I/O port, microSD/SDHC memory card slot for edge storage. OptimizedIR, a power-efficient LED technology with adaptable angle of IR illumination up to 40 meters (131 feet). Integrated bracket for easy mounting on wall and ceiling. Power over Ethernet. Operating conditions -40 °C to 60 °C (-40 °F to 140 °F). Includes removable sunshield, mounting bracket, Torx L-key, and IP66/67- rated cable glands. Midspan not included.",689,USD,Power Supply,active
02339-001,"Compact outdoor, NEMA 4X, IP66, IP67 and IK10-rated 2MP /1080p resolution, day/night, fixed bullet camera with Deep Learning Processing Unit (DLPU). Support for Forensic WDR and Lightfinder 2.0 and OptimizedIR. Varifocal 3-9 mm P-iris lens with remote zoom and focus. Multiple, individually configurable H.264/H.265 with Zipstream and Motion JPEG. 2MP at 50/60 fps. Axis Zipstream technology for reduced bandwidth and storage needs. AXIS Object Analytics, Video motion detection, shock detection and active tampering alarm. 
Barrel distortion correction, defogging and scene profiles. Audio in and supervised I/O port, microSD memory card slot for local storage. MQTT Support. AXIS Edge Vault for added cyber security. OptimizedIR, a power-efficient IR LED technology. Integrated bracket for easy mounting on wall and ceiling.
Powered by IEEE 802.3af/802.3at Type 1 Class 3 and 10-28V DC power with redundancy. Operating conditions -40 °C to 60 °C (-40 °F to 140 °F). Includes removable weather shield, mounting bracket, Torx L-keys, and IP66/67- rated cable glands. Midspan not included.",789,USD,Power Supply,active
02340-001,"Compact outdoor, NEMA 4X, IP66, IP67 and IK10-rated 2MP /1080p resolution, day/night, fixed bullet camera with Deep Learning Processing Unit (DLPU). Support for Forensic WDR and Lightfinder 2.0 and OptimizedIR. Varifocal 10.9-29 mm P-iris tele lens with remote zoom and focus. Multiple, individually configurable H.264/H.265 with Zipstream and Motion JPEG. 2MP at 50/60 fps. Axis Zipstream technology for reduced bandwidth and storage needs. AXIS Object Analytics, Video motion detection, shock detection and active tampering alarm. 
Electronic image stabilization, Barrel distortion correction, defogging and scene profiles. Audio in and supervised I/O port, microSD memory card slot for local storage. MQTT Support. AXIS Edge Vault for added cyber security. OptimizedIR, a power-efficient IR LED technology. Integrated bracket for easy mounting on wall and ceiling.
Powered by IEEE 802.3af/802.3at Type 1 Class 3 and 10-28V DC power with redundancy. Operating conditions -40 °C to 60 °C (-40 °F to 140 °F). Includes removable weather shield, mounting bracket, Torx L-keys, and IP66/67- rated cable glands. Midspan not included.",849,USD,Power Supply,active
02341-001,"Compact outdoor, NEMA 4X, IP66, IP67 and IK10-rated 5MP resolution, day/night, fixed bullet camera with Deep Learning Processing Unit (DLPU). Support for Forensic WDR and Lightfinder 2.0 and OptimizedIR. Varifocal 2.8-8 mm P-iris lens with remote zoom and focus. Multiple, individually configurable H.264/H.265 with Zipstream and Motion JPEG. 5MP at 25/30. Axis Zipstream technology for reduced bandwidth and storage needs. AXIS Object Analytics, Video motion detection, shock detection and active tampering alarm. 
Barrell distortion correction, defogging and scene profiles. Audio in and supervised I/O port, microSD memory card slot for local storage. MQTT Support. AXIS Edge Vault for added cyber security. OptimizedIR, a power-efficient IR LED technology. Integrated bracket for easy mounting on wall and ceiling.
Powered by IEEE 802.3af/802.3at Type 1 Class 3 and 10-28V DC power with redundancy. Operating conditions -40 °C to 60 °C (-40 °F to 140 °F). Includes removable sunshield, mounting bracket, Torx L-keys, and IP66/67- rated cable glands. Midspan not included.",899,USD,Power Supply,active
01055-001,"Compact outdoor, 4K Ultra HD (8MP) resolution, day/night, fixed bullet camera providing Forensic WDR and Lightfinder for demanding light conditions. IR corrected varifocal 2.8-9.8 mm F1.6 P-iris lens with remote 3.5x optical zoom and focus. Multiple, individually configurable H.264 and Motion JPEG streams; max 4K Ultra HD/8MP at 25/30 fps in 16:9 format. Axis Zipstream technology for reduced bandwidth and storage needs. Video motion detection, active tampering alarm, shock detection and corridor format.  Audio mic/line in, I/O for alarm/event handling and memory card slot for optional local video storage. OptimizedIR, a power-efficient IR LED technology covering 25 meters (82 feet).
Integrated bracket for easy mounting on wall and ceiling.
NEMA 4X, IP66/67 and IK10-rated for operation in -40°C to +60°C(-40 °F to 140 °F). 
Powered by IEEE 802.3af Type 1 Class 3 midspan (PoE). Midspan not included.",999,USD,Power Supply,active
02342-001,"Compact outdoor, NEMA 4X, IP66, IP67 and IK10-rated 8MP resolution, day/night, fixed bullet camera with Deep Learning Processing Unit (DLPU). Support for Forensic WDR and Lightfinder 2.0 and OptimizedIR. Varifocal 6-13 mm P-iris lens with remote zoom and focus. Multiple, individually configurable H.264/H.265 with Zipstream and Motion JPEG. 8MP stream up to 60 fps, 30fps with WDR. Axis Zipstream technology for reduced bandwidth and storage needs. AXIS Object Analytics, Video motion detection, shock detection and active tampering alarm. 
Barrell distortion correction, defogging and scene profiles. Audio in and supervised I/O port, microSD memory card slot for local storage. MQTT Support. AXIS Edge Vault for added cyber security. OptimizedIR, a power-efficient IR LED technology. Integrated bracket for easy mounting on wall and ceiling.
Powered by IEEE 802.3af/802.3at Type 1 Class 3 and 10-28V DC power with redundancy. Operating conditions -40 °C to 60 °C (-40 °F to 140 °F). Includes removable sunshield, mounting bracket, Torx L-keys, and IP66/67- rated cable glands. Midspan not included.",1109,USD,Power Supply,active
02758-001,"Dual lens box camera with 1/1.2” 8 MP and 1/2.8” 2MP image sensors. Outdoor, NEMA 4X, IP66, IP67 and IK10 impact resistant, day/night camera with Deep Learning Processing Unit (DLPU). Forensic WDR and Lightfinder 2.0. Fixed focal 5.9 mm 8MP lens, 114° HFoV with corridor format and 10.9-29 mm 2MP lens, 29-11° HFoV with remote zoom, focus, pan and tilt adjustment. Multiple, individually configurable H.264/H.265 with Zipstream and Motion JPEG. 8MP stream up to 25/30 fps, 2MP stream up to 50/60 fps. AXIS Object Analytics, shock detection and active tampering alarm. AXIS Edge Vault with FIPS 140-3 Level 3. Audio in and supervised I/O port, microSD memory card slot and serial RS422/485 communication.
Powered by IEEE 802.3at Type2 Class 4 or 10-28 V DC power with redundancy. Built-in heater, Operating conditions -40 °C to 60 °C (-40 °F to 140 °F). Includes removable sunshield, wall bracket and cable glands. Illuminator is available as optional accessory. Midspan or power supply not included.",1599,USD,Power Supply,active
02757-001,"Dual lens box camera with 1/1.2” 8 MP and 1/2.8” 2MP image sensors. Outdoor, NEMA 4X, IP66, IP67 and IK10 impact resistant, day/night camera with Deep Learning Processing Unit (DLPU). Forensic WDR and Lightfinder 2.0. OptimizedIR, a power-efficient 850nm IR LED technology. Fixed focal 5.9 mm 8MP lens, 114° HFoV with corridor format and 10.9-29 mm 2MP lens, 29-11° HFoV with remote zoom, focus, pan and tilt adjustment. Multiple, individually configurable H.264/H.265 with Zipstream and Motion JPEG. 8MP stream up to 25/30 fps, 2MP stream up to 50/60 fps. AXIS Object Analytics, shock detection and active tampering alarm. AXIS Edge Vault with FIPS 140-3 Level 3. Audio in and supervised I/O port, microSD memory card slot and serial RS422/485 communication.
Powered by IEEE 802.3at Type2 Class 4 or 10-28 V DC power with redundancy. Built-in heater, Operating conditions -40 °C to 60 °C (-40 °F to 140 °F). Includes removable sunshield, wall bracket and cable glands. Midspan or power supply not included.",1749,USD,Power Supply,active
02064-001,"Outdoor, NEMA 4X, IP66/67 and IK10-rated, light weight HDTV 1080p resolution, day/night, fixed box camera providing OptimizedIR, Forensic WDR and Lightfinder 2.0. Includes an IR corrected varifocal 2.8-8.5 mm F1.2 i-CS lens with remote zoom and focus. Multiple, individually configurable H.264, H.265 and Motion JPEG streams; full HDTV 1080p/2MP resolution up to 60 fps with Forensic WDR and up to 120 fps without. Axis Zipstream technology for reduced bandwidth and storage needs. Deep learning processing unit, shock detection, intrusion alarm. Barrel distortion correction, defogging and electronic image stabilization. Scene profiles. Two-way audio, audio detection with optional analog or digital microphone. Supervised I/O for alarm/event handling, MicroSD/MicroSDHC memory card slot for optional local video storage. Serial port for RS422/485 communication. Powered by IEEE 802.3at Type 2 Class 4 (PoE+). Built-in heaters and fan, Arctic Temperature Control for start-up in -40°C to 60°C (-40 ºF to 140 ºF).I ncludes removable sunshield, wall bracket, Torx T20 screw driver and IP66/67- rated cable glands. Midspan or power supply not included.",1479,USD,Power Supply,active
02164-001,"1/1.8” sensor, 4 MP, Day/night fixed box camera with Deep Learning Processing Unit (DLPU). Support for Forensic WDR and Lightfinder 2.0. Includes an IR corrected varifocal 3.9-10 mm F1.5 i-CS lens with remote zoom and focus. Multiple, individually configurable streams, H.264/H.265 with Zipstream and Motion JPEG. 4MP stream up to 60 fps, 30 fps with WDR. AXIS Object Analytics, Video motion detection, shock detection and active tampering alarm. AXIS Edge Vault with FIPS certified TPM for added cyber security. Barrel distortion correction, defogging, electronic image stabilization and scene profiles. MQTT Support. Two-way audio, audio detection with either built-in microphone or optional analog or digital microphone. Supervised I/O for alarm/event handling, MicroSD/MicroSDHC memory card slot for optional local video storage. Serial port for RS422/485 communication. Powered by IEEE 802.3af Type1 Class 3 (PoE) or 10-28 V DC power with redundancy. Includes black stand for wall and ceiling. Midspan or power supply not included.",1379,USD,Power Supply,active
02164-031,"1/1.8” sensor, 4 MP, Day/night fixed box camera with Deep Learning Processing Unit (DLPU). Support for Forensic WDR and Lightfinder 2.0. Multiple, individually configurable streams, H.264/H.265 with Zipstream and Motion JPEG. 4MP stream up to 60 fps, 30 fps with WDR. AXIS Object Analytics, Video motion detection, shock detection and active tampering alarm. AXIS Edge Vault with FIPS certified TPM for added cyber security. Barrel distortion correction, defogging, electronic image stabilization and scene profiles. MQTT Support. Two-way audio, audio detection with either built-in microphone or optional analog or digital microphone. Supervised I/O for alarm/event handling, MicroSD/MicroSDHC memory card slot for optional local video storage. Serial port for RS422/485 communication. Powered by IEEE 802.3af Type1 Class 3 (PoE) or 10-28 V DC power with redundancy. Lens and stand are not included but available as optional accessories. Midspan and power supply not included.",1159,USD,Power Supply,active
02168-001,"1/1.8” image sensor, outdoor, NEMA 4X, IP66, IP67 and impact resistant, 4 MP, Day/night fixed box camera with Deep Learning Processing Unit (DLPU). Built in wiper. Support for Forensic WDR and Lightfinder 2.0. OptimizedIR, a power-efficient 850nm IR and White IR LED technology. Includes an IR corrected varifocal 3.9-10 mm F1.5 i-CS lens with remote zoom and focus. Multiple, individually configurable streams, H.264/H.265 with Zipstream and Motion JPEG. 4MP stream up to 60 fps, 30 fps with WDR. AXIS Object Analytics, Video motion detection, shock detection and active tampering alarm. AXIS Edge Vault with FIPS certified TPM for added cyber security. Barrel distortion correction, defogging, electronic image stabilization and scene profiles. MQTT Support. Two-way audio, audio detection with optional analog or digital microphone. Supervised I/O for alarm/event handling, MicroSD/MicroSDHC memory card slot for optional local video storage. Serial port for RS422/485 communication. Powered by IEEE 802.3at Type2 Class 4 (PoE+) or 10-28 V DC power with redundancy. Built-in heater, Arctic Temperature Control for start-up in -40°C to +60°C (-40 ºF to 140 ºF). Includes removable sunshield, wall bracket, Torx T20 screwdriver and cable glands. Midspan or power supply not included.",1899,USD,Power Supply,active
02442-031,"1/1.8” image sensor, outdoor, NEMA 4X, IP66, IP67 and impact resistant, 4 MP, Day/night fixed box camera with Deep Learning Processing Unit (DLPU). Built in wiper. Support for Forensic WDR and Lightfinder 2.0. OptimizedIR, a power-efficient 850nm IR and White LED technology. Multiple, individually configurable streams, H.264/H.265 with Zipstream and Motion JPEG. 4MP stream up to 60 fps, 30 fps with WDR. AXIS Object Analytics, Video motion detection, shock detection and active tampering alarm. AXIS Edge Vault with FIPS certified TPM for added cyber security. Barrel distortion correction, defogging, electronic image stabilization and scene profiles. MQTT Support. Two-way audio, audio detection with optional analog or digital microphone. Supervised I/O for alarm/event handling, MicroSD/MicroSDHC memory card slot for optional local video storage. Serial port for RS422/485 communication. Powered by IEEE 802.3at Type2 Class 4 (PoE+) or 10-28 V DC power with redundancy. Built-in heater, Arctic Temperature Control for start-up in -40°C to +60°C (-40 ºF to 140 ºF). Includes removable sunshield and cable glands. Lens and mounts are not included but available as optional accessories. Midspan or power supply not included.",1639,USD,Power Supply,active
02168-031,"1/1.8” image sensor, outdoor, NEMA 4X, IP66, IP67 and IK10 impact resistant, 4 MP, Day/night fixed box camera with Deep Learning Processing Unit (DLPU). Support for Forensic WDR and Lightfinder 2.0.  Multiple, individually configurable streams, H.264/H.265 with Zipstream and Motion JPEG. 4MP stream up to 60 fps, 30 fps with WDR. AXIS Object Analytics, Video motion detection, shock detection and active tampering alarm. AXIS Edge Vault with FIPS certified TPM for added cyber security. Barrel distortion correction, defogging, electronic image stabilization and scene profiles. MQTT Support. Two-way audio, audio detection with optional analog or digital microphone. Supervised I/O for alarm/event handling, MicroSD/MicroSDHC memory card slot for optional local video storage. Serial port for RS422/485 communication. Powered by IEEE 802.3at Type2 Class 4 (PoE+) or 10-28 V DC power with redundancy. Built-in heater, Arctic Temperature Control for start-up in -40°C to +60°C (-40 ºF to 140 ºF). Includes removable sunshield and cable glands. Lens, mounts, wiper, illuminator are not included but available as optional accessories. Midspan or power supply not included.",1319,USD,Power Supply,active
02420-001,"AXIS Q1656-DLE Radar-Video Fusion Camera. Enhanced situational awareness based on the fusion of visual- and radar sensor information in one device.
1/1.8” image sensor, outdoor, NEMA 4X, IP66, IP67 and impact-resistant, 4 MP, Day/night radar-video fusion camera with Deep Learning Processing Unit (DLPU). Support for Forensic WDR and Lightfinder 2.0. OptimizedIR, a power-efficient 850nm IR and White IR LED technology. Includes an IR corrected varifocal 3.9-10 mm F1.5 i-CS lens with remote zoom and focus. Integrated radar unit, 60.0 GHz-61.5 GHz and 95 degree horizontal field of detection. In addition to radar-video fusion, radar functionality such as built-in analytics including classification of humans and vehicles, is available and enables filtering on distance, customized detection zones, and autotracking for PTZ cameras.
Multiple, individually configurable streams, H.264/H.265 with Zipstream and Motion JPEG. 4MP stream up to 60 fps, 30 fps with WDR. AXIS Object Analytics, Video motion detection, Radar motion detection, AXIS Speed Monitor, shock detection and active tampering alarm. Axis Edge Vault with FIPS certified TPM for added cyber security. Barrel distortion correction, defogging, electronic image stabilization and scene profiles. MQTT Support. Two-way audio, audio detection with optional analog or digital microphone. Supervised I/O for alarm/event handling, MicroSD/MicroSDHC memory card slot for optional local video storage. Serial port for RS422/485 communication. Powered by IEEE 802.3at Type2 Class 4 (PoE+) or 10-28 V DC power with redundancy. Built-in heater, Arctic Temperature Control for start-up in -40°C to +60°C (-40 ºF to 140 ºF). Includes removable sunshield, wall bracket, Torx T20 screwdriver and cable glands. Midspan or power supply not included.

Radio approvals, EN 300440, EN 301489-1, EN 301489-51, EN 62311, FCC Part 15 Subpart C.",2649,USD,Power Supply,active
02220-001,"HDTV 1080p camera with 21x motorized zoom, day/night, fixed block camera with Deep Learning Processing Unit (DLPU). Support for Forensic WDR and Lightfinder 2.0. Built-in varifocal lens, 4-84.6 mm F1.6 with fixed focus and auto focus. Multiple, individually configurable streams, H.264/H.265 with Zipstream and Motion JPEG. HDTV 1080p/2MP resolution up to 60 fps with Forensic WDR. AXIS Object Analytics, Video motion detection, shock detection and active tampering alarm. Micro-HDMI and HD-SDI output. AXIS Edge Vault with FIPS certified TPM for added cyber security. Defogging, electronic image stabilization and scene profiles. MQTT Support. Two-way audio, audio detection with optional analog or digital microphone. Supervised I/O for alarm/event handling, MicroSD memory card slot for optional local video storage. Serial port for RS422/485 communication. Powered by IEEE 802.3af Type1 Class 3 or IEEE 802.3at Type2 Class 4 (PoE) or 10-28 V DC power with redundancy. Includes black stand for wall and ceiling mount. Midspan or power supply not included.",1159,USD,Power Supply,active
02839-001,"1/1.2” image sensor, 4K / 8 MP resolution, day/night, block camera with Deep Learning Processing Unit (DLPU). ARTPEC-9 SoC. Forensic WDR and Lightfinder 2.0. Varifocal IR corrected 5.9-13.3 mm lens, 108°-49° HFOV  with remote  zoom and autofocus. Multiple, individually configurable H.264/H.265/AV1 with Zipstream and Motion JPEG. 8 MP stream up to 50/60 fps. AXIS Object Analytics, shock detection and active tampering alarm. AXIS Edge Vault with FIPS 140-3 Level 3 for added cyber security. Barrel distortion correction, defogging, electronic image stabilization and scene profiles. MQTT Support. Audio in and supervised I/O port, microSD memory card slot for optional local video storage. Serial port for RS422/485 communication. Powered by IEEE 802.3af Type1 Class 3 (PoE) or 10-28 V DC power with redundancy. Includes black stand for wall and ceiling. Midspan or power supply not included.",1269,USD,Power Supply,active
02840-001,"1/1.2” image sensor, 4K / 8 MP resolution, day/night, block camera with Deep Learning Processing Unit (DLPU). ARTPEC-9 SoC. Forensic WDR and Lightfinder 2.0. Varifocal IR corrected 15.2-48.7 mm lens, 42°-13° HFOV  with remote  zoom and autofocus. Multiple, individually configurable H.264/H.265/AV1 with Zipstream and Motion JPEG. 8 MP stream up to 50/60 fps. AXIS Object Analytics, shock detection and active tampering alarm. AXIS Edge Vault with FIPS 140-3 Level 3 for added cyber security. Barrel distortion correction, defogging, electronic image stabilization and scene profiles. MQTT Support. Audio in and supervised I/O port, microSD memory card slot for optional local video storage. Serial port for RS422/485 communication. Powered by IEEE 802.3af Type1 Class 3 (PoE) or 10-28 V DC power with redundancy. Includes black stand for wall and ceiling. Midspan or power supply not included.",1269,USD,Power Supply,active
03150-001,"High-performance 2 MP dome camera with AI analytics. 
Excellent image quality thanks to Forensic WDR, Lightfinder 2.0 and Optimized IR.
Robust, vandal-secure IP66/IK10 polycarbonate outdoor casing with included weathershield.
Varifocal 3.4-9.8 mm P-iris lens with remote zoom and focus.
Multiple, individually configurable streams, AV1/H.264/H.265 with zipstream in up to 2MP @ 60fps.
Audio support from 3.5mm audio input, portcast and Edge-to-edge. Supervised digital input and output.
Case-open sensor
Axis Edge Vault with FIPS 140-3 level 3 certified. Support for SD card storage.
Advanced AI analytics for object classification, counting, masking and more.
Powered by IEEE 802.3af/802.3at Type 1 Class 3.",799,USD,Audio and power accessories,active
03151-001,"High-performance 2 MP dome camera with AI analytics. 
Excellent image quality thanks to Forensic WDR, Lightfinder 2.0 and Optimized IR.
Robust, vandal-secure IP66/IK10 polycarbonate outdoor casing with included weathershield.
Varifocal 10.8–28.2 mm P-iris lens with remote zoom and focus.
Multiple, individually configurable streams, AV1/H.264/H.265 with zipstream in up to 2MP @ 60fps.
Audio support from 3.5mm audio input, portcast and Edge-to-edge. Supervised digital input and output.
Case-open sensor.
Axis Edge Vault with FIPS 140-3 level 3 certified. Support for SD card storage.
Advanced AI analytics for object classification, counting, masking and more.
Powered by IEEE 802.3af/802.3at Type 1 Class 3.",799,USD,Audio and power accessories,active
01782-001,"Robust outdoor, color 2 MP/1080p HDTV license plate camera for sharp license plate images day and night. Multiple, individually configurable H.264 and Motion JPEG streams; max HDTV 1080p / 2MP resolution at up to 50/60 fps. 
Varifocal 18–137 mm, 8x optical zoom lens, 16°-2.3° HFOV, F2.9 with remote zoom and installation focus. License plate capture range 20-50 meter at night with built-in OptimizedIR at speeds up to 130 km/h (81 mph) 
Includes license plate capture assistant for easy setup, pixel counter, shock detection, active tampering alarm, defogging and electronic image stabilization.
Audio mic/line in, I/O for alarm/event handling and memory card slot for optional local video storage. 
Integrated bracket for easy mounting on wall and ceiling. Dark grey (NCS S5502-B) casing, black fixed metal weather shield with anti-glare coating.
NEMA 4X, IP66/67 and impact resistant in -40°C to +60°C(-40 °F to 140 °F). 
Powered by PoE (IEEE 802-3af), RJ45 or IDC punchdown connector, 20-28 V DC or 20-24 V AC. License plate recognition software, power supply or midspan not included.",1479,USD,Software and licensing,active
01702-001,"Robust outdoor, NEMA 4X, IP66/67 and IK10-rated 10 MP/ 4K, day/night, fixed bullet camera providing Forensic WDR and Lightfinder 2.0 technology. Features a 4/3"" type image sensor, built-in varifocal 12–48 mm, 4 x optical Canon zoom lens, 90°-21° HFOV, F1.7 with remote zoom and autofocus. Multiple, individually configurable H.264, H.265 and Motion JPEG streams; max 4K at 30 fps /10MP resolution at 20 fps.
Axis Zipstream technology for reduced bandwidth and storage needs.
Includes analytics AXIS Guard Suite, Video motion detection, shock detection and active tampering alarm. Corridor format, barrel distortion correction, defogging and electronic image stabilization. Scene profiles. Audio mic/line in, audio detection with optional analog or digital microphone. Supervised I/O for alarm/event handling. MicroSD/MicroSDHC memory card slot for optional local video storage. 
OptimizedIR, a power-efficient IR LED technology.
Integrated bracket for easy mounting on wall and ceiling.
Operation in -40°C to +60°C (-40 °F to 140 °F). Powered by PoE class 4 (IEEE 802-3at), 20-28 V DC or 20-24 V AC. Includes a removable sunshield, Torx T20 allen key, IP66/67- rated cable glands and optional IDC punch connector.
Power supply or midspan not included.",2009,USD,Power Supply,active
03107-001,"LPR camera for 3rd party software. Robust, outdoor, NEMA 4X, IP66 and IK10-rated, 2 MP/1080p resolution license plate camera, purpose-tuned for sharp license plate images, day/night, fixed bullet camera. OptimizedIR, a power-efficient 850 nm IR LED technology. 
Varifocal 7-137 mm, 20x optical zoom lens, 38°–2.3° HFOV with remote zoom and focus.
License plate capture range 20-100 meter at speeds up to 250 km/h (155 mph) with optional server based LPR software. Includes Traffic Camera Installation Assistance for easy setup
Multiple, individually configurable H.264/H.265 with Zipstream and Motion JPEG. 2MP up to 90 fps. AXIS Object Analytics, Video motion detection, shock detection and active tampering alarm. AXIS Edge Vault with FIPS certified TPM for added cyber security. Corridor format, barrel distortion correction, defogging, electronic imaging stabilization and scene profiles. Audio in and supervised I/O port, microSD memory card slot for local storage. MQTT Support. Integrated bracket for easy mounting on wall and ceiling.
Operation in -40°C to +60°C (-40 °F to 140 °F). Powered by PoE class 4 (IEEE 802-3at), 10-28 V DC or 20-24 V AC. IP66- rated cable glands and optional IDC punch connectors. 30W PoE out to power an additional device, requires Axis Midspan 60 W, IEEE 802.3bt Type 3 Class 6
Power supply or midspan not included.",1639,USD,Software and licensing,active
02504-001,"Robust, outdoor, NEMA 4X, IP66, IP67 and IK10-rated, 2 MP/1080p resolution, day/night, fixed bullet camera with Deep Learning Processing Unit (DLPU). Support for Forensic WDR and Lightfinder 2.0 and OptimizedIR, a power-efficient 850 nm IR LED technology. Varifocal 4.3-137 mm, 32x optical zoom lens, 60°–2.3° HFOV with remote zoom and autofocus. Multiple, individually configurable H.264/H.265 with Zipstream and Motion JPEG. 2MP up to 90 fps, 25/30 fps with WDR. AXIS Object Analytics, Video motion detection, shock detection and active tampering alarm. AXIS Edge Vault with FIPS certified TPM for added cyber security. Corridor format, barrel distortion correction, defogging, electronic imaging stabilization and scene profiles. Audio in and supervised I/O port, microSD memory card slot for local storage. MQTT Support. Integrated bracket for easy mounting on wall and ceiling. 
Operation in -40°C to +60°C (-40 °F to 140 °F). Powered by PoE class 4 (IEEE 802-3at), 10-28 V DC or 20-24 V AC. Includes a removable sunshield, IP66/67- rated cable glands and optional IDC punch connectors. 30W PoE out to power an additional device, requires Axis Midspan 60 W, IEEE 802.3bt Type 3 Class 6
Power supply or midspan not included.",1539,USD,Power Supply,active
02506-001,"1/1.8” image sensor, robust, outdoor, NEMA 4X, IP66, IP67 and IK10-rated, 4 MP resolution, day/night, fixed bullet camera with Deep Learning Processing Unit (DLPU). Support for Forensic WDR and Lightfinder 2.0 and OptimizedIR, a power-efficient 850 nm IR LED technology. Varifocal 4.3-137 mm, 32x optical zoom lens, 60°–2.3° HFOV with remote zoom and autofocus. Multiple, individually configurable H.264/H.265 with Zipstream and Motion JPEG. 4MP up to 90 fps, 25/30 fps with WDR. AXIS Object Analytics, Video motion detection, shock detection and active tampering alarm. AXIS Edge Vault with FIPS certified TPM for added cyber security. Corridor format, barrel distortion correction, defogging, optical imaging stabilization and scene profiles. Audio in and supervised I/O port, microSD memory card slot for local storage. MQTT Support. Integrated bracket for easy mounting on wall and ceiling. 
Operation in -40°C to +60°C (-40 °F to 140 °F). Powered by PoE class 4 (IEEE 802-3at), 10-28 V DC or 20-24 V AC. Includes a removable sunshield, IP66/67- rated cable glands and optional IDC punch connectors. 30W PoE out to power an additional device, requires Axis Midspan 60 W, IEEE 802.3bt Type 3 Class 6
Power supply or midspan not included.",1749,USD,Power Supply,active
02507-001,"4/3” image sensor, robust outdoor, NEMA 4X, IP66, IP67 and IK10-rated 10 MP/ 4K resolution, day/night, fixed bullet camera with Deep Learning Processing Unit (DLPU). Support Forensic WDR and Lightfinder 2.0 and OptimizedIR, a power-efficient 850 nm IR LED and White LED technology. Varifocal 12–48 mm, 4 x optical Canon zoom lens, 90°-21° HFOV with remote zoom and autofocus. Multiple, individually configurable H.264, H.265 with Zipstream and Motion JPEG. 4K up to 60 fps and 10MP at 30 fps. AXIS Object Analytics, Video motion detection, shock detection and active tampering alarm. AXIS Edge Vault with FIPS certified TPM for added cyber security. Corridor format, barrel distortion correction, defogging, electronic imaging stabilization and scene profiles. Audio in and supervised I/O port, microSD memory card slot for local storage. MQTT Support. Integrated bracket for easy mounting on wall and ceiling. Operation in -40°C to +60°C (-40 °F to 140 °F). Powered by PoE class 4 (IEEE 802-3at), 20-28 V DC or 20-24 V AC. Includes a removable sunshield, , IP66, IP67- rated cable glands and optional IDC punch connectors. 30W PoE out to power an additional device, requires Axis Midspan 60 W, IEEE 802.3bt Type 3 Class 6
Power supply or midspan not included.",2169,USD,Power Supply,active
02508-001,"4/3” image sensor, robust outdoor, NEMA 4X, IP66, IP67 and IK10-rated 10 MP/ 4K resolution, day/night, fixed bullet camera with Deep Learning Processing Unit (DLPU). Support Forensic WDR and Lightfinder 2.0 and OptimizedIR, a power-efficient 850 nm technology. Varifocal 50–150 mm, 3 x optical Canon zoom lens, 21°-7° HFOV with remote zoom and autofocus. Multiple, individually configurable H.264, H.265 with Zipstream and Motion JPEG. 4K up to 60 fps and 10MP at 30 fps. AXIS Object Analytics, Video motion detection, shock detection and active tampering alarm. AXIS Edge Vault with FIPS certified TPM for added cyber security. Corridor format, barrel distortion correction, defogging, electronic imaging stabilization and scene profiles. Audio in and supervised I/O port, microSD memory card slot for local storage. MQTT Support. Integrated bracket for easy mounting on wall and ceiling. Operation in -40°C to +60°C (-40 °F to 140 °F). Powered by PoE class 4 (IEEE 802-3at), 20-28 V DC or 20-24 V AC. Includes a removable sunshield, , IP66, IP67- rated cable glands and optional IDC punch connectors. 30W PoE out to power an additional device, requires Axis Midspan 60 W, IEEE 802.3bt Type 3 Class 6
Power supply or midspan not included.",2489,USD,Power Supply,active
02870-001,"4/3” image sensor, robust outdoor, NEMA 4X, IP66, IP67 and IK10-rated 41 MP/ 8K resolution, day/night, fixed bullet camera with Deep Learning Processing Unit (DLPU). Support WDR, Lightfinder 2.0 and OptimizedIR a power-efficient 850 nm IR LED and White LED technology. Varifocal 12–24 mm, 2 x optical Canon zoom lens, 90°-44° HFOV with remote zoom and autofocus. Multiple, individually configurable H.264, H.265 with Zipstream and Motion JPEG. 8K up to 30 fps and 41MP at 15 fps. Video motion detection, shock detection and active tampering alarm. AXIS Edge Vault with FIPS 140-3 Level 3 for added cyber security. Defogging, electronic imaging stabilization and scene profiles. Audio in and supervised I/O port, microSD memory card slot for local storage. MQTT Support. Integrated bracket for easy mounting on wall and ceiling. Operation in -40°C to +55°C (-40 °F to 131 °F). Powered by PoE class 4/6 (IEEE 802-3at), 20-28 V DC or 20-24 V AC. Includes a removable sunshield, IP66, IP67- rated cable glands and optional IDC punch connectors. 30W PoE out to power an additional device, requires 60 W midspan, IEEE 802.3bt Type 3 Class 6
Power supply or midspan not included.",6359,USD,Power Supply,active
03019-001,"4/3” image sensor, robust outdoor, NEMA 4X, IP66, IP67 and IK10-rated 41 MP/ 8K resolution, day/night, fixed bullet camera with Deep Learning Processing Unit (DLPU). Support WDR, Lightfinder 2.0 and OptimizedIR, a power-efficient 850 nm technology. Varifocal 50–150 mm, 3 x optical Canon zoom lens, 21°-7° HFOV with remote zoom and autofocus. Multiple, individually configurable H.264, H.265 with Zipstream and Motion JPEG. 8K up to 30 fps and 41MP at 15 fps. Video motion detection, shock detection and active tampering alarm. AXIS Edge Vault with FIPS 140-3 Level 3 for added cyber security. Defogging, electronic imaging stabilization and scene profiles. Audio in and supervised I/O port, microSD memory card slot for local storage. MQTT Support. Integrated bracket for easy mounting on wall and ceiling. Operation in -40°C to +55°C (-40 °F to 131 °F). Powered by PoE class 4/6 (IEEE 802-3at), 20-28 V DC or 20-24 V AC. Includes a removable sunshield, , IP66, IP67- rated cable glands and optional IDC punch connectors. 30W PoE out to power an additional device, requires 60 W midspan, IEEE 802.3bt Type 3 Class 6
Power supply or midspan not included.",5299,USD,Power Supply,active
0913-001,"AXIS FA1105 is a discreet indoor sensor unit with 111º horizontal field of view, for use with an AXIS FA Main Unit. It can be installed in tight places and flush-mounted in a wall, ceiling or metal panel with only a small hole visible for the lens. AXIS FA1105 provides a 1080p resolution and Forensic WDR (wide dynamic range) that is optimized for low light and motion. The unit comes with a mounting bracket and an 8 m (26 ft.) cable for connection to a main unit.",159,USD,Audio and power accessories,active
0914-001,"AXIS FA1125 is an extremely discreet indoor, pin hole lens, Sensor Unit with a 91º horizontal 
field of view, for use with an AXIS FA Main Unit. It can be installed in tight places and flush-mounted in a wall, ceiling or metal panel with only a pinhole visible for the lens. AXIS FA1125 provides a 1080p resolution and Forensic WDR (wide dynamic range) that is optimized for low light and motion. The
unit comes with a mounting bracket and an 8 m (26 ft.) cable for connection to a main unit.",169,USD,Audio and power accessories,active
01026-001,AXIS FA3105-L is a compact eyeball sensor unit with built in IR illumination (15 m / 49 ft range of reach) for use with AXIS FA Main Unit. It has 103º horizontal field of view and 1080p HDTV resolution with Forensic WDR (wide dynamic range) that is optimized for low light and motion. The unit comes with a mounting bracket and an 8 m (26 ft.) cable for connection to the main unit.,169,USD,Audio and power accessories,active
01001-001,AXIS FA4115 is a compact varifocal dome sensor unit with 53º to 99º horizontal field of view for use with an AXIS FA Main Unit. AXIS FA4115 provides a 1080p resolution a Forensic WDR (wide dynamic range) that is optimized for low light and motion. The unit comes with a mounting bracket and an 8-m (26 ft.) cable for connection to a main unit.,199,USD,Audio and power accessories,active
02196-001,"AXIS FA51 is a single-channel modular camera Main Unit. It is equipped with HDMI out for connection to a public view monitor or a surveillance monitor, I/O ports and a SD card slot. It features Axis Forensic WDR (wide dynamic range) for clarity when there are both dark and light areas in the scene and Axis Zipstream for lowered bandwidth and storage requirements, without compromising image quality. It is compatible with all Sensor Units in the FA Series including IR and thermal units. The AXIS Face Detector application for loss prevention comes pre-loaded.",339,USD,Alarms,active
02196-021,"AXIS FA51 is a single-channel modular camera Main Unit in bulk 10-pack. It is equipped with HDMI out for connection to a public view monitor or a surveillance monitor, I/O ports and a SD card slot. It features Axis Forensic WDR (wide dynamic range) for clarity when there are both dark and light areas in the scene and Axis Zipstream for lowered bandwidth and storage requirements, without compromising image quality. It is compatible with all Sensor Units in the FA Series including IR and thermal units. The AXIS Face Detector application for loss prevention comes pre-loaded.",3389,USD,Alarms,active
02196-041,"AXIS FA51-B is a single-channel barebone modular camera Main Unit in bulk 10-pack. The PCBAs are individually packed in ESD bags inside the bulk box. They are UR-certified and designed for integration into machines, devices and enclosures. The product is equipped with HDMI out for connection to a public view monitor or a surveillance monitor, I/O ports and a SD card slot. It features Axis Forensic WDR (wide dynamic range) for clarity when there are both dark and light areas in the scene and Axis Zipstream for lowered bandwidth and storage requirements, without compromising image quality. It is compatible with all Sensor Units in the FA Series including IR and thermal units. The AXIS Face Detector application for loss prevention comes pre-loaded. 

Important notice: This product must be integrated into a final product or solution and is not intended for stand-alone use. Consequently, this product must be properly integrated into a suitable casing before it is made available to the end user. The entity or person who integrates this product into a final product or solution is also responsible for ensuring that the final product fulfills safety, EMC and other regulatory standards required by law and that the final product is certified accordingly.",2999,USD,Alarms,active
0878-004,"AXIS FA54 is a modular camera Main Unit and can stream full frame rate HDTV 1080p videos from four sensor units simultaneously using one IP address. It has an HDMI port for connection to a surveillance or public view monitor, Forensic WDR (wide dynamic range) that is optimized for low light and motion, Axis Zipstream, two microphone inputs and one audio out, I/O port and two micro SD card slots for local storage.",519,USD,Audio and power accessories,active
01787-001,AXIS P8815-2 3D People Counter is a custom-designed stereo camera designed for people counting. The people counter functionality is included; no need to purchase and install a separately licensed product. Main features include: Accurate and reliable 3D people counting. All-in-one solution with reliable hardware. Optimized for challenging conditions. Flexible counting zones. Easy integration in AXIS Store Reporter or 3rd party reporting system. This version comes with a black casing.,919,USD,Software and licensing,active
01786-001,AXIS P8815-2 3D People Counter is a custom-designed stereo camera designed for people counting. The people counter functionality is included; no need to purchase and install a separately licensed product. Main features include: Accurate and reliable 3D people counting. All-in-one solution with reliable hardware. Optimized for challenging conditions. Flexible counting zones. Easy integration in AXIS Store Reporter or 3rd party reporting system. This version comes with a white casing.,919,USD,Software and licensing,active
02639-001,"AXIS F2115-R is a 1080p Varifocal sensor part for the 2nd generation F-series. The focus as well as the focal length has to be manually adjusted on the lens. The Horizontal Field of View varies from 107° to 56°. The focal length varies from 3.2mm to 5.7mm.
AXIS F2115-R is a rugged indoor sensor. It can deliver up a 1080p resolution at 60fps (all AXIS F91 main units) or 720p at 180fps (AXIS F9111 main unit only).

There is no cable included with AXIS F2115-R Varifocal sensor. An AXIS TU600X cable has to be purchased separately.

There is no mounting accessory included with AXIS F2115-R Varifocal sensor. Mounting accessories can be purchased separately.

AXIS F2115-R Varifocal sensor is NOT compatible with the 1st generation F-series main unit (F34, F41 or F44)",329,USD,Recorder accessories,active
02641-001,"AXIS F2135-RE is a 1080p Fisheye sensor part of the 2nd generation F-series.  It has 185° Horizontal Field of View and 1.98mm focal length.
AXIS F2135-RE is a rugged outdoor sensor. It is both IP66 and IP6K9K certified. It can deliver up a 1080p resolution at 60fps (all AXIS F91 main units) or 720p at 180fps (AXIS F9111 main unit only).

There is no cable included with AXIS F2135-RE fisheye sensor. An AXIS TU600X cable has to be purchased separately.

There is no mounting accessory included with AXIS F2135-RE fisheye sensor. Mounting accessories can be purchased separately.

AXIS F2135-RE fisheye sensor is NOT compatible with the 1st generation F-series main unit (F34, F41 or F44)",269,USD,Recorder accessories,active
02640-001,"AXIS F2105-RE is a 1080p Standard sensor part for the F-series.  It has 108° Horizontal Field of View and 3.1mm focal length.
AXIS F2105-RE is a rugged outdoor sensor. It is both IP66 and IP6K9K certified. It can deliver up a 1080p resolution at 60fps (all AXIS F91 main units) or 720p at 180fps (AXIS F9111 main unit only).

There is no cable included with AXIS F2105-RE standard sensor.  An AXIS TU600X cable has to be purchased separately.

There is no mounting accessory included in AXIS F2105-RE standard sensor. Mounting accessories can be purchased separately.

AXIS F2105-RE is NOT compatible with the 1st generation F-series main unit (F34, F41 or F44)",269,USD,Recorder accessories,active
02640-021,"AXIS F2105-RE Standard Bulk 8P is a bulk pack of 8x 1080p Standard sensor part for the F-series. It has 180° Horizontal Field of View and 3.1mm focal length.
AXIS F2105-RE is a rugged outdoor sensor. It is both IP66 and IP6K9K certified. It can deliver up a 1080p resolution at 60fps (all AXIS F91 main units) or 720p at 180fps (AXIS F9111 main unit only).

There is no cable included with AXIS F2105-RE standard bulk 8p. AXIS TU600X cables have to be purchased separately.

There is no mounting bracket included with AXIS F2105-RE bulk 8 p. Mounting accessories can be purchased separately.


AXIS F2105-RE standard sensor is NOT compatible with the 1st generation F-series main unit (F34, F41 or F44)",2149,USD,Recorder accessories,active
02639-021,"AXIS F2115-R Varifocal Bulk 8P is bulk pack of 8x 1080p Varifocal sensor part for the F-series. The focus as well as the focal length has to be manually adjusted on the lens. The Horizontal Field of View varies from 107° to 56°. The focal length varies from 3.2mm to 5.7mm.
AXIS F2115-R is a rugged indoor sensor. It can deliver up a 1080p resolution at 60fps (all AXIS F91 main units) or 720p at 180fps (AXIS F9111 main unit only).

There is no cable included with AXIS F2115-R standard Bulk 8p. AXIS TU600X cables have to be purchased separately.

There is no cable included with AXIS F2115-R standard Bulk 8P. Mounting accessories can be purchased separately.

AXIS F2115-R is NOT compatible with the 1st generation F-series main unit (F34, F41 or F44)",2629,USD,Recorder accessories,active
02641-021,"AXIS F2135-RE Fisheye Bulk 8P is a bulk pack of 8x 1080p Fisheye sensor part for the F-series. It has 185° Horizontal Field of View and 1.98mm focal length.
AXIS F2135-RE is a rugged outdoor sensor. It is both IP66 and IP6K9K certified. It can deliver up a 1080p resolution at 60fps (all AXIS F91 main units) or 720p at 180fps (AXIS F9111 main unit only).

There is no cable included with AXIS F2135-RE fisheye bulk 8p. AXIS TU600X cables have to be purchased separately.

There is no mounting accessory included with AXIS F2135-RE. Mounting accessories can be purchased separately.

AXIS F2135-R is NOT compatible with the 1st generation F-series main unit (F34, F41 or F44)",2149,USD,Recorder accessories,active
02363-001,"AXIS F7225-RE is a 1080p Angled pinhole sensor part for the F-series. It has 92° Horizontal Field of View and 3.7mm focal length.
AXIS F7225-RE is a rugged outdoor angled pinhole sensor. It is IP66 certified. It can deliver up a 1080p resolution at 60fps (all AXIS F91 main units) or 720p at 180fps (AXIS F9111 main unit only).
AXIS F7225-RE does not come with a cable. An AXIS TU600X cable has to be purchased separately.
AXIS F7225-RE comes with 1x AXIS F8202 Straight Mounting bracket",269,USD,Recorder accessories,active
02363-021,"AXIS F7225-RE pinhole bulk 8p is bulk pack of 8x 1080p angled pinhole sensor part for the F-series. AXIS F7225-RE has 92° Horizontal Field of View and 3.7mm focal length.
AXIS F7225-RE is a rugged outdoor sensor. It is both IP66 certified. It can deliver up a 1080p resolution at 60fps (all AXIS F91 main units) or 720p at 180fps (AXIS F9111 main unit only).
AXIS F7225-RE standard bulk 8P does not come with any cables. AXIS TU600X cables have to be purchased separately.
AXIS F7225-RE standard bulk 8P comes with 8x AXIS F8202 Straight Mounting brackets.",2149,USD,Recorder accessories,active
02364-001,"AXIS F4105-LRE is a 1080p mini-dome sensor with IR light part for the F-series. It has 110° Horizontal Field of View and 2.8mm focal length.
AXIS F4105-LRE uses detachable M12 lenses. Several M12 lenses can be purchased separately offering different types of Horizontal Field of View and Focal Length.
AXIS F4105-LRE is a rugged outdoor mini-dome sensor. It is both IP66 and IP6K9K certified. It can deliver up a 1080p resolution at 60fps (all AXIS F91 main units) or 720p at 180fps (AXIS F9111 main unit only).
AXIS F4105-LRE does not come with a cable. An AXIS TU600X cable has to be purchased separately.
AXIS F4105-LRE does not come with any mounting accessory. Mounting accessories can be purchased separately.",339,USD,Recorder accessories,active
02364-021,"AXIS F4105-LRE bulk 8p is bulk pack of 8x 1080p mini-dome sensors with IR part for the F-series. AXIS F4105-LRE-RE has 110° Horizontal Field of View and 2.8 mm focal length.
AXIS F4105-LRE uses detachable M12 lenses. Several M12 lenses can be purchased separately offering different types of Horizontal Field of View and Focal Length.
AXIS F4105-LRE is a rugged outdoor sensor. It is both IP66 and IP6K9K certified. It can deliver up a 1080p resolution at 60fps (all AXIS F91 main units) or 720p at 180fps (AXIS F9111 main unit only).
AXIS F4105-LRE standard bulk 8P do not come with any cables. AXIS TU600X cables have to be purchased separately.
AXIS F4105-LRE standard bulk 8P do not come with any mounting accessories. Mounting accessories can be purchased separately.",2709,USD,Recorder accessories,active
02857-001,"AXIS P1245 Mk II is a Modular Standard Camera with Deep Learning capabiltiies. 

It has on a small-sized main unit and AXIS FA1105 Sensor Unit. The camera provides HDTV 1080p resolution, 111° horizontal FoV and WDR - Forensic Capture. Supports multiple streams in H.264, H265 and Motion JPEG, Axis’ Zipstream technology for lower bandwidth and storage needs, and edge storage using microSD card. The main unit is powered with PoE. The sensor unit has a built in connector and a detachable cable (8 m/26 ft.) for easy installation and maintenance. 

It comes with metal nuts for the intallation.",409,USD,Cameras,active
02858-001,"AXIS P1265 Mk II is a Modular Pinhole Camera with Deep Learning capabilities. 

It has on a small-sized main unit and an AXIS FA1125 Pinhole Sensor Unit which are designed for extremely discreet indoor installations. The camera provides HDTV 1080p resolution, 91° horizontal FoV and WDR - Forensic Capture. Supports multiple streams in H.264, H265 and Motion JPEG, Axis’ Zipstream technology for lower bandwidth and storage needs, and edge storage using microSD card. The main unit is powered with PoE. The sensor unit has a built in connector with a detachable cable (8 m/26 ft.) for easy installation and maintenance. 

It comes with metal nuts for the installation.",419,USD,Cameras,active
02857-021,"This is a bulk pack of 10x P1245 Mk II cameras. 

AXIS P1245 Mk II Camera with Deep Learning capabilities. It has on a small-sized main unit and AXIS FA1105 Sensor Unit. The camera provides HDTV 1080p resolution, 111° horizontal FoV and WDR - Forensic Capture. Supports multiple streams in H.264, H265 and Motion JPEG, Axis’ Zipstream technology for lower bandwidth and storage needs, and edge storage using microSD card. The main unit is powered with PoE. The sensor unit has a built in connector and a detachable cable (8 m/26 ft.) for easy installation and maintenance. it comes with metal nuts for the installation.",4089,USD,Cameras,active
02858-021,"This is a bulk pack of 10x P1265 Mk II pinhole cameras.

AXIS P1265 Mk II is a modular pinhole camera with Deep Learning modular capabilities. It has on a small-sized main unit and an AXIS FA1125 Pinhole Sensor Unit which are designed for extremely discreet indoor installations. The camera provides HDTV 1080p resolution, 91° horizontal FoV and WDR - Forensic Capture. Supports multiple streams in H.264, H265 and Motion JPEG, Axis’ Zipstream technology for lower bandwidth and storage needs, and edge storage using microSD card. The main unit is powered with PoE. The sensor unit has a built in connector with a detachable cable (8 m/26 ft.) for easy installation and maintenance. It comes with metal nuts for the installation.",4189,USD,Cameras,active
02859-001,"AXIS P1275 Mk II is Modular Varifocal Dome Camera with Deep Learning capabilities.

It has a small-sized main unit and an AXIS FA4115 Dome Sensor Unit with a varifocal lens that enables easy mounting on walls or ceilings. It can be manually directed with pan, tilt and rotate movements. The camera provides HDTV 1080p resolution, 53-99° horizontal FoV and WDR - Forensic Capture. Supports multiple streams in H.264, H265 and Motion JPEG, Axis’ Zipstream technology for lower bandwidth and storage needs, and edge storage using microSD card. The main unit is powered with PoE. The sensor unit has a built in connector and a detachable cable (8 m/26 ft.) for easy installation and maintenance.",449,USD,Recorder accessories,active
02968-001,"AXIS Q1686-DLE Radar-Video Fusion Camera. Speed and license plate pairing camera by utilizing fusion of visual- and radar sensor information in one device and on edge. Powerful device for wrong way applications and directional alerts by radar technology.

1/1.8” image sensor, outdoor, NEMA 4X, IP66, IP67 and impact-resistant, 4 MP, Day/night radar-video fusion camera with Deep Learning Processing Unit (DLPU). Image optimization for license plate capture profile, traffic capture profile and Lightfinder 2.0. OptimizedIR, a purpose built and powerful 850nm IR-illuminator kit. Includes an varifocal 9-50 mm F1.5 i-CS lens with remote zoom and focus. Integrated radar unit, 60.0 GHz-61.5 GHz and 95 degree horizontal field of detection. In addition to radar-video fusion, radar functionality such as built-in analytics including classification of vehicles, is available and enables filtering on distance, customized detection zones, and multiple line crossing

Multiple, individually configurable streams, H.264/H.265 with Zipstream and Motion JPEG. 4MP stream up to 60 fps, 30 fps with WDR. Radar motion detection, AXIS Speed Monitor, shock detection and active tampering alarm. Axis Edge Vault with FIPS certified TPM for added cyber security. Barrel distortion correction, defogging, electronic image stabilization, electronic radar stabilization and scene profiles. MQTT Support. Two-way audio, audio detection with optional analog or digital microphone. Supervised I/O for alarm/event handling, MicroSD/MicroSDHC memory card slot for optional local video storage. Serial port for RS422/485 communication. Powered by IEEE 802.3at Type2 Class 4 (PoE+) or 10-28 V DC power with redundancy. Built-in heater, Arctic Temperature Control for start-up in -40°C to +60°C (-40 ºF to 140 ºF). Includes removable sunshield, wall bracket, Torx T20 screwdriver and cable glands. Midspan or power supply not included.

Radio approvals, EN 300440, EN 301489-1, EN 301489-51, EN 62311, FCC Part 15 Subpart C.",4129,USD,Software and licensing,active
02869-001,"AXIS F2137-RE is a 5Mp Fisheye sensor. It has 185° Horizontal Field of View and 1.98mm focal length.
AXIS F2137-RE is a rugged outdoor sensor unit. It is both IP66 and IP6K9K certified. 
AXIS F2137-RE is compatible with all AXIS F91 main units.

All the accessories available for AXIS F2135-RE are also compatible with AXIS F2137-RE.

No cable is included with AXIS F2137-RE fisheye sensor. AXIS TU600X cables shall be purchased separately.

No mounting accessory is included with AXIS F2137-RE fisheye sensor. Mounting accessories shall be purchased separately.",319,USD,Recorder accessories,active
02869-021,"AXIS F2137-RE Fisheye sensor 8P is bulk pack of 8x 5Mp Fisheye sensor. 
AXIS F2137-RE has 185° Horizontal Field of View and 1.98mm focal length.
AXIS F2137-RE is a rugged outdoor sensor unit. It is both IP66 and IP6K9K certified.
AXIS F2137-RE is compatible with all AXIS F91 main units.

All the accessories available for AXIS F2135-RE are also compatible with AXIS F2137-RE.

No cable is included with AXIS F2137-RE fisheye sensor. AXIS TU600X cables shall be purchased separately.

No mounting accessory is included with AXIS F2137-RE fisheye sensor. Mounting accessories shall be purchased separately.",2549,USD,Recorder accessories,active
02868-001,"AXIS F2107-RE is a 5Mp Standard sensor. It has 110° Horizontal Field of View and 2.8mm focal length.
AXIS F2107-RE is a rugged outdoor sensor unit. It is both IP66 and IP6K9K certified.
AXIS F2107-RE is compatible with all AXIS F91 main units.

All the accessories available for AXIS F2105-RE are also compatible with AXIS F2107-RE.

No cable is included with AXIS F2107-RE fisheye sensor. AXIS TU600X cables shall be purchased separately.

No mounting accessory is included with AXIS F2107-RE fisheye sensor. Mounting accessories shall be purchased separately.",319,USD,Recorder accessories,active
02868-021,"AXIS F2107-RE Standard sensor 8P is a bulk pack of 8x 5Mp Standard sensor. 
AXIS F2137-RE has a 110° Horizontal Field of View and 2.8mm focal length.
AXIS F2107-RE is a rugged outdoor sensor unit. It is both IP66 and IP6K9K certified.
AXIS F2107-RE is compatible with all AXIS F91 main units.

All the accessories available for AXIS F2105-RE are also compatible with AXIS F2107-RE.

No cable is included with AXIS F2107-RE fisheye sensor. AXIS TU600X cables shall be purchased separately.

No mounting accessory is included with AXIS F2107-RE fisheye sensor. Mounting accessories shall be purchased separately.",2549,USD,Recorder accessories,active
03108-001,"Please check the supported countries at www.axis.com.

AXIS License Plate Verifier preinstalled, Robust, outdoor, NEMA 4X, IP66 and IK10-rated, 2 MP/1080p resolution license plate camera, purpose-tuned for sharp license plate images, day/night, fixed bullet camera. OptimizedIR, a power-efficient 850 nm IR LED technology. 
Varifocal 7-137 mm, 20x optical zoom lens, 38°–2.3° HFOV with remote zoom and focus.
License plate capture range 20-100 meter at speeds up to 200 km/h (124 mph)  with built-in AXIS License Plate Verifier application. Includes Traffic Camera Installation Assistance for easy setup
Multiple, individually configurable H.264/H.265 with Zipstream and Motion JPEG. 2MP up to 90 fps. AXIS Object Analytics, Video motion detection, shock detection and active tampering alarm. AXIS Edge Vault with FIPS certified TPM for added cyber security. Corridor format, barrel distortion correction, defogging, electronic imaging stabilization and scene profiles. Audio in and supervised I/O port, microSD memory card slot for local storage. MQTT Support. Integrated bracket for easy mounting on wall and ceiling.
Operation in -40°C to +60°C (-40 °F to 140 °F). Powered by PoE class 4 (IEEE 802-3at), 10-28 V DC or 20-24 V AC. IP66- rated cable glands and optional IDC punch connectors. 30W PoE out to",2169,USD,Software and licensing,active
02998-001,"AXIS F9111-R Mk II is a 1 channel main unit part of the F-series. 1x F21, F72 or F41 sensor unit can be connected to it. It also has 2 Audio IN, 4x configuration I/O, 1x RS 485, 1x 10-48V DC and 1x USB A. It has an Ethernet port and PoE Class 4. Max 25,5W.

AXIS TU6009 Connector 6-pin (for the I/O port), AXIS Connector A 2-pin 2.5 Straight (for the serial port) and AXIS TU6001 Connector 3-in (for the DC port) have to be purchased separately.",619,USD,Audio and power accessories,active
02998-021,"AXIS F9111-R Mk II Main unit 8P is a bulk pack of 8x AXIS F9111-R Mk II main unit part of the F-series. 1x F21, F72 or F41 sensor unit can be connected to it. It also has 2 Audio IN, 4x configuration I/O, 1x RS 485, 1x 10-48V DC and 1x USB A. It has an Ethernet port and PoE Class 4. Max 25,5W.

AXIS TU6009 Connector 6-pin (for the I/O port), AXIS Connector A 2-pin 2.5 Straight (for the serial port) and AXIS TU6001 Connector 3-in (for the DC port) have to be purchased separately.",4949,USD,Audio and power accessories,active
02999-001,"AXIS F9114-R Mk II is a 4-channel main unit part of the F-series. 4x F21, F72 or F41 sensor units can be connected to it. It also has 2 Audio IN, 4x configuration I/O, 1x RS 485, 1x 10-48V DC and 1x USB A. It has an Ethernet port and PoE Class 4. Max 25,5W.

AXIS TU6009 Connector 6-pin (for the I/O port), AXIS Connector A 2-pin 2.5 Straight (for the serial port) and AXIS TU6001 Connector 3-in (for the DC port) have to be purchased separately.",719,USD,Audio and power accessories,active
02999-021,"AXIS F9114-R Mk II Main unit 8P is a bulk pack of 8x AXIS F9114-R Mk II main unit. AXIS F9114-R Mk II is a 4-channel main unit part of the F-series. 4x F21, F72 or F41 sensor units can be connected to it. It also has 2 Audio IN, 4x configuration I/O, 1x RS 485, 1x 10-48V DC and 1x USB A. It has an Ethernet port and PoE Class 4. Max 25,5W.

AXIS TU6009 Connector 6-pin (for the I/O port), AXIS Connector A 2-pin 2.5 Straight (for the serial port) and AXIS TU6001 Connector 3-in (for the DC port) have to be purchased separately.",5749,USD,Audio and power accessories,active
03000-001,"AXIS F9104-B Mk II is a 4-channel main unit part of the F-series. 4x F21, F72 or F41 sensor units can be connected to it. It has also 1x 10-48V DC port and 1x USB A port. It has an Ethernet port. AXIS F9104-B is PoE Class 4. Max 25,5W.

When powered over DC, AXIS TU6001 Connector 3-in (for the DC port) is required. It shall be purchased separately.",569,USD,Cameras,active
03001-001,"AXIS F9114-B Mk II is a 4-channel barebone main unit part of the F-series. 4x F21, F72 or F41 sensor units can be connected to it. It also has 2 Audio IN, 4x configuration I/O, 1x RS 485, 1x 10-48V DC and 1x USB A. It has an Ethernet port and PoE Class 4. Max 25,5W.

AXIS TU6009 Connector 6-pin (for the I/O port), AXIS Connector A 2-pin 2.5 Straight (for the serial port) and AXIS TU6001 Connector 3-in (for the DC port) have to be purchased separately.",699,USD,Audio and power accessories,active
03055-001,"AXIS F4108 Dome Sensor is an ultra compact Dome sensor unit delivering a 8Mp resolution. This is a non-rugged and indoor sensor unit.

AXIS F4108 Dome Sensor is compatible with all AXIS F91 and F91 Mk II main units. 

AXIS F4108 Dome Sensor is compatible with all AXIS TU600X cables.
 
Accessories are also available for separate purchase. All compatible accessories are shown on the AXIS F4108 Dome Sensor product page on axis.com",249,USD,Cameras,active
03055-021,"AXIS F4108 Dome Sensor 8P is a bulk pack of 8x AXIS F4108 Dome Sensor units. AXIS F4108 Is an ultra compact Dome sensor delivering a 8Mp resolution. This is non-rugged and indoor sensor unit.

AXIS F4108 Dome Sensor is compatible with all AXIS F91 and F91 Mk II main units. 

AXIS F4108 Dome Sensor is compatible with all AXIS TU600X cables.

Accessories are also available for separate purchase. All compatible accessories are shown on the AXIS F4108 Dome Sensor product page on axis.com.",1989,USD,Cameras,active
03056-021,"AXIS F2108 Standard Sensor 8P is a bulk pack of 8x AXIS F2108 Standard Sensor units. AXIS F2108 is an ultra compact Standard sensor delivering a 8Mp resolution. This is a non-rugged and indoor sensor unit.

AXIS F2108 Standard Sensor is compatible with all AXIS F91 and F91 Mk II main units. 

AXIS F2108 Standard Sensor is compatible with all AXIS TU600X cables.

Mounting accessories are also available for separate purchase. All compatible accessories are shown on the AXIS F2108 Standard Sensor product page on axis.com",1989,USD,Recorder accessories,active
03056-001,"AXIS F2108 Standard Sensor is an ultra compact Standard sensor delivering a 8Mp resolution. This is a non-rugged and indoor sensor unit.

AXIS F2108 Standard Sensor is compatible with all AXIS F91 and F91 Mk II main units.

AXIS F2108 Standard Sensor is compatible with all AXIS TU600X cables.

Mounting accessories are also available for separate purchase. All compatible accessories are shown on the AXIS F2108 Standard Sensor product page on axis.com",249,USD,Recorder accessories,active
0808-001,"Ultra-compact, indoor fixed mini dome with 6 MP sensor, fixed lens and and tamper-resistant casing for easy mounting on wall or ceiling. Provides 360°/180° overview and dewarped panorama, quad, corner, corridor or digital PTZ views in up to 30 fps. Multiple, individually configurable H.264 and Motion JPEG streams. Client dewarping also supported. Axis’ Zipstream technology for reduced bandwidth and storage needs. Video motion detection and active tampering alarm. HDMI output (micro). Memory card slot for optional local video storage. Environment-friendly, PVC-free with recycled plastics. Power over Ethernet. Midspan not included.",499,USD,Power Supply,active
02373-001,"AXIS M3085-V is an ultra-compact, indoor fixed mini dome with Deep Learning Processing Unit (DLPU). Dust - and IK08 vandal-resistant casing, fixed lens, horizontal/vertical field of view 102°/55°. D/N functionality with automatically removable IR-cut filter. Lightfinder. Multiple, individually configurable H.264, H.265 and Motion JPEG streams; max 2MP at 30 fps with WDR. Zipstream for reduced bandwidth and storage. Audio and I/O with optional accessories. MicroSD memory card slot for local  storage. Axis Object Analytics, video motion detection and active tampering alarm. Axis Edge Vault for increased cybersecurity. Powered by IEEE 802.3af/802.3at Type 1 Class 2",319,USD,Audio and power accessories,active
02374-001,"AXIS M3086-V is an ultra-compact, indoor fixed mini dome with Deep Learning Processing Unit (DLPU). Dust - and IK08 vandal-resistant casing, fixed lens, horizontal/vertical field of view 130°/93°. D/N functionality with automatically removable IR-cut filter. Lightfinder. Multiple, individually configurable H.264, H.265 and Motion JPEG streams; max 4MP at 30 fps with WDR. Zipstream for reduced bandwidth and storage. MicroSD memory card slot for local  storage. Audio and I/Owith optional accessories. Axis Object Analytics, video motion detection and active tampering alarm. Axis Edge Vault for increased cybersecurity Powered by IEEE 802.3af/802.3at Type 1 Class 2",389,USD,Audio and power accessories,active
02832-001,"AXIS M3086-V is an ultra-compact, indoor fixed mini dome with with advanced video and audio analytics. Built-in microphone for audio analytics and streaming. Dust - and IK08 vandal-resistant casing, fixed lens, horizontal/vertical field of view 130°/93°. D/N functionality with automatically removable IR-cut filter. Lightfinder. Multiple, individually configurable H.264, H.265 and Motion JPEG streams; max 4MP at 30 fps with WDR. Zipstream for reduced bandwidth and storage. MicroSD memory card slot for local  storage. Two-way audio and I/O with optional accessories. Axis Object Analytics, Axis Audio Analytics, video motion detection and active tampering alarm. Axis Edge Vault for increased cybersecurity Powered by IEEE 802.3af/802.3at Type 1 Class 2.",399,USD,Audio and power accessories,active
02375-001,"AXIS M3088-V is an ultra-compact, indoor fixed mini dome with Deep Learning Processing Unit (DLPU). Dust - and IK08 vandal-resistant casing, fixed lens, horizontal/vertical field of view 109°/56°. D/N functionality with automatically removable IR-cut filter. Multiple, individually configurable H.264, H.265 and Motion JPEG streams; max 8MP at 15 fps with WDR. Zipstream for reduced bandwidth and storage. MicroSD memory card slot for local  storage. Audio and I/O with optional accessories. Axis Object Analytics, video motion detection and active tampering alarm. AXIS Edge Vault for increased cybersecurity. Powered by IEEE 802.3af/802.3at Type 1 Class 2",479,USD,Audio and power accessories,active
02018-001,"With its 6 MP sensor, AXIS M3077-PLVE offers excellent image quality and a complete 180° or 360° overview, indoors or out, around the clock. It features two built-in microphones allowing for audio surveillance and detection. This compact mini dome offers dewarped views such as panorama, quad, corner, and corridor views directly from the camera. It includes Axis Lightfinder and Axis Forensic WDR for true colors and great details in challenging light or near darkness. And, Axis OptimizedIR for surveillance in pitch darkness. Furthermore, enhanced security functionality prevents unauthorized access and safeguards your system.",789,USD,Access,active
02916-001,"AXIS M3125-LVE is a compact, turret style outdoor-ready dome camera. IP66 and IK08 impact-resistant design with built-in IR illumination. Fixed lens, 110° horizontal field of view. Multiple, individually configurable H.264, H.265 and Motion JPEG streams; 2MP at up to 30 fps with WDR and Lightfinder. Zipstream for reduced bandwidth and storage. Includes a Deep Learning Processing Unit (DPLU) for advanced AI-based analytics. Axis Object Analytics, video motion detection and active tampering alarm. Audio and I/O with compatible Axis portcast accessories. MicroSD memory card slot for local video storage. AXIS Edge Vault with FIPS 140-3 level 3 for increased cyber security. White color.",419,USD,Audio and power accessories,active
02917-001,"AXIS M3125-LVE is a compact, turret style outdoor-ready dome camera. IP66 and IK08 impact-resistant design with built-in IR illumination. Fixed lens, 110° horizontal field of view. Multiple, individually configurable H.264, H.265 and Motion JPEG streams; 2MP at up to 30 fps with WDR and Lightfinder. Zipstream for reduced bandwidth and storage. Includes a Deep Learning Processing Unit (DPLU) for advanced AI-based analytics. Axis Object Analytics, video motion detection and active tampering alarm. Audio and I/O with compatible Axis portcast accessories. MicroSD memory card slot for local video storage. AXIS Edge Vault with FIPS 140-3 level 3 for increased cyber security. Black color.",419,USD,Audio and power accessories,active
02918-001,"AXIS M3126-LVE is a compact, turret style outdoor-ready dome camera. IP66 and IK08 impact-resistant design with built-in IR illumination. Fixed lens, 130° horizontal field of view. Multiple, individually configurable H.264, H.265 and Motion JPEG streams; 4MP at up to 30 fps with WDR and Lightfinder. Zipstream for reduced bandwidth and storage. Includes a Deep Learning Processing Unit (DPLU) for advanced AI-based analytics. Axis Object Analytics, video motion detection and active tampering alarm. Audio and I/O with compatible Axis portcast accessories. MicroSD memory card slot for local video storage. AXIS Edge Vault with FIPS 140-3 level 3 for increased cyber security. White color.",529,USD,Audio and power accessories,active
02919-001,"AXIS M3126-LVE is a compact, turret style outdoor-ready dome camera. IP66 and IK08 impact-resistant design with built-in IR illumination. Fixed lens, 130° horizontal field of view. Multiple, individually configurable H.264, H.265 and Motion JPEG streams; 4MP at up to 30 fps with WDR and Lightfinder. Zipstream for reduced bandwidth and storage. Includes a Deep Learning Processing Unit (DPLU) for advanced AI-based analytics. Axis Object Analytics, video motion detection and active tampering alarm. Audio and I/O with compatible Axis portcast accessories. MicroSD memory card slot for local video storage. AXIS Edge Vault with FIPS 140-3 level 3 for increased cyber security. Black color.",529,USD,Audio and power accessories,active
02920-001,"AXIS M3128-LVE is a compact, turret style outdoor-ready dome camera. IP66 and IK08 impact-resistant design with built-in IR illumination. Fixed lens, 110° horizontal field of view. Multiple, individually configurable H.264, H.265 and Motion JPEG streams; 8MP at up to 15 fps with WDR. Zipstream for reduced bandwidth and storage. Includes a Deep Learning Processing Unit (DPLU) for advanced AI-based analytics. Axis Object Analytics, video motion detection and active tampering alarm. Audio and I/O with compatible Axis portcast accessories. MicroSD memory card slot for local video storage. AXIS Edge Vault with FIPS 140-3 level 3 for increased cyber security. White color.",629,USD,Audio and power accessories,active
02921-001,"AXIS M3128-LVE is a compact, turret style outdoor-ready dome camera. IP66 and IK08 impact-resistant design with built-in IR illumination. Fixed lens, 110° horizontal field of view. Multiple, individually configurable H.264, H.265 and Motion JPEG streams; 8MP at up to 15 fps with WDR. Zipstream for reduced bandwidth and storage. Includes a Deep Learning Processing Unit (DPLU) for advanced AI-based analytics. Axis Object Analytics, video motion detection and active tampering alarm. Audio and I/O with compatible Axis portcast accessories. MicroSD memory card slot for local video storage. AXIS Edge Vault with FIPS 140-3 level 3 for increased cyber security. Black color.",629,USD,Audio and power accessories,active
02371-001,"Fixed dome camera with Deep Learning Processing Unit (DLPU). Forensic WDR, Lightfinder and Optimized IR. Discreet, dust- and IK10 vandal-resistant outdoor casing.
Fixed lens, 101°/ 55° horizontal/vertical field of view . Multiple, individually configurable streams, H.264/H.265 with Zipstream and Motion JPEG. Max 2MP at 30 fps with WDR up to 30fps. AXIS Object Analytics, Video motion detection and tampering alarm. Two-way audio and audio detection. Supervised digital input / digital output for alarm / event handling. MQTT support. Axis Edge Vault for added cyber security. Built in case open switch. MicroSD memory card slot for local storage. Powered by IEEE 802.3af/802.3at Type 1 Class 3. Includes mounting bracket and weather shield.",619,USD,Switches,active
02372-001,"Fixed dome camera with Deep Learning Processing Unit (DLPU). Forensic WDR, Lightfinder and Optimized IR. Discreet, dust- and IK10 vandal-resistant outdoor casing.
Fixed lens, 102°/ 73° horizontal/vertical field of view . Multiple, individually configurable streams, H.264/H.265 with Zipstream and Motion JPEG. Max 4MP at 30 fps with WDR up to 30fps. AXIS Object Analytics, Video motion detection and tampering alarm. Two-way audio and audio detection. Supervised digital input / digital output for alarm / event handling. MQTT support. Axis Edge Vault for added cyber security. Built in case open switch. MicroSD memory card slot for local storage. Powered by IEEE 802.3af/802.3at Type 1 Class 3. Includes mounting bracket and weather shield.",729,USD,Switches,active
02676-001,"Compact, varifocal, D/N mini dome with dust- and vandal-resistant casing for easy indoor mounting. 3.6-6.6 mm with remote zoom and focus simplifying the installation. Multiple, individually configurable H.264, H.265 and Motion JPEG streams; 2MP for wide 16:9 view with up to 30 fps. Zipstream for reduced bandwidth and storage.  Includes a Deep Learning Processing Unit (DPLU) for advanced analytics. Axis Object Analytics, video motion detection and active tampering alarm. HDMI output. Audio and I/O with compatible Axis portcast accessories. MicroSD memory card slot for local video storage. AXIS Edge Vault for increased Cyber Security",469,USD,Audio and power accessories,active
02677-001,"Compact, varifocal, D/N mini dome with built-in IR illumination and dust- and vandal-resistant casing for easy indoor mounting. 3.6-6.6 mm with remote zoom and focus simplifying the installation. Multiple, individually configurable H.264, H.265 and Motion JPEG streams; 2MP for wide 16:9 view with up to 30 fps. Zipstream for reduced bandwidth and storage.  Includes a Deep Learning Processing Unit (DPLU) for advanced analytics. Axis Object Analytics, video motion detection and active tampering alarm. HDMI output. Audio and I/O with compatible Axis portcast accessories. MicroSD memory card slot for local video storage. AXIS Edge Vault for increased Cyber Security",509,USD,Audio and power accessories,active
02112-001,"Compact, varifocal, D/N mini dome with dust- and vandal-resistant casing for easy indoor mounting. 3-6 mm lens with remote zoom and focus simplifying the installation. Multiple, individually configurable H.264, H.265 and Motion JPEG streams; 4MP in 4:3, 3MP in 16:9, max 30 fps with WDR. Zipstream for reduced bandwidth and storage. Includes a Deep Learning Processing Unit (DPLU) for advanced analytics. Axis Object Analytics, video motion detection and active tampering alarm. HDMI output (micro). MicroSD memory card slot for optional local video storage.  AXIS Edge Vault for increased Cyber Security",509,USD,Recorder accessories,active
02113-001,"Compact, varifocal, D/N mini dome with built-in IR illumination and dust- and vandal-resistant casing for easy indoor mounting. 3-6 mm lens with remote zoom and focus simplifying the installation. Multiple, individually configurable H.264, H.265 and Motion JPEG streams; 4MP in 4:3, 3MP in 16:9, max 30 fps with WDR. Zipstream for reduced bandwidth and storage. Includes a Deep Learning Processing Unit (DPLU) for advanced analytics. Axis Object Analytics, video motion detection and active tampering alarm. HDMI output (micro). MicroSD memory card slot for optional local video storage. AXIS Edge Vault for increased Cyber Security",549,USD,Recorder accessories,active
02678-001,"Compact, varifocal, D/N mini dome with dust- and vandal-resistant casing for easy indoor mounting. 3.6-6.6 mm with remote zoom and focus simplifying the installation. Multiple, individually configurable H.264, H.265 and Motion JPEG streams; 8MP for wide 16:9 view with up to 15 fps. Zipstream for reduced bandwidth and storage.  Includes a Deep Learning Processing Unit (DPLU) for advanced analytics. Axis Object Analytics, video motion detection and active tampering alarm. HDMI output. Audio and I/O with compatible Axis portcast accessories. MicroSD memory card slot for local video storage. AXIS Edge Vault for increased Cyber Security",549,USD,Audio and power accessories,active
02679-001,"Compact, varifocal, D/N mini dome with built-in IR illumination and dust- and vandal-resistant casing for easy indoor mounting. 3.6-6.6 mm with remote zoom and focus simplifying the installation. Multiple, individually configurable H.264, H.265 and Motion JPEG streams; 8MP for wide 16:9 view with up to 15 fps. Zipstream for reduced bandwidth and storage.  Includes a Deep Learning Processing Unit (DPLU) for advanced analytics. Axis Object Analytics, video motion detection and active tampering alarm. HDMI output. Audio and I/O with compatible Axis portcast accessories. MicroSD memory card slot for local video storage. AXIS Edge Vault for increased Cyber Security",589,USD,Audio and power accessories,active
02814-001,"Compact, varifocal 2 MP dome with AI analytics. Great image quality thanks to Forensic WDR, Lightfinder 2.0 and Optimized IR
Sleek, IP66/IK10 polycarbonate casing and included weather shield.
Varifocal 3.2–7.2 mm lens
Multiple, individually configurable streams, H.264/H.265 with zipstream in up to 2MP @ 30fps.
Acoustic sensors for audio analytics. 
Axis Edge Vault with FIPS 140-3 level 3 certified. Support for SD card storage.
Advanced AI analytics for object classification, counting, audio detection, masking and more.
Powered by IEEE 802.3af/802.3at Type 1 Class 3.",629,USD,Audio and power accessories,active
02815-001,"Compact, varifocal 5 MP dome with AI analytics. Great image quality thanks to Forensic WDR, Lightfinder 2.0 and Optimized IR
Sleek, IP66/IK10 polycarbonate casing and included weather shield.
Varifocal 3.2–7.2 mm lens
Multiple, individually configurable streams, H.264/H.265 with zipstream in up to 5MP @ 30fps.
Acoustic sensors for audio analytics. 
Axis Edge Vault with FIPS 140-3 level 3 certified. Support for SD card storage.
Advanced AI analytics for object classification, counting, audio detection, masking and more.
Powered by IEEE 802.3af/802.3at Type 1 Class 3.",789,USD,Audio and power accessories,active
02816-001,"Compact, varifocal 8 MP dome with AI analytics. Great image quality thanks to Forensic WDR, Lightfinder 2.0 and Optimized IR
Sleek, IP66/IK10 polycarbonate casing and included weather shield.
Varifocal 3.2–7.2 mm lens
Multiple, individually configurable streams, H.264/H.265 with zipstream in up to 8MP @ 30fps.
Acoustic sensors for audio analytics. 
Axis Edge Vault with FIPS 140-3 level 3 certified. Support for SD card storage.
Advanced AI analytics for object classification, counting, audio detection, masking and more.
Powered by IEEE 802.3af/802.3at Type 1 Class 3.",899,USD,Audio and power accessories,active
02100-001,"AXIS M4308-PLE is a discreet, outdoor-ready mini dome designed to blend seamlessly into any environment. With 12 MP sensor and stereographic lens it offers outstanding images and complete 360° panoramic overview. Thanks to Sharpdome 360, this panoramic camera delivers greater sharpness at the edges of the image. AXIS Object Analytics is included and a deep learning processing unit (DLPU) enables unique opportunities to take advantage of analytics based on deep learning on the edge. It includes Axis Lightfinder and Axis Forensic WDR for true colors and great details in challenging light or near darkness. Plus, Axis OptimizedIR for surveillance in pitch darkness. Four built-in microphones and Voice Enhancer offers audio capture with great noise suppression.",1059,USD,Audio and power accessories,active
02510-001,"AXIS M4317-PLVE is a discreet, IK10 and IP66 outdoor-ready mini dome designed with 6 MP sensor and stereographic lens, that can deliver multiple 360° or 180° panoramic views at up to 30 fps with no blind spots. Thanks to Sharpdome 360, this panoramic camera delivers greater sharpness at the edges of the image. Built on ARTPEC-8, it offers powerful artificial intelligence and deep learning analytics on the edge. including AXIS Object Analytics, it can accurately detect and classify moving objects for more effective monitoring. The camera can stream multiple, individually configurable H.264, H.265 and Motion JPEG streams, with support for digital PTZ. AXIS M4317-PLVE comes with build-in configurable IR, making it perfect for low light situations. Signed firmware and secure boot ensure firmware authenticity. Power over Ethernet.",769,USD,Audio and power accessories,active
02511-001,"AXIS M4318-PLVE is a discreet, IK10 and IP66 outdoor-ready mini dome designed with 12 MP sensor and stereographic lens, that can deliver 360° or 180° panoramic views at up to 30 fps with no blind spots. Thanks to Sharpdome 360, this panoramic camera delivers greater sharpness at the edges of the image. Built on ARTPEC-8, it offers powerful artificial intelligence and deep learning analytics on the edge. including AXIS Object Analytics, it can accurately detect and classify moving objects for more effective monitoring. The camera can stream multiple, individually configurable H.264, H.265 and Motion JPEG streams, with support for digital PTZ. AXIS M4318-PLVE comes with build-in configurable IR, making it perfect for low light situations. Signed firmware and secure boot ensure firmware authenticity. Power over Ethernet.",949,USD,Audio and power accessories,active
02636-004,"AXIS M4327-P is an ultra-compact, indoor fixed mini dome with 6 MP sensor and stereographic lens, that can deliver multiple 360° or 180° panoramic views at up to 30 fps with no blind spots. Built on ARTPEC-8, it offers powerful artificial intelligence and deep learning analytics on the edge. including AXIS Object Analytics, it can accurately detect and classify moving objects for more effective monitoring. The camera can stream multiple, individually configurable H.264, H.265 and Motion JPEG streams, with support for digital PTZ. AXIS M4327-P is delivered factory-focused and features digital roll functionality for easy installation. Signed firmware and secure boot ensure firmware authenticity. Environment-friendly, PVC-free with recycled plastics. Power over Ethernet.",559,USD,Audio and power accessories,active
02637-004,"AXIS M4328-P is an ultra-compact, indoor fixed mini dome with 12 MP sensor and stereographic lens, that can deliver 360° or 180° panoramic views at up to 30 fps with no blind spots. Built on ARTPEC-8, it offers powerful artificial intelligence and deep learning analytics on the edge. including AXIS Object Analytics, it can accurately detect and classify moving objects for more effective monitoring. The camera can stream multiple, individually configurable H.264, H.265 and Motion JPEG streams, with support for digital PTZ. AXIS M4328-P is delivered factory-focused and features digital roll functionality for easy installation. Signed firmware and secure boot ensure firmware authenticity. Environment-friendly, PVC-free with recycled plastics. Power over Ethernet.",739,USD,Audio and power accessories,active
02326-001,"High-performance fixed dome camera with Deep Learning Processing Unit (DLPU). Forensic WDR, Lightfinder 2.0. Discreet, dust- and IK10 vandal-resistant indoor casing.
Varifocal  3.4-8.9 mm P-Iris lens with remote zoom and focus. Multiple, individually configurable streams, H.264/H.265 with Zipstream and Motion JPEG. HDTV 1080p stream up to 60 fps, 30fps with WDR. AXIS Object Analytics, Video motion detection and tampering alarm. Two-way audio and audio detection. Supervised digital input / digital output for alarm / event handling. MQTT support. Axis Edge Vault for added cyber security. MicroSD memory card slot for local  storage. Powered by IEEE 802.3af/802.3at Type 1 Class 2. Includes mounting bracket.",589,USD,Audio and power accessories,active
02327-001,"High-performance fixed dome camera with Deep Learning Processing Unit (DLPU). Forensic WDR, Lightfinder 2.0 and Optimized IR. Discreet, dust- and IK10 vandal-resistant indoor casing.
Varifocal  3.4-8.9 mm P-Iris lens with remote zoom and focus. Multiple, individually configurable streams, H.264/H.265 with Zipstream and Motion JPEG. HDTV 1080p stream up to 60 fps, 30fps with WDR. AXIS Object Analytics, Video motion detection and tampering alarm. Two-way audio and audio detection. Supervised digital input / digital output for alarm / event handling. MQTT support. Axis Edge Vault for added cyber security. MicroSD memory card slot for local  storage. Powered by IEEE 802.3af/802.3at Type 1 Class 3. Includes mounting bracket.",679,USD,Audio and power accessories,active
02980-001,"High-performance 2 MP dome camera with AI analytics. 
Excellent image quality thanks to Forensic WDR, Lightfinder 2.0 and Optimized IR.
Robust, vandal-secure IP54/IK10 polycarbonate indoor casing
Varifocal 3.4-9.8 mm P-iris lens with remote zoom and focus.
Multiple, individually configurable streams, AV1/H.264/H.265 with zipstream in up to 2 MP @ 60 fps.
Acoustic sensors for audio analytics. Supervised digital input and output.
Case-open sensor
Axis Edge Vault with FIPS 140-3 level 3 certified. Support for SD card storage.
Advanced AI analytics for object classification, counting, masking and more.
Powered by IEEE 802.3af/802.3at Type 1 Class 3.",679,USD,Audio and power accessories,active
02981-001,"High-performance 2 MP dome camera with AI analytics. 
Excellent image quality thanks to Forensic WDR, Lightfinder 2.0 and Optimized IR.
Robust, vandal-secure IP66/IK10 polycarbonate outdoor casing with included weathershield.
Varifocal 3.4-9.8 mm P-iris lens with remote zoom and focus.
Multiple, individually configurable streams, AV1/H.264/H.265 with zipstream in up to 2 MP @ 60 fps.
Acoustic sensors for audio analytics. Supervised digital input and output.
Case-open sensor
Axis Edge Vault with FIPS 140-3 level 3 certified. Support for SD card storage.
Advanced AI analytics for object classification, counting, masking and more.
Powered by IEEE 802.3af/802.3at Type 1 Class 3.",799,USD,Audio and power accessories,active
02328-001,"High-performance fixed dome camera with Deep Learning Processing Unit (DLPU). Forensic WDR, Lightfinder 2.0 and Optimized IR. Discreet, dust- and IK10 vandal-resistant outdoor casing.
Varifocal  3.4-8.9 mm P-Iris lens with remote zoom and focus. Multiple, individually configurable streams, H.264/H.265 with Zipstream and Motion JPEG. HDTV 1080p stream up to 60 fps, 30fps with WDR. AXIS Object Analytics, Video motion detection and tampering alarm. Two-way audio and audio detection. Supervised digital input / digital output for alarm / event handling. MQTT support. Axis Edge Vault for added cyber security. MicroSD memory card slot for local  storage. Powered by IEEE 802.3af/802.3at Type 1 Class 3. Extended temperature range. Includes mounting bracket and weather shield.",799,USD,Audio and power accessories,active
02982-001,"High-performance 2 MP dome camera with AI analytics. 
Excellent image quality thanks to Forensic WDR, Lightfinder 2.0 and Optimized IR.
Robust, vandal-secure IP66/IK10 polycarbonate outdoor casing with included weathershield.
Varifocal 10.8–28.2 mm P-iris lens with remote zoom and focus.
Multiple, individually configurable streams, AV1/H.264/H.265 with zipstream in up to 2 MP @ 60 fps.
Acoustic sensors for audio analytics. Supervised digital input and output.
Case-open sensor
Axis Edge Vault with FIPS 140-3 level 3 certified. Support for SD card storage.
Advanced AI analytics for object classification, counting, masking and more.
Powered by IEEE 802.3af/802.3at Type 1 Class 3.",799,USD,Audio and power accessories,active
03210-001,"1/1.2” image sensor, outdoor block camera with built-in wiper, NEMA 4X, IP66, IP67 and IK10-rated, 4K / 8 MP resolution, day/night, with Deep Learning Processing Unit (DLPU). ARTPEC-9 SoC. Forensic WDR and Lightfinder 2.0, OptimizedIR, a power-efficient 850nm IR LED technology. Varifocal IR corrected 5.9-13.3 mm lens, 108°-49° HFOV with remote zoom, focus and corridor format bracket. Multiple, individually configurable H.264/H.265/AV1 with Zipstream and Motion JPEG. 8 MP stream up to 50/60 fps. AXIS Object Analytics, shock detection and active tampering alarm and open casing intrusion detection. AXIS Edge Vault with FIPS 140-3 Level 3 for added cyber security. Barrel distortion correction, defogging, electronic image stabilization and scene profiles. MQTT Support. Audio in jack, audio out with speaker pairing and supervised I/O port, microSD memory card slot. Serial port for RS422/485 communication. Powered by IEEE 802.3af Type2 Class 4 (PoE+) or 10-28 V DC power with redundancy. IDC punch or RJ45 connection. Carbon nanotube window heater, camera heater and fan. Arctic Temperature Control for start-up in -40°C to +60°C (-40 ºF to 140 ºF). ). Includes removable sunshield, wall bracket and cable glands. Midspan or power supply not included.",1899,USD,Power Supply,active
02333-001,"High-performance fixed dome camera with Deep Learning Processing Unit (DLPU). Forensic WDR, Lightfinder 2.0 and Optimized IR. Discreet, dust- and IK10 vandal-resistant outdoor casing.
Varifocal  9-22 mm P-Iris lens with remote zoom and focus. Multiple, individually configurable streams, H.264/H.265 with Zipstream and Motion JPEG. HDTV 1080p stream up to 60 fps, 30fps with WDR. AXIS Object Analytics, Video motion detection and tampering alarm. Two-way audio and audio detection. Supervised digital input / digital output for alarm / event handling. MQTT support. Axis Edge Vault for added cyber security. Built in case open switch. MicroSD memory card slot for local  storage. Powered by IEEE 802.3af/802.3at Type 1 Class 3. Extended temperature range. Includes mounting bracket and weather shield.",849,USD,Switches,active
03211-001,"1/1.2” image sensor, outdoor block camera with built-in wiper, NEMA 4X, IP66, IP67 and IK10-rated, 4K / 8 MP resolution, day/night, with Deep Learning Processing Unit (DLPU). ARTPEC-9 SoC. Built in wiper. Forensic WDR and Lightfinder 2.0, OptimizedIR, a power-efficient 850nm IR LED technology. Varifocal IR corrected 15.2-48.7 mm lens, 42°-13° HFOV with remote zoom and autofocus and corridor format bracket. Multiple, individually configurable H.264/H.265/AV1 with Zipstream and Motion JPEG. 8 MP stream up to 50/60 fps. AXIS Object Analytics, shock detection and active tampering alarm and open casing intrusion detection. AXIS Edge Vault with FIPS 140-3 Level 3 for added cyber security. Barrel distortion correction, defogging, electronic image stabilization and scene profiles. MQTT Support. Audio in jack, audio out with speaker pairing and supervised I/O port, microSD memory card slot. Serial port for RS422/485 communication. Powered by IEEE 802.3af Type2 Class 4 (PoE+) or 10-28 V DC power with redundancy. IDC punch or RJ45 connection. Carbon nanotube window heater, camera heater and fan. Arctic Temperature Control for start-up in -40°C to +60°C (-40 ºF to 140 ºF). Includes removable sunshield, wall bracket and cable glands. Midspan or power supply not included.",1899,USD,Power Supply,active
03297-001,"Spare part clear dome in a 5p (anti-scratch hard coating), compatible with: AXIS Q3546-LVE
AXIS Q3548-LVE, AXIS Q3556-LVE, AXIS Q3558-LVE.",229,USD,Cameras,active
02329-001,"High-performance fixed dome camera with Deep Learning Processing Unit (DLPU). Forensic WDR, Lightfinder 2.0 and Optimized IR. Discreet, dust- and IK10 vandal-resistant indoor casing.
Varifocal  3-8 mm P-Iris lens with remote zoom and focus. Multiple, individually configurable streams, H.264/H.265 with Zipstream and Motion JPEG. 5MP stream in 4:3 up to 30fps. AXIS Object Analytics, Video motion detection and tampering alarm. Two-way audio and audio detection. Supervised digital input / digital output for alarm / event handling. MQTT support. Axis Edge Vault for added cyber security. Built in case open switch. MicroSD memory card slot for local  storage. Powered by IEEE 802.3af/802.3at Type 1 Class 3. Includes mounting bracket.",849,USD,Switches,active
03152-001,"High-performance 5 MP dome camera with AI analytics. 
Excellent image quality thanks to Forensic WDR, Lightfinder 2.0 and Optimized IR.
Robust, vandal-secure IP54/IK10 polycarbonate indoor casing
Varifocal 3.0–8.5 mm, P-iris lens with remote zoom and focus.
Multiple, individually configurable streams, AV1/H.264/H.265 with zipstream in up to 5MP @ 30fps.
Audio support from 3.5mm audio input, portcast and Edge-to-edge. Supervised digital input and output.
Case-open sensor.
Axis Edge Vault with FIPS 140-3 level 3 certified. Support for SD card storage.
Advanced AI analytics for object classification, counting, masking and more.
Powered by IEEE 802.3af/802.3at Type 1 Class 3.",849,USD,Audio and power accessories,active
02983-001,"High-performance 5 MP dome camera with AI analytics. 
Excellent image quality thanks to Forensic WDR, Lightfinder 2.0 and Optimized IR.
Robust, vandal-secure IP54/IK10 polycarbonate indoor casing
Varifocal 3.0–8.5 mm P-iris lens with remote zoom and focus.
Multiple, individually configurable streams, AV1/H.264/H.265 with zipstream in up to  5 MP @ 30 fps.
Acoustic sensors for audio analytics. Supervised digital input and output.
Case-open sensor
Axis Edge Vault with FIPS 140-3 level 3 certified. Support for SD card storage.
Advanced AI analytics for object classification, counting, masking and more.
Powered by IEEE 802.3af/802.3at Type 1 Class 3.",849,USD,Audio and power accessories,active
02330-001,"High-performance fixed dome camera with Deep Learning Processing Unit (DLPU). Forensic WDR, Lightfinder 2.0 and Optimized IR. Discreet, dust- and IK10 vandal-resistant outdoor casing.
Varifocal  3-8 mm P-Iris lens with remote zoom and focus. Multiple, individually configurable streams, H.264/H.265 with Zipstream and Motion JPEG. 5MP stream in 4:3 up to 30fps.. AXIS Object Analytics, Video motion detection and tampering alarm. Two-way audio and audio detection. Supervised digital input / digital output for alarm / event handling. MQTT support. Axis Edge Vault for added cyber security. Built in case open switch. MicroSD memory card slot for local  storage. Powered by IEEE 802.3af/802.3at Type 1 Class 3. Extended temperature range. Includes mounting bracket and weather shield.",999,USD,Switches,active
03153-001,"High-performance 5 MP dome camera with AI analytics. 
Excellent image quality thanks to Forensic WDR, Lightfinder 2.0 and Optimized IR.
Robust, vandal-secure IP66/IK10 polycarbonate outdoor casing with included weathershield.
Varifocal 3.0–8.5 mm, P-iris lens with remote zoom and focus.
Multiple, individually configurable streams, AV1/H.264/H.265 with zipstream in up to 5 MP @ 30 fps.
Audio support from 3.5mm audio input, portcast and Edge-to-edge. Supervised digital input and output.
Case-open sensor.
Axis Edge Vault with FIPS 140-3 level 3 certified. Support for SD card storage.
Advanced AI analytics for object classification, counting, masking and more.
Powered by IEEE 802.3af/802.3at Type 1 Class 3.",999,USD,Audio and power accessories,active
02984-001,"High-performance 5 MP dome camera with AI analytics. 
Excellent image quality thanks to Forensic WDR, Lightfinder 2.0 and Optimized IR.
Robust, vandal-secure IP66/IK10 polycarbonate outdoor casing with included weathershield.
Varifocal 3.0–8.5 mm P-iris lens with remote zoom and focus.
Multiple, individually configurable streams, AV1/H.264/H.265 with zipstream in up to 5 MP @ 30 fps.
Acoustic sensors for audio analytics. Supervised digital input and output.
Case-open sensor
Axis Edge Vault with FIPS 140-3 level 3 certified. Support for SD card storage.
Advanced AI analytics for object classification, counting, masking and more.
Powered by IEEE 802.3af/802.3at Type 1 Class 3.",999,USD,Audio and power accessories,active
02732-001,"High-performance fixed dome camera with advanced video and audio analytics. Forensic WDR, Lightfinder 2.0 and Optimized IR. Discreet, dust- and IK10 vandal-resistant outdoor casing. Built-in microphone for audio analytics and streaming.
Varifocal  3-8 mm P-Iris lens with remote zoom and focus. Multiple, individually configurable streams, H.264/H.265 with Zipstream and Motion JPEG. 5MP stream in 4:3 up to 30fps. AXIS Object Analytics, AXIS Audio Analytics, Video motion detection and tampering alarm. Two-way audio. Supervised digital input / digital output for alarm / event handling. MQTT support. Axis Edge Vault for added cyber security. Built in case open switch. MicroSD memory card slot for local  storage. Powered by IEEE 802.3af/802.3at Type 1 Class 3. Extended temperature range. Includes mounting bracket and weather shield.",1029,USD,Switches,active
02331-001,"High-performance fixed dome camera with Deep Learning Processing Unit (DLPU). Forensic WDR, Lightfinder 2.0 and Optimized IR. Discreet, dust- and IK10 vandal-resistant indoor casing.
Varifocal  4.3-8.6 mm P-Iris lens with remote zoom and focus. Multiple, individually configurable streams, H.264/H.265 with Zipstream and Motion JPEG. 8MP 4K stream in 16:9 up to 30fps. AXIS Object Analytics, Video motion detection and tampering alarm. Two-way audio and audio detection. Supervised digital input / digital output for alarm / event handling. MQTT support. Axis Edge Vault for added cyber security. Built in case open switch. MicroSD memory card slot for local  storage. Powered by IEEE 802.3af/802.3at Type 1 Class 3. Includes mounting bracket.",999,USD,Switches,active
03154-001,"High-performance 8 MP dome camera with AI analytics. 
Excellent image quality thanks to Forensic WDR, Lightfinder 2.0 and Optimized IR.
Robust, vandal-secure IP54/IK10 polycarbonate indoor casing
Varifocal 4.4–14.6 mm, P-iris lens with remote zoom and focus.
Multiple, individually configurable streams, AV1/H.264/H.265 with zipstream in up to 8 MP @ 30 fps.
Audio support from 3.5mm audio input, portcast and Edge-to-edge. Supervised digital input and output.
Case-open sensor.
Axis Edge Vault with FIPS 140-3 level 3 certified. Support for SD card storage.
Advanced AI analytics for object classification, counting, masking and more.
Powered by IEEE 802.3af/802.3at Type 1 Class 3.",999,USD,Audio and power accessories,active
02985-001,"High-performance 8 MP dome camera with AI analytics. 
Excellent image qulity thanks to Forensic WDR, Lightfinder 2.0 and Optimized IR.
Robust, vandal-secure IP54/IK10 polycarbonate indoor casing
Varifocal 4.4–14.6 mm P-iris lens with remote zoom and focus.
Multiple, individually configurable streams, AV1/H.264/H.265 with zipstream in up to 8 MP @ 30 fps.
Acoustic sensors for audio analytics. Supervised digital input and output.
Case-open sensor
Axis Edge Vault with FIPS 140-3 level 3 certified. Support for SD card storage.
Advanced AI analytics for object classification, counting, masking and more.
Powered by IEEE 802.3af/802.3at Type 1 Class 3.",999,USD,Audio and power accessories,active
02332-001,"High-performance fixed dome camera with Deep Learning Processing Unit (DLPU). Forensic WDR, Lightfinder 2.0 and Optimized IR. Discreet, dust- and IK10 vandal-resistant outdoor casing.
Varifocal  3-8 mm P-Iris lens with remote zoom and focus. Multiple, individually configurable streams, H.264/H.265 with Zipstream and Motion JPEG. 8MP 4K stream in 16:9 up to 30fps. AXIS Object Analytics, Video motion detection and tampering alarm. Two-way audio and audio detection. Supervised digital input / digital output for alarm / event handling. MQTT support. Axis Edge Vault for added cyber security. Built in case open switch. MicroSD memory card slot for local  storage. Powered by IEEE 802.3af/802.3at Type 1 Class 3. Extended temperature range. Includes mounting bracket and weather shield.",1099,USD,Switches,active
03155-001,"High-performance 8 MP dome camera with AI analytics. 
Excellent image quality thanks to Forensic WDR, Lightfinder 2.0 and Optimized IR.
Robust, vandal-secure IP66/IK10 polycarbonate outdoor casing with included weathershield.
Varifocal 4.4–14.6 mm, P-iris lens with remote zoom and focus.
Multiple, individually configurable streams, AV1/H.264/H.265 with zipstream in up to 8 MP @ 30 fps.
Audio support from 3.5mm audio input, portcast and Edge-to-edge. Supervised digital input and output.
Case-open sensor.
Axis Edge Vault with FIPS 140-3 level 3 certified. Support for SD card storage.
Advanced AI analytics for object classification, counting, masking and more.
Powered by IEEE 802.3af/802.3at Type 1 Class 3.",1099,USD,Audio and power accessories,active
02986-001,"High-performance 8 MP dome camera with AI analytics. 
Excellent image quality thanks to Forensic WDR, Lightfinder 2.0 and Optimized IR.
Robust, vandal-secure IP66/IK10 polycarbonate outdoor casing with included weathershield.
Varifocal 4.4–14.6 mm P-iris lens with remote zoom and focus.
Multiple, individually configurable streams, AV1/H.264/H.265 with zipstream in up to 8 MP @ 30 fps.
Acoustic sensors for audio analytics. Supervised digital input and output.
Case-open sensor
Axis Edge Vault with FIPS 140-3 level 3 certified. Support for SD card storage.
Advanced AI analytics for object classification, counting, masking and more.
Powered by IEEE 802.3af/802.3at Type 1 Class 3.",1099,USD,Audio and power accessories,active
02415-001,"AXIS P4705-PLVE offers two channels with 2MP per channel, at a frame rate of up to 60 fps. With its unique design, this multidirectional camera offers cost-effective installation and flexible positioning of both varifocal camera heads. Each head can be controlled individually, so you can capture scenes in two directions in wide angle or zoomed-in views, with up to 2.5x zoom. It features Axis Lightfinder and Axis Forensic WDR for true colors and great details in challenging or poor light. The camera comes with a Deep Learning Processing Unit and can run analytics on both channels simultaneously. Furthermore, Zipstream with support for H.264 and H.265 significantly lowers bandwidth and storage requirements.",1029,USD,Cameras,active
02416-001,"AXIS P4707-PLVE offers two channels with 5MP per channel, at a frame rate of 30 fps. With its unique design, this multidirectional camera offers cost-effective installation and flexible positioning of both varifocal camera heads. Each head can be controlled individually, so you can capture scenes in two directions in wide angle or zoomed-in views, with up to 2.5x zoom. It features Axis Lightfinder and Axis Forensic WDR for true colors and great details in challenging or poor light. The camera comes with a Deep Learning Processing Unit and can run analytics on both channels simultaneously. Furthermore, Zipstream with support for H.264 and H.265 significantly lowers bandwidth and storage requirements.",1159,USD,Cameras,active
02944-001,"AXIS P4708-PLVE offers two channels with 8MP (4K) per channel, at a frame rate of 25/30 fps. With its unique design, this multidirectional camera offers cost-effective installation and flexible positioning of both varifocal camera heads. Each head can be controlled individually, so you can capture scenes in two directions in wide angle or zoomed-in views, with up to 2.5x zoom. It features Axis Lightfinder and Axis Forensic WDR for true colors and great details in challenging or poor light. The AI powered camera comes with a Deep Learning Processing Unit and can run multiple analytics on both channels simultaneously. Furthermore, Zipstream with support for H.264 and H.265 significantly lowers bandwidth and storage requirements.",1379,USD,Cameras,active
02633-001,"AXIS P3735-PLE Panoramic Camera offers 4x2 MP sensors and is perfect for 360° and 270° coverage. You’ll be able to count on both high-quality overviews and detailed coverage thanks to the brilliant design of this cost-effective solution. With 360° IR illumination, the product provides excellent image quality around the clock, even in challenging lighting. With ARTPEC-8 and its deep learning processing unit, the product supports analytics and metadata on all sensors.",1599,USD,Access,active
02634-001,"AXIS P3737-PLE Panoramic Camera offers 4x5 MP sensors and is perfect for 360° and 270° surveillance. You’ll be able to count on both high-quality overviews and detailed coverage thanks to the brilliant design of this cost-effective solution. With 360° IR illumination, the product provides excellent image quality around the clock, even in challenging lighting. With ARTPEC-8 and its deep learning processing unit, the product supports analytics and metadata on all sensors.",1799,USD,Access,active
02635-001,"AXIS P3738-PLE Panoramic Camera offers 4x4K (4x8 MP) sensors and is perfect for 360° and 270° surveillance. You’ll be able to count on both high-quality overviews and detailed coverage thanks to the brilliant design of this cost-effective solution. With 360° IR illumination, the product provides excellent image quality around the clock, even in challenging lighting. With ARTPEC-8 and its deep learning processing unit, the product supports analytics and metadata on all sensors.",1999,USD,Access,active
02897-001,"AXIS P3747-PLVE with remote Pan-Tilt-Roll and Zoom installation motors enables flexible installations, reducing time and maintenance costs. The product is ideal for 360 and 270 surveillance with 4 individual sensors in one product, requiring only one cable to be drawn and one IP Address. With 4*5MP (20MP) resolution (4:3), the camera has excellent image quality, in day-time and low light situations, comes with Axis lightfinder and Forensic WDR and include 360 degrees IR coverage. The camera has AI capabilities up to 4 sensors.",2219,USD,Cameras,active
02898-001,"AXIS P3748-PLVE with remote Pan-Tilt-Roll and Zoom installation motors enables extremely flexible installations, reducing time and maintenance costs. The product is ideal for 360 and 270 surveillance with 4 individual sensors in one product, requiring only one cable to be drawn and one IP Address. With 4*8MP (32MP) resolution (16:9), the camera has excellent image quality, in day-time and low light situations, comes with Axis lightfinder and Forensic WDR and include 360 degrees IR coverage. The camera has AI capabilities up to 4 sensors.",2439,USD,Cameras,active
02060-001,"AXIS P3818-PVE delivers a 180º panoramic overview of extensive areas with ultra-high resolution images and incredible details up to 30 fps. With 13 MP resolution and seamless stitching of all three images, it offers 180° horizontal and 90° vertical coverage with no blind spots. Including a variety of mounting options, it’s also possible to mount two cameras back-to-back for a complete 360° overview using AXIS T94V01C Dual Camera Mount. Featuring edge-to-edge technology, it’s easy to add support for audio. Additionally, built-in cybersecurity features prevent unauthorized access and safeguard your system.",2059,USD,Audio and power accessories,active
02450-001,"AXIS P3827-PVE delivers a 180º panoramic overview of extensive areas with high resolution images and incredible details up to 30 fps. With 7 MP resolution and seamless stitching of all four images, it offers 180° horizontal and 90° vertical coverage with no blind spots. Built on ARTPEC-8, it offers powerful artificial intelligence and deep learning analytics on the edge. With AXIS Object Analytics, it can accurately detect and classify moving objects for more effective monitoring. Including horizon straightening, this product will give an excellent viewing experience, enabling to set the horizon in the image. Additionally, built-in cybersecurity features prevent unauthorized access and safeguard your system. Power over Ethernet.",1599,USD,Audio and power accessories,active
01920-001,"AXIS P3925-R RJ45 2.8mm is a Full HDTV 1080p fixed dome onboard camera with male RJ45 network connector for rolling stock and vehicles. Equipped with 2.8mm, F1.6 lens in ruggedized IP66/IP67 and IK10 rated metal casing. Multiple, individually configurable H.264, H.265 and Motion JPEG streams. Forensic WDR, Lightfinder technology and removable IR-cut filter for day/night functionality. Axis Zipstream technology for reduced bandwidth and storage needs, microSD/microSDHC/microSDXC memory card slot for optional local video storage.
Includes lens tool, L-key, and drill template.",579,USD,Cameras,active
01920-021,"AXIS P3925-R RJ45 2.8mm 10P is a bulk pack 10x AXIS P3925-R. Full HDTV 1080p fixed dome onboard camera with male RJ45 network connector for rolling stock and vehicles. Equipped with 2.8mm, F1.6 lens in ruggedized IP66/IP67 and IK10 rated metal casing. Multiple, individually configurable H.264, H.265 and Motion JPEG streams. Forensic WDR, Lightfinder technology and removable IR-cut filter for day/night functionality. Axis Zipstream technology for reduced bandwidth and storage needs, microSD/microSDHC/microSDXC memory card slot for optional local video storage",5529,USD,Cameras,active
01933-001,"AXIS P3925-R M12 2.8mm is full HDTV 1080p fixed dome onboard camera for rolling stock and vehicles with female M12 connector. Equipped with 2.8mm, F1.6 lens in ruggedized IP66/IP67 and IK10 rated metal casing. Multiple, individually configurable H.264, H.265 and Motion JPEG streams. Forensic WDR, Lightfinder technology and removable IR-cut filter for day/night functionality. Axis Zipstream technology for reduced bandwidth and storage needs, microSD/microSDHC/microSDXC memory card slot for optional local video storage.
Includes lens tool, L-key, and drill template.",579,USD,Cameras,active
01933-021,"AXIS P3925-R M12 2.8mm 10P is a bulk pack 10x AXIS P3925-R. Full HDTV 1080p fixed dome onboard camera with female M12 connector for rolling stock and vehicles. Equipped with 2.8mm, F1.6 lens in ruggedized IP66/IP67 and IK10 rated metal casing. Multiple, individually configurable H.264, H.265 and Motion JPEG streams. Forensic WDR, Lightfinder technology and removable IR-cut filter for day/night functionality. Axis Zipstream technology for reduced bandwidth and storage needs, microSD/microSDHC/microSDXC memory card slot for optional local video storage.",5529,USD,Cameras,active
02090-001,"AXIS P3925-LRE RJ45 6mm is a compact streamlined exterior onboard camera for rolling stock and vehicles with male RJ45 network connector. The HDTV 1080p camera is equipped with two 850 nm IR LEDs, removable IR-cut filter for day/night functionality and a 6 mm F1.9 lens in a rugged IP6K9K and IK10 rated metal casing. Multiple, individually configurable H.264, H.265 and Motion JPEG streams. Forensic WDR, Lightfinder technology, Axis Zipstream technology for reduced bandwidth and storage needs, microSD/microSDHC/microSDXC memory card slot for optional local video storage.
Includes lens tool, L-key, and drill template.",1059,USD,Cameras,active
02091-001,"AXIS P3925-LRE M12 6mm is a compact streamlined exterior onboard camera for rolling stock and vehicles with female M12 connector. The HDTV 1080p camera is equipped with two 850 nm IR LEDs, removable IR-cut filter for day/night functionality and a 6 mm F1.9 lens in a rugged IP6K9K and IK10 rated metal casing. Multiple, individually configurable H.264, H.265 and Motion JPEG streams. Forensic WDR, Lightfinder technology, Axis Zipstream technology for reduced bandwidth and storage needs, microSD/microSDHC/microSDXC memory card slot for optional local video storage.
Includes lens tool, L-key, and drill template.",1059,USD,Cameras,active
01919-001,"AXIS P3935-LR RJ45 2.8mm is a Full HDTV 1080p fixed dome onboard camera for rolling stock and vehicles with male RJ45 network connector. Invisible 940-nm IR LEDs, I/O for alarm/event handling, built in microphone and external microphone input or line input. Equipped with 2.8mm, F1.6 lens in ruggedized IP66/IP67 and IK10 rated metal casing. Multiple, individually configurable H.264, H.265 and Motion JPEG streams. Forensic WDR, Lightfinder technology and removable IR-cut filter for day/night functionality. Axis Zipstream technology for reduced bandwidth and storage needs, microSD/microSDHC/microSDXC memory card slot for optional local video storage.
Includes lens tool, L-key, and drill template.",629,USD,Audio and power accessories,active
01919-021,"AXIS P3935-LR RJ45 2.8mm 10P is a bulk pack of 10x AXIS P3935-LR. Full HDTV 1080p fixed dome onboard camera for rolling stock and vehicles with male RJ45 network connector. Invisible 940-nm IR LEDs, I/O for alarm/event handling, built in microphone and external microphone input or line input. Equipped with 2.8mm, F1.6 lens in ruggedized IP66/IP67 and IK10 rated metal casing. Multiple, individually configurable H.264, H.265 and Motion JPEG streams. Forensic WDR, Lightfinder technology and removable IR-cut filter for day/night functionality. Axis Zipstream technology for reduced bandwidth and storage needs, microSD/microSDHC/microSDXC memory card slot for optional local video storage.",6029,USD,Audio and power accessories,active
01932-001,"AXIS P3935-LR M12 2.8mm is a Full HDTV 1080p fixed dome onboard camera for rolling stock and vehicles with female M12 connector. Invisible 940-nm IR LEDs, I/O for alarm/event handling, built in microphone and external microphone input or line input. Equipped with 2.8mm, F1.6 lens in ruggedized IP66/IP67 and IK10 rated metal casing. Multiple, individually configurable H.264, H.265 and Motion JPEG streams. Forensic WDR, Lightfinder technology and removable IR-cut filter for day/night functionality. Axis Zipstream technology for reduced bandwidth and storage needs, microSD/microSDHC/microSDXC memory card slot for optional local video storage.
Includes lens tool, L-key, and drill template.",629,USD,Audio and power accessories,active
01932-021,"AXIS P3935-LR M12 2.8m 10P is a bulk pack of 10x AXIS P3935-LR. Full HDTV 1080p fixed dome onboard camera for rolling stock and vehicles with female M12 connector. Invisible 940-nm IR LEDs, I/O for alarm/event handling, built in microphone and external microphone input or line input. Equipped with 2.8mm, F1.6 lens in ruggedized IP66/IP67 and IK10 rated metal casing. Multiple, individually configurable H.264, H.265 and Motion JPEG streams. Forensic WDR, Lightfinder technology and removable IR-cut filter for day/night functionality. Axis Zipstream technology for reduced bandwidth and storage needs, microSD/microSDHC/microSDXC memory card slot for optional local video storage.",6029,USD,Audio and power accessories,active
01553-001,"3MP compact and vandal-resistant (IK10) corner-mounted camera with 1.8mm lens  for wide field of view without blind spots. Elegant brushed steel design with no visible screws. Dust- and waterproof (IP66) casing. WDR, Zipstream, SD card slot and support for portcast technology. Video motion detection and active tampering alarm. PoE Class 1. Color: Brushed stainless steel.",739,USD,Recorder accessories,active
01620-001,"3MP compact and vandal-resistant (IK10) corner-mounted camera with 1.8mm lens  for wide field of view without blind spots. Ligature-resistant design with dust- and waterproof (IP66) casing. WDR, Zipstream, SD card slot and support for portcast technology. Video motion detection and active tampering alarm. PoE Class 1. White in color.",689,USD,Recorder accessories,active
02054-001,"Advanced fixed dome camera with Deep Learning Processing Unit (DLPU). Support for Forensic WDR, Lightfinder 2.0 and OptimizedIR. IR shielded dome for reduced reflections. Robust, dust- and IK10+ vandal-resistant outdoor-ready metal casing.
Varifocal 4-9 mm P-Iris lens with remote zoom and focus. Electronic Image Stabilization.
Multiple, individually configurable streams, H.264/H.265 with Zipstream and Motion JPEG. 4MP stream up to 60 fps, 30fps with WDR. 
AXIS Object Analytics, Video motion detection and tampering alarm. Two-way audio and audio detection. Supervised digital input / digital output for alarm / event handling. Sensors for intrusion and shock. MQTT support. AXIS Edge Vault with FIPS certified TPM for added cyber security. MicroSD memory card slot for local  storage. Powered by IEEE 802.3at Type 2 Class 4 (PoE+) or 10-28V DC power with redundancy.
Includes mounting bracket and weather shield.",1269,USD,Audio and power accessories,active
02971-001,"Advanced 4 MP dome camera with AI analytics. Outstanding image quality thanks to Forensic WDR, Lightfinder 2.0 and Optimized IR with IR shielded dome.
Robust, IP66/IP6K9K/IK10 aluminum casing and included weather shield.
Varifocal 4-10mm P-iris lens with F1.1 aperture.
Multiple, individually configurable streams, AV1/H.264/H.265 with zipstream in up to 4MP @ 120fps.
Audio support from 3.5mm audio input, portcast and Edge-to-edge. Supervised digital input and output. Electronic Image Stabilization. Case-open sensor. Shock detector. Level assistant.
Axis Edge Vault with FIPS 140-3 level 3 certified. Support for SD card storage.
Advanced AI analytics for object classification, counting, masking and more.
Powered by IEEE 802.3at Type 2 Class 4 (PoE+) or 10-28V DC power with redundancy.",1379,USD,Alarms,active
02224-001,"Advanced fixed dome camera with Deep Learning Processing Unit (DLPU). Support for Forensic WDR, Lightfinder 2.0 and OptimizedIR. IR shielded dome for reduced reflections. Robust, dust- and IK10+ vandal-resistant outdoor-ready metal casing.
Varifocal 11-29 mm P-Iris lens with remote zoom and focus. Electronic Image Stabilization.
Multiple, individually configurable streams, H.264/H.265 with Zipstream and Motion JPEG. 4MP stream up to 60 fps, 30fps with WDR. 
AXIS Object Analytics, Video motion detection and tampering alarm. Two-way audio and audio detection. Supervised digital input / digital output for alarm / event handling. Sensors for intrusion and shock. MQTT support. AXIS Edge Vault with FIPS certified TPM for added cyber security. MicroSD memory card slot for local  storage. Powered by IEEE 802.3at Type 2 Class 4 (PoE+) or 10-28V DC power with redundancy.
Includes mounting bracket and weather shield.",1379,USD,Audio and power accessories,active
02972-001,"Advanced 4 MP dome camera with AI analytics. Outstanding image quality thanks to Forensic WDR, Lightfinder 2.0 and Optimized IR with IR shielded dome.
Robust, IP66/IP6K9K/IK10 aluminum casing and included weather shield.
Varifocal 14-51mm P-iris lens.
Multiple, individually configurable streams, AV1/H.264/H.265 with zipstream in up to 4MP @ 120fps.
Audio support from 3.5mm audio input, portcast and Edge-to-edge. Supervised digital input and output. Electronic Image Stabilization. Case-open sensor. Shock detector. Level assistant.
Axis Edge Vault with FIPS 140-3 level 3 certified. Support for SD card storage.
Advanced AI analytics for object classification, counting, masking and more.
Powered by IEEE 802.3at Type 2 Class 4 (PoE+) or 10-28V DC power with redundancy.",1379,USD,Alarms,active
03204-001,"Advanced 4 MP dome camera with AI analytics. Outstanding image quality thanks to Forensic WDR, Lightfinder 2.0 and Optimized IR with IR shielded dome.
Robust, IP66/IP6K9K/IK10 aluminum casing and included weather shield.
Varifocal 4-10mm P-iris lens with F1.1 aperture.
Multiple, individually configurable streams, AV1/H.264/H.265 with zipstream in up to 4MP @ 120fps.
Acoustic sensors for audio analytics. Supervised digital input and output. Electronic Image Stabilization. Case-open sensor. Shock detector. Level assistant.
Axis Edge Vault with FIPS 140-3 level 3 certified. Support for SD card storage.
Advanced AI analytics for object classification, counting, audio detection, masking and more.
Powered by IEEE 802.3at Type 2 Class 4 (PoE+) or 10-28V DC power with redundancy.",1379,USD,Alarms,active
03205-001,"Advanced 4 MP dome camera with AI analytics. Outstanding image quality thanks to Forensic WDR, Lightfinder 2.0 and Optimized IR with IR shielded dome.
Robust, IP66/IP6K9K/IK10 aluminum casing and included weather shield.
Varifocal 14-51mm P-iris lens.
Multiple, individually configurable streams, AV1/H.264/H.265 with zipstream in up to 4MP @ 120fps.
Acoustic sensors for audio analytics. Supervised digital input and output. Electronic Image Stabilization. Case-open sensor. Shock detector. Level assistant.
Axis Edge Vault with FIPS 140-3 level 3 certified. Support for SD card storage.
Advanced AI analytics for object classification, counting, audio detection, masking and more.
Powered by IEEE 802.3at Type 2 Class 4 (PoE+) or 10-28V DC power with redundancy.",1379,USD,Alarms,active
02225-001,"Advanced fixed dome camera with Deep Learning Processing Unit (DLPU). Support for Forensic WDR, Lightfinder 2.0 and OptimizedIR. IR shielded dome for reduced reflections. Robust, dust- and IK10+ vandal-resistant outdoor-ready metal casing.
Varifocal 6-13 mm P-Iris lens with remote zoom and focus. Electronic Image Stabilization.
Multiple, individually configurable streams, H.264/H.265 with Zipstream and Motion JPEG. 8MP stream up to 60 fps, 30fps with WDR. 
AXIS Object Analytics, Video motion detection and tampering alarm. Two-way audio and audio detection. Supervised digital input / digital output for alarm / event handling. Sensors for intrusion and shock. MQTT support. AXIS Edge Vault with FIPS certified TPM for added cyber security. MicroSD memory card slot for local  storage. Powered by IEEE 802.3at Type 2 Class 4 (PoE+) or 10-28V DC power with redundancy.
Includes mounting bracket and weather shield.",1589,USD,Audio and power accessories,active
02973-001,"Advanced 8 MP dome camera with AI analytics. Outstanding image quality thanks to Forensic WDR, Lightfinder 2.0 and Optimized IR with IR shielded dome.
Robust, IP66/IP6K9K/IK10 aluminum casing and included weather shield.
Varifocal 6-13mm P-iris lens.
Multiple, individually configurable streams, AV1/H.264/H.265 with zipstream in up to 8MP @ 60fps.
Audio support from 3.5mm audio input, portcast and Edge-to-edge. Supervised digital input and output. Electronic Image Stabilization. Case-open sensor. Shock detector. Level assistant.
Axis Edge Vault with FIPS 140-3 level 3 certified. Support for SD card storage.
Advanced AI analytics for object classification, counting, masking and more.
Powered by IEEE 802.3at Type 2 Class 4 (PoE+) or 10-28V DC power with redundancy.",1589,USD,Alarms,active
03206-001,"Advanced 8 MP dome camera with AI analytics. Outstanding image quality thanks to Forensic WDR, Lightfinder 2.0 and Optimized IR with IR shielded dome.
Robust, IP66/IP6K9K/IK10 aluminum casing and included weather shield.
Varifocal 6-13mm P-iris lens.
Multiple, individually configurable streams, AV1/H.264/H.265 with zipstream in up to 8MP @ 60fps.
Acoustic sensors for audio analytics. Supervised digital input and output. Electronic Image Stabilization. Case-open sensor. Shock detector. Level assistant.
Axis Edge Vault with FIPS 140-3 level 3 certified. Support for SD card storage.
Advanced AI analytics for object classification, counting, audio detection, masking and more.
Powered by IEEE 802.3at Type 2 Class 4 (PoE+) or 10-28V DC power with redundancy.",1589,USD,Alarms,active
02463-001,"Advanced fixed dome camera in a DNV marine certified, electropolished stainless steel (SS 316L) outdoor casing, offering high corrosion resistance and IK10+ (50 joules) vandal resistance, with Deep Learning Processing Unit (DLPU). Support for Forensic WDR, Lightfinder 2.0 and OptimizedIR. IR shielded dome for reduced reflections.
Varifocal 6-13 mm P-Iris lens with remote zoom and focus. Electronic Image Stabilization.
Multiple, individually configurable streams, H.264/H.265 with Zipstream and Motion JPEG. 8MP stream up to 60 fps, 30fps with WDR.
AXIS Object Analytics, Video motion detection and tampering alarm. Two-way audio and audio detection. Supervised digital input / digital output for alarm / event handling. Sensors for intrusion and shock. MQTT support. AXIS Edge Vault with FIPS certified TPM for added cyber security. MicroSD memory card slot for local storage. Operation in -50 ºC to 60 ºC (-58 ºF to 140 ºF), powered by IEEE 802.3at Type 2 Class 4 (PoE+) or 10-28V DC power with redundancy.
Includes mounting bracket for wall/ceiling or junction boxes.",1899,USD,Audio and power accessories,active
02616-004,"Advanced dome camera with remote adjustment by Pan, Tilt, Roll and Zoom (PTRZ). Inlcudes a Deep Learning Processing Unit (DLPU) for advanced edge analytics. Support for Forensic WDR, Lightfinder 2.0. Robust, dust- and IK10 vandal-resistant outdoor-ready metal casing.
Varifocal 4-9 mm P-Iris lens with remote pan, tilt, roll, zoom and focus. Electronic Image Stabilization.
Multiple, individually configurable streams, H.264/H.265 with Zipstream and Motion JPEG. 4MP stream up to 60 fps, 30fps with WDR.
AXIS Object Analytics, Video motion detection and tampering alarm. Two-way audio and audio detection. Supervised digital input / digital output for alarm / event handling. Sensors for intrusion and shock. MQTT support. AXIS Edge Vault with FIPS certified TPM for added cyber security. MicroSD memory card slot for local storage. Powered by IEEE 802.3at Type 2 Class 4 (PoE+) or 10-28V DC power with redundancy.
Includes mounting bracket and weather shield.",1479,USD,Audio and power accessories,active
02617-004,"Advanced dome camera with remote adjustment by Pan, Tilt, Roll and Zoom (PTRZ). Inlcudes a Deep Learning Processing Unit (DLPU) for advanced edge analytics. Support for Forensic WDR, Lightfinder 2.0. Robust, dust- and IK10 vandal-resistant outdoor-ready metal casing.
Varifocal 6-13 mm P-Iris lens with remote pan, tilt, roll, zoom and focus. Electronic Image Stabilization.
Multiple, individually configurable streams, H.264/H.265 with Zipstream and Motion JPEG. 8MP stream up to 60 fps, 30fps with WDR.
AXIS Object Analytics, Video motion detection and tampering alarm. Two-way audio and audio detection. Supervised digital input / digital output for alarm / event handling. Sensors for intrusion and shock. MQTT support. AXIS Edge Vault with FIPS certified TPM for added cyber security. MicroSD memory card slot for local storage. Powered by IEEE 802.3at Type 2 Class 4 (PoE+) or 10-28V DC power with redundancy.
Includes mounting bracket and weather shield.",1799,USD,Audio and power accessories,active
01819-001,"AXIS Q3819-PVE delivers a 180º panoramic overview of extensive areas. With 14 MP resolution and seamless stitching of all four images, it offers 180° horizontal and 38° vertical coverage. It’s possible to mount two cameras back-to-back for a complete 360° overview using AXIS T94V01C Dual Camera Mount. It features AXIS Object Analytics for nuanced and remarkably granular object classification. Furthermore, it includes built-in motors allowing for remote pan/tilt/roll functionality and it offers smart pairing with Axis network speakers using edge-to-edge technology. Furthermore, Axis Edge Vault protects your Axis device ID and simplifies authorization of Axis devices on your network.",2149,USD,Audio and power accessories,active
02657-001,"AXIS Q3839-PVE delivers a 180º panoramic overview of extensive areas. With 29 MP resolution and seamless stitching of all four images, it offers 180° horizontal and 90° vertical coverage at 25/30 FPS. The camera is perfect for complete situational awareness without any blind spots. The product’s powerful AI solution is made possible by a dual ARTPEC-8 chipset and gives a comprehensive analytics experience over the whole 180° field of view. AXIS Q3839-PVE comes with pan/tilt/roll installation motors for ease of installation and offers the Horizon Straightening feature for natural 180° views.",2439,USD,Audio and power accessories,active
02658-001,"AXIS Q4809-PVE delivers a 180º panoramic overview of extensive areas. With 26 MP resolution and seamless stitching of all four images, it offers 180° horizontal and 45° vertical coverage at 25/30 FPS. The camera is ideal for situations where detail is important, offering very high pixel density. The product’s powerful AI solution is made possible by a dual ARTPEC-8 chipset and gives a comprehensive analytics experience over the whole 180° field of view. AXIS Q3839-PVE comes with pan/tilt/roll installation motors for ease of installation and offers the Horizon Straightening feature for natural 180° views.",2439,USD,Audio and power accessories,active
01766-001,"Robust stainless steel corner-mount camera replacing AXIS Q8414 (Trinity).  Key fetaures:
• Anti-ligature, stainless steel, IK10+, IP66, • 4MP, >90° VFoV, >120° HFoV, • 940nm LEDs for invisible IR
• H.264 + H.265 with Zipstream, • Built-in michrophone, • I/O and optional line-in/out, • Option to further prevent screw-tampering",1299,USD,Recorder accessories,active
01767-001,"Robust stainless steel corner-mount camera replacing AXIS Q8414 (Trinity).  Key fetaures:
• Anti-ligature, stainless steel, IK10+, IP66, • 4MP, >90° VFoV, >120° HFoV, • 940nm LEDs for invisible IR
• H.264 + H.265 with Zipstream, • Built-in michrophone, • I/O and optional line-in/out, • Option to further prevent screw-tampering",1299,USD,Recorder accessories,active
0709-001,"AXIS Q8414-LVS Network Camera Metal is a brushed stainless steel indoor corner camera with an anti-grip/anti-ligature design to prevent self-harm. Ideal for correctional facilities and psychiatric wards. It supports IK10+ 50 joules impact rating. It is IP66- and NEMA 4X-rated for easy and safe cleaning. Superb images day and night with Lightfinder technology and has built-in invisible IR LED (940 nm). It delivers HDTV 720p or 1.3 Megapixel video, supporting a lens with: P-Iris, varifocal 2.5–6 mm, 105°–49° horizontal angle of view, F1.2. It offers 3 masks and I/O ports. Built-in surface mounted high quality microphone.",1379,USD,Audio and power accessories,active
0710-001,"AXIS Q8414-LVS Network Camera White is a powder coated stainless steel indoor corner camera with an anti-grip/anti-ligature design to prevent self-harm. Ideal for correctional facilities and psychiatric wards. It supports IK10+ 50 joules impact rating. It is IP66- and NEMA 4X-rated for easy and safe cleaning. Superb images day and night with Lightfinder technology and has built-in invisible IR LED (940 nm). It delivers HDTV 720p or 1.3 Megapixel video, supporting a lens with: P-Iris, varifocal 2.5–6 mm, 105°–49° horizontal angle of view, F1.2. It offers 3 masks and I/O ports. Built-in surface mounted high quality microphone.",1379,USD,Audio and power accessories,active
02234-001,"Please check the supported countries 
Visit www.axis.com for supported products and application download.

Discreet outdoor, HDTV / 1080p, day/night, dust- and IK10 vandal-resistant fixed dome camera with built-in AXIS License Plate Verifier application. Detect and verify vehicles in single lanes with speed up to 30 km/h (19 mph) in 2 to 7 meter distance (7 to 23 feet) to allow vehicle entry/exit into a controlled area. I/O port for direct control, built-in block and allow lists of up to 1000 license plates. License plate reading time less than 1 second.
OptimizedIR, Forensic WDR, Lightfinder, shock detection, IK10, IP66/67. Operation temperature -40°C to +50°C (-40°F to 122°F). Includes mounting bracket for wall/ceiling or junction boxes. License plate verification day and night. Powered by IEEE 802.3af Type 1 Class 3 midspan (PoE). Midspan not included.",1369,USD,Software and licensing,active
02812-001,"Please check the supported countries
Visit www.axis.com for supported products and application download.

Discreet outdoor, HDTV / 1080p, day/night, dust- and IK10 vandal-resistant fixed dome camera with built-in AXIS License Plate Verifier application. Detect and verify vehicles in single lanes with speed up to 30 km/h (19 mph) in 2 to 7 meter distance (7 to 23 feet) to allow vehicle entry/exit into a controlled area. I/O port for direct control, built-in block and allow lists of up to 1000 license plates. License plate reading time less than 1 second.
OptimizedIR, Forensic WDR, Lightfinder, shock detection, IK10, IP66/67. Operation temperature -40°C to +50°C (-40°F to 122°F). Includes mounting bracket for wall/ceiling or junction boxes. License plate verification day and night. Powered by IEEE 802.3af Type 1 Class 3 midspan (PoE). Midspan not included.",1369,USD,Software and licensing,active
02457-001,"AXIS M3057-PLR MkII is a 6Mp resolution fisheye rollingstock compliant camera offering excellent image quality and a complete 180° or 360° overview. It is intended to be used inside trains or buses. It comes with a M12 connector pigtail. This dome also offers dewarped views such as panorama, quad, corner, and corridor views directly from the camera. It includes Axis Lightfinder and Axis Forensic WDR for true colors and great details in challenging light or near darkness. The IR allows for surveillance in pitch darkness. Furthermore, enhanced security functionality prevents unauthorized access and safeguards your system.",1059,USD,Cameras,active
02670-001,"AXIS P3905-R Mk III RJ45 3.6mm is a 1080p fixed dome onboard camera with a male RJ45 network connector on the pigtail. Equipped with 3.6mm, F2.0 lens in a rugged IP66/67 casing. It comes with a lens tool.
AXIS P3905-R Mk III is rollingstock compliant.",429,USD,Cameras,active
02671-001,"AXIS P3905-R Mk III M12 3.6mm is a 1080p fixed dome onboard camera with a M12 network connector on the pigtail. Equipped with 3.6mm, F2.0 lens in a rugged IP66/67 casing. It comes with a lens tool.
AXIS P3905-R Mk III is rollingstock compliant.",429,USD,Cameras,active
02670-021,"AXIS P3905-R Mk III RJ45 3.6mm 10P is a bulk pack of 10x AXIS P3905-R Mk III cameras. It is a 1080p fixed dome onboard cameras with a male RJ45 network connector on the pigtail. AXIS P3905-R Mk III is equipped with 3.6mm, F2.0 lens in a rugged IP66/67 casing. It comes with a lens tool.
AXIS P3905-R Mk III is rollingstock compliant.",4289,USD,Cameras,active
02671-021,"AXIS P3905-R MkI II M12 3.6mm 10P is a bulk pack of 10x AXIS P3905-R Mk III cameras. It is a 1080p fixed dome onboard cameras with a M12 network connector on the pigtail. AXIS P3905-R Mk III is equipped with 3.6mm, F2.0 lens in a rugged IP66/67 casing. It comes with a lens tool.
AXIS P3905-R Mk III is rollingstock compliant.",4289,USD,Cameras,active
02501-001,"AXIS M3905-R is a 1080p fixed dome onboard camera with a male RJ45 network connector on the pigtail. Equipped with 3.6mm, F2.0 lens in a rugged IP66/67 casing. It comes with a lens tool.
AXIS M3905-R is not rollingstock compliant.",349,USD,Cameras,active
02502-001,"AXIS M3905-R M12 is a 1080p fixed dome onboard camera with a M12 network connector on the pigtail. Equipped with 3.6mm, F2.0 lens in a rugged IP66/67 casing. It comes with a lens tool.
AXIS M3905-R M12 is not rollingstock compliant.",349,USD,Cameras,active
02501-021,"AXIS M3905-R 10P is a bulk pack of 10x AXIS M3905-R cameras. It is a 1080p fixed dome onboard cameras with a male RJ45 network connector on the pigtail. AXIS M3905-R is equipped with 3.6mm, F2.0 lens in a rugged IP66/67 casing. It comes with a lens tool.
AXIS M3905-R is not rollingstock compliant.",3489,USD,Cameras,active
02502-021,"AXIS M3905-R M12 10P is a bulk pack of 10x AXIS M3905-R cameras. It is a 1080p fixed dome onboard cameras with a M12 network connector on the pigtail. AXIS M3905-R is equipped with 3.6mm, F2.0 lens in a rugged IP66/67 casing. It comes with a lens tool.
AXIS M3905-R M12 is not rollingstock compliant.",3489,USD,Cameras,active
02833-001,"AXIS M4317-PLR is Onboard panoramic camera for buses. 
AXIS M4317-PLR is a discreet, IK10 and IP66 ready dome designed with 6 MP resolution and a stereographic lens. It can deliver multiple 360° or 180° panoramic views at up to 30 fps with no blind spots. Thanks to Sharpdome 360, this panoramic camera delivers greater sharpness at the edges of the image. Built on ARTPEC-8, it offers powerful artificial intelligence and deep learning analytics on the edge.  
AXIS M4317-PLVE comes with build-in configurable IR, making it perfect for low light situations. Signed firmware and secure boot ensure firmware authenticity.
AXIS M4317-PLR as a built-in RJ45 connector.",769,USD,Audio and power accessories,active
02834-001,"AXIS M4318-PLR is a discreet, IK10 and IP66 ready dome designed with 12 MP resolution and a stereographic lens. It can deliver multiple 360° or 180° panoramic views at up to 30 fps with no blind spots. Thanks to Sharpdome 360, this panoramic camera delivers greater sharpness at the edges of the image. Built on ARTPEC-8, it offers powerful artificial intelligence and deep learning analytics on the edge.  
AXIS M4318-PLVE comes with build-in configurable IR, making it perfect for low light situations. Signed firmware and secure boot ensure firmware authenticity.
AXIS M4318-PLR as a built-in RJ45 connector.",949,USD,Audio and power accessories,active
02710-001,"Advanced fixed dome camera in a DNV marine certified, NSF/ANSI Standard 169 Special Purpose Food Equipment and Devices electropolished stainless steel (SS 316L) outdoor casing, offering high corrosion resistance and IK11/ IP 66/67/68/ Nema 4X.  With Deep Learning Processing Unit (DLPU). 

Forensic WDR, Lightfinder 2.0 and Optimized IR. Varifocal 3-8 mm P-Iris lens with remote zoom and focus. Multiple, individually configurable streams, H.264/H.265 with Zipstream and Motion JPEG. 8MP 4K stream in 16:9 up to 30fps. AXIS Object Analytics, Video motion detection and tampering alarm. Two-way audio and audio detection. Supervised digital input / digital output for alarm / event handling. MQTT support. Axis Edge Vault for added cyber security. Built in case open switch. MicroSD memory card slot for local storage. Powered by IEEE 802.3af/802.3at Type 1 Class 3. Extended temperature range. Includes mounting bracket.",1429,USD,Switches,active
02487-001,"This all-in-one device combines sharp video, audio, actionable analytics, and indication LEDs. Camera part is from P3267-LV, 4 mics from M4308, and similar speaker as C1410.  With four built-in microphones and a built-in speaker, it supports two-way communication. It comes with coughing fit and stressed voice analytics adding an extra audible dimension to active incident management. AXIS Live Privacy Shield lets you remotely monitor activities while safeguarding privacy. And the indication LEDs clearly show when the camera is recording or when audio is being used. This vandal-resistant, IK08-rated camera withstands daily wipe-downs with chemical detergents. Plus, with just one device to install, it offers cost-efficient one-drop installation.",1499,USD,Audio and power accessories,active
02927-001,"AXIS F4105-SLRE is 1080p mini-dome sensor with a Stainless Steel casing (SS 316L). It is NFS/ANSI standard 169 certified for food and beverage processing industry along with catering.
AXIS F4105-SLRE has built-in IR lights. It has a default 110° Horizontal Field of View and 2.8mm focal length.
AXIS F4105-SLRE uses detachable M12 lenses. Several M12 lenses can be purchased separately offering different types of Horizontal Field of View and Focal Length.
AXIS F4105-SLRE is a rugged outdoor mini-dome sensor. It is both IP66 and IP6K9K certified. It can deliver up a 1080p resolution at 30fps (all AXIS F91 main units) or 720p at 180fps (AXIS F9111 main unit only).",529,USD,Cameras,active
02864-001,"AXIS P9117-PV indoor corner mounted camera with 6 MP sensor and stereographic lens, that can deliver multiple 360° or 180° panoramic views at up to 30 fps with no blind spots. Built on ARTPEC-8, it offers powerful artificial intelligence and deep learning analytics on the edge. including AXIS Object Analytics, it can accurately detect and classify moving objects for more effective monitoring. The camera can stream multiple, individually configurable H.264, H.265 and Motion JPEG streams, with support for digital PTZ.  The product as well has a in built mic supporting audio analytics out of the box.  Has an elevator door state detector ACAP pre-installed.   Vandal-resistant (IK10) and IP66-rated dust protection.  Product comes in white while steel variant cover purchased in a 4 pack separately.",789,USD,Alarms,active
02927-021,"AXIS F4105-SLRE is a bulk pack of 8x F4105-R SLRE Stainless Steel Dome Sensors.

It is 1080p mini-dome sensor with a Stainless Steel casing (SS 316L). It is NFS/ANSI standard 169 certified for food and beverage processing industry along with catering.
AXIS F4105-SLRE has built-in IR lights. It has a default 110° Horizontal Field of View and 2.8mm focal length.
AXIS F4105-SLRE uses detachable M12 lenses. Several M12 lenses can be purchased separately offering different types of Horizontal Field of View and Focal Length.
AXIS F4105-SLRE is a rugged outdoor mini-dome sensor. It is both IP66 and IP6K9K certified. It can deliver up a 1080p resolution at 30fps (all AXIS F91 main units) or 720p at 180fps (AXIS F9111 main unit only).",4229,USD,Cameras,active
03119-001,"AXIS M3905-R is a 1080p fixed dome onboard camera with a M12 network connector on the pigtail. Equipped with 2.8mm, F1.2 lens in a rugged IP66/67 casing. It comes with a lens tool.
AXIS M3905-R is not rollingstock compliant.",349,USD,Cameras,active
03118-001,"AXIS M3905-R is a 1080p fixed dome onboard camera with a RJ45 network connector on the pigtail. Equipped with 2.8mm, F1.2 lens in a rugged IP66/67 casing. It comes with a lens tool.
AXIS M3905-R is not rollingstock compliant.",349,USD,Cameras,active
03119-021,"AXIS M3905-R M12 2.8mm 10P is a bulk pack of 10x AXIS M3905-R cameras. 
AXIS M3905-R M12 2.8mm camera is a 1080p fixed dome onboard camera with a M12 network connector on the pigtail. 
AXIS M3905-R M12 2.8mm camera is equipped with 2.8mm, F1.2 lens in a rugged IP66/67 casing. It comes with a lens tool.
AXIS M3905-R M12 2.8mm camera is not rollingstock compliant.",3489,USD,Cameras,active
03118-021,"AXIS M3905-R RJ45 2.8mm 10P is a bulk pack of 10x AXIS M3905-R cameras.
AXIS M3905-R RJ45 2.8mm camera is a 1080p fixed dome onboard camera with a RJ45 network connector on the pigtail.
AXIS M3905-R RJ45 2.8mm camera is equipped with 2.8mm, F1.2 lens in a rugged IP66/67 casing. It comes with a lens tool.
AXIS M3905-R RJ45 2.8mm camera is not rollingstock compliant.",3489,USD,Cameras,active
03117-001,"AXIS P3905-R Mk III is a 1080p fixed dome onboard camera with a M12 network connector on the pigtail. Equipped with 2.8mm, F1.2 lens in a rugged IP66/67 casing. It comes with a lens tool.
AXIS P3905-R Mk III is rollingstock compliant.",429,USD,Cameras,active
03117-021,"AXIS P3905-R Mk III M12 10P is a bulk pack of 10x AXIS P3905-R Mk III cameras. It is a 1080p fixed dome onboard cameras with a M12 network connector on the pigtail. AXIS P3905-R Mk III is equipped with a 2.8mm, F1.2 lens in a rugged IP66/67 casing. It comes with a lens tool.
AXIS P3905-R Mk III M12 2.8mm is rollingstock compliant.",4289,USD,Cameras,active
02188-004,"15MP indoor panoramic camera with PTZ and 10x optical zoom.
Panoramic part; 3x5MP sensors for 360degrees surveillance 
PTZ part; HDTV 1080 (1920x1080) automatic day/night and autofocus. WDR- Forensic Capture
Build in Z-wave gateway for home automation sensors. Text overlay from Z-wave sensors. H.264/265 with Zipstream, MJPEG Two-way audio, Deterrence LED, 30W PoE 802.3at or 24V, IP52, White body as standard. Surface mount or Axis PTZ standard mount. Midspan not included.",1269,USD,Power Supply,active
02345-001,"Ceiling-mount mini PTZ dome camera with 5x Optical zoom and autofocusing, HDTV 720p (1280x720) 30fps in H.264/H.265 with Zipstream and Motion JPEG. IP51 protection against dust and water. Featuring a built-in microphone, includes built-in analytics such as scream detection.
Only PoE, midspan not included. Surface ceiling mounting brackets included",579,USD,Power Supply,active
02347-004,"Ceiling-mount mini PTZ dome camera with 5x Optical zoom and autofocusing, HDTV 1080p (1920x1080) 30fps in H.264/H.265 with Zipstream and Motion JPEG. IP51 protection against dust and water. Wireless I/O connectivity with Z-Wave Plus® gateway for home automation devices. Text overlay from Z-wave sensors. Featuring a built-in microphone, includes built-in analytics such as scream detection.
Only PoE, midspan not included. Surface ceiling mounting brackets included.",689,USD,Power Supply,active
02769-001,"Discreet PTZ with 4MP resolution (2688x1512), 10x optical zoom, automatic day/night and autofocus. Continues 360° pan. WDR, Forensic Capture, IP66, PoE and 24V. 60fps in H.264, H.265 and Motion JPEG, Zipstream, Axis deep learning analytics, Scene profiles, two-way audio, 4 I/O. Surface mount or Axis PTZ standard mount. Midspan not included.",1099,USD,Power Supply,active
02769-021,Industrial four pack of AXIS M5526-E 60Hz. Not including bayonet adapter,4389,USD,Recorder accessories,active
01759-001,"PTZ camera with 77° field of view, continues 360° pan for both indoor and outdoor with 21x optical zoom. HDTV 720p @ 60fps (1280x720) in H.264/265, Motion JPEG, Axis Zipstream, Lighfinder 2 and Focus Recall, WDR, Day & Night, IP66, IK10 and NEMA 4X classification. Advanced Gatekeeper, full-size SD-card slot, smoked and clear dome. Mounting brackets and Midspan are not included.",1799,USD,Power Supply,active
02915-001,"PTZ camera with 77° field of view, continues 360° pan for both indoor and outdoor with 21x optical zoom. HDTV 1080 and 720p @ 60fps in H.264/265, Motion JPEG, Axis Zipstream, Lighfinder 2 and Focus Recall, WDR, Day & Night, IP66, IK10 and NEMA 4X classification. Advanced Gatekeeper, full-size SD-card slot, smoked and clear dome. Mounting brackets and Midspan are not included.",1799,USD,Power Supply,active
01682-004,"Product version for the American market.
PTZ camera with continues 360° pan for both indoor and outdoor with 32x optical zoom, Lightfinder 2, Autofocus and Focus Recall. HDTV 1080p @ 30/60fps (1920x1080) in Motion JPEG, H.264, H.265, and Axis Zipstream. Two-way audio, 4xI/O, 24V and PoE, Day & Night, IP66, IK10 and NEMA 4X classification. Advanced Gatekeeper, full-size SD-card slot. Mounting brackets, Midspan/Power supply and connector or cable for audio, I/O and 24V are not included.",1999,USD,Power Supply,active
02414-001,"PTZ camera with QHD 2560x1440 @60fps (4MP), 30x optical zoom with autofocus. IP66, IK10 and NEMA 4X. Zipstream with H.264/ H.265. Auto day/night, IR illumination 200M (660ft). Continuous 360º rotation. Shock detection, Tour recording and Active Gatekeeper. Compass ruler overlay, Privacy mask with chameleon and mosaic masking. Build in analytics, Fence Guard, Loitering Guard, Audio detection, Advanced Gatekeeper, Autotracker 2. Clear transparent dome cover. No mounting bracket or midspan included (several different accessories available).",2329,USD,Power Supply,active
01981-001,"Outdoor-ready 360° situational awareness camera, comprising of 4x5MP sensors @ 20fps in H.264/H.265 Zipstream and Motion JPEG. Movable sensors with exchangeable lenses. Autofocus, D/N, Autopilot for tracking. Designed to be integrated with AXIS Q605x-E and AXIS Q607x-E series camera for large area coverage and simultaneous zoomed-in view, using the one-click PTZ control feature. Full size SD-card slot. No extra equipment required, as it uses the same brackets, power supply and network cable as the connected AXIS Q60-E.",1899,USD,Power Supply,active
02957-001,"Outdoor-ready 360° situational awareness camera, comprising of 4 high light-sensitive ½” 5MP sensors @ 30fps in H.264/H.265 Zipstream and Motion JPEG. Movable sensors with exchangeable lenses 3.9mm to 25mm, Dual Artpec-8 with DLPU. Autofocus, D/N, Autopilot for tracking. Designed to be integrated with AXIS Q607x-E series camera for large area coverage and simultaneous zoomed-in view, using the one-click PTZ control feature. Full size SD-card slot. No extra equipment required, as it uses the same brackets, power supply and network cable as the connected AXIS Q60-E.",2329,USD,Power Supply,active
01711-001,"Outdoor-ready 360° situational awareness camera, comprising of 4x5MP sensors @ 20fps in H.264/H.265 Zipstream and Motion JPEG. Movable sensors with exchangeable lenses. Autofocus, D/N. Directional Audio Detection.  Designed to be integrated with any AXIS Q61-series camera for large area coverage and simultaneous zoom-in view, using the one-click PTZ control feature. Full size SD-card slot. No extra equipment required, as it uses the same brackets, power supply and network cable as the connected AXIS Q61",1899,USD,Power Supply,active
01968-004,"Top performance PTZ camera with HDTV 720p @60fps 30x optical zoom for indoor use. IP52 rated. Zipstream with H.264/ H.265. Auto day/night functionality. Continuous 360º rotation and 180º tilt with E-flip. Two-way audio, I/O and external power with multi-connector cable (not included). Shock detection, Autotracking 2, tour recording and Active Gatekeeper. Compass ruler overlay, Privacy mask with mosaic. Highlight compensation. Build in analytics; object removed, loitering guard, fence detector, object counter, enter/exit detection, video motion detection. Clear and smoked transparent dome cover and High PoE midspan are included. Mounting kits for hard and drop ceilings",2499,USD,Power Supply,active
01974-004,"Top performance PTZ camera with HDTV 720p @60fps, 30x optical zoom, outdoor-ready, IP66, IK10 and NEMA 4x-rated. Zipstream with H.264/ H.265, Arctic Temperature Control enables operation and start up from -40 °C to +50 °C (-58 °F to 122 °F). Auto day/night functionality. Continuous 360º rotation and 220º tilt with E-flip. Shock detection, Autotracking 2, tour recording and Active Gatekeeper. Compass ruler overlay, Privacy mask with mosaic. Highlight compensation. Build in analytics; object removed, loitering guard, fence detector, object counter, enter/exit detection, video motion detection. Clear transparent dome cover and High PoE midspan with fiber slot are included. No mounting bracket included (several different accessories available).",2969,USD,Power Supply,active
01750-004,"Top performance PTZ camera with HDTV 1080p @60fps 40x optical zoom for indoor use. IP52 rated. Zipstream with H.264/ H.265. Auto day/night functionality. Continuous 360º rotation and 180º tilt with E-flip. Two-way audio, I/O and external power with multi-connector cable (not included). Shock detection, Autotracking 2, tour recording and Active Gatekeeper. Compass ruler overlay, Privacy mask with mosaic. Highlight compensation. Build in analytics; object removed, loitering guard, fence detector, object counter, enter/exit detection, video motion detection. Clear and smoked transparent dome cover and High PoE midspan are included. Mounting kits for hard and drop ceilings",2899,USD,Power Supply,active
01752-004,"Top performance PTZ camera with HDTV 1080p @60fps, 40x optical zoom, outdoor-ready, IP66, IK10 and NEMA 4x-rated. Zipstream with H.264/ H.265, Arctic Temperature Control enables operation and start up from -40 °C to +50 °C (-58 °F to 122 °F). Auto day/night functionality. Continuous 360º rotation and 220º tilt with E-flip. Shock detection, Autotracking 2, tour recording and Active Gatekeeper. Compass ruler overlay, Privacy mask with mosaic. Highlight compensation. Build in analytics; object removed, loitering guard, fence detector, object counter, enter/exit detection, video motion detection. Clear transparent dome cover and High PoE midspan with fiber slot are included. No mounting bracket included (several different accessories available).",3499,USD,Power Supply,active
01752-301,"Top performance PTZ camera with HDTV 1080p @60fps, 40x optical zoom, outdoor-ready, IP66, IK10 and NEMA 4x-rated. Zipstream with H.264/ H.265, Arctic Temperature Control enables operation and start up from -40 °C to +50 °C (-58 °F to 122 °F). Auto day/night functionality. Continuous 360º rotation and 220º tilt with E-flip. Shock detection, Autotracking 2, tour recording and Active Gatekeeper. Compass ruler overlay, Privacy mask with mosaic. Highlight compensation. Build in analytics; object removed, loitering guard, fence detector, object counter, enter/exit detection, video motion detection. Clear transparent dome cover. No Midspan or mounting bracket included (several different accessories available).",3299,USD,Power Supply,active
02148-004,"Top performance UHD 4K PTZ camera, 20x optical zoom, outdoor-ready, IP66, IK10 and NEMA 4x-rated. Zipstream with H.264/ H.265, Arctic Temperature Control enables operation and start up from -40 °C to +50 °C (-58 °F to 122 °F). Auto day/night functionality. Continuous 360º rotation and 220º tilt with E-flip. Shock detection, Autotracking 2, tour recording and Active Gatekeeper. Compass ruler overlay, Privacy mask with mosaic. Highlight compensation. Build in analytics; object removed, loitering guard, fence detector, object counter, enter/exit detection, video motion detection. Clear transparent dome cover and High PoE midspan with fiber slot are included. No mounting bracket included (several different accessories available).",3659,USD,Power Supply,active
02148-301,"Top performance UHD 4K PTZ camera, 20x optical zoom, outdoor-ready, IP66, IK10 and NEMA 4x-rated. Zipstream with H.264/ H.265, Arctic Temperature Control enables operation and start up from -40 °C to +50 °C (-58 °F to 122 °F). Auto day/night functionality. Continuous 360º rotation and 220º tilt with E-flip. Shock detection, Autotracking 2, tour recording and Active Gatekeeper. Compass ruler overlay, Privacy mask with mosaic. Highlight compensation. Build in analytics; object removed, loitering guard, fence detector, object counter, enter/exit detection, video motion detection. Clear transparent dome cover. No Midspan or mounting bracket included (several different accessories available).",3439,USD,Power Supply,active
01959-004,"PTZ camera with continues 360° pan and build in IR illumination (660ft)  with 32x optical zoom, Autofocus and Focus Recall. HDTV 1080p @ 60fps (1920x1080) in Motion JPEG, H.264, H.265, and Axis Zipstream. Day & Night, IP66, NEMA 4X and NEMA TS2 classification. Full-size SD-card slot.
 Perfect image quality in all directions without distortion. WDR, EIS, Speed dry. Includes Advanced gate keeper and analytics. Repaintable surface. Midspan with fiber slot and RJ45 input included.",2849,USD,Power Supply,active
01959-301,"PTZ camera with continues 360° pan and build in IR illumination (200M) with 32x optical zoom, Autofocus and Focus Recall. HDTV 1080p @ 50fps (1920x1080) in Motion JPEG, H.264, H.265, and Axis Zipstream. Day & Night, IP66, NEMA 4X and NEMA TS2 classification. Full-size SD-card slot.
Perfect image quality in all directions without distortion. WDR, EIS, Speed dry. Includes Advanced gate keeper and analytics. Repaintable surface. Midspan NOT included.",2649,USD,Power Supply,active
02317-004,"PTZ for the toughest conditions. MIL specified, build in IR illumination 400M (1300t), can be mounted face up or face down. IP66/67/68, IK10, MIL 8105 521, NEMA TS2 for temperature up to 74C (165F), Arctic temperature control.

Camera part; ½” sensor with HDTV 1080p, 30x optical zoom, 60fps, H264/H.265 with Zipstream and Motion JPEG, WDR, improved EIS. Perfect image quality in all directions without distortion, window wiper. Autotracking 2, Tour recording and Active Gatekeeper. Compass ruler overlay, Privacy mask with chameleon and mosaic masking. Highlight compensation. Build in analytics. 90W Midspan included. Color; Urban grey.
No mounting bracket included (several different accessories available).",3949,USD,Power Supply,active
02317-301,"TZ for the toughest conditions. MIL specified, build in IR illumination 400M (1300t), can be mounted face up or face down. IP66/67/68, IK10, MIL 8105 521, NEMA TS2 for temperature up to 74C (165F), Arctic temperature control.

Camera part; ½” sensor with HDTV 1080p, 30x optical zoom, 60fps, H264/H.265 with Zipstream and Motion JPEG, WDR, improved EIS. Perfect image quality in all directions without distortion, window wiper. Autotracking 2, Tour recording and Active Gatekeeper. Compass ruler overlay, Privacy mask with chameleon and mosaic masking. Highlight compensation. Build in analytics. 90W. Color; Urban grey.
No Midspan or mounting bracket included (several different accessories available).",3749,USD,Power Supply,active
02943-001,"Outdoor-ready 360° situational awareness camera, comprising of 4 high light-sensitive ½” 5MP sensors @ 30fps in H.264/H.265 Zipstream and Motion JPEG. Movable sensors with exchangeable lenses 3.9mm to 25mm, Dual Artpec-8 with DLPU. Directional Audio Detection, Autofocus, D/N, Autopilot for tracking. Designed to be integrated with AXIS Q63-E and 56-E series camera for large area coverage and simultaneous zoomed-in view, using the one-click PTZ control feature. Full size SD-card slot. No extra equipment required, as it uses the same brackets, power supply and network cable as the connected AXIS Q63-E. For P56-series AXIS TP6902-E Adapter Bracket are needed.",2329,USD,Power Supply,active
01925-004,"High-end PTZ camera with HDTV 1080p @60fps, ½” RGB sensor, 31x optical Quick zoom 1sec from width to tele and Laser Focus. Outdoor-ready, IP66, IK10 and NEMA 4x-rated NEMA TS2 for temperature up to 74C (165F). Zipstream with H.264/ H.265, Arctic Temperature Control enables operation and start up from -40 °C. Auto day/night functionality, IR illumination up to 300M (980Feet). Continuous 360º rotation. Shock detection, Autotracking 2, Tour recording and Active Gatekeeper. Compass ruler overlay, Privacy mask with chameleon and mosaic masking. Highlight compensation. Build in analytics. Clear transparent dome cover and High PoE midspan with fiber slot are included. No mounting bracket included (several different accessories available).",3439,USD,Power Supply,active
01925-301,"High-end PTZ camera with HDTV 1080p @60fps, ½” RGB sensor, 31x optical Quick zoom 1sec from width to tele and Laser Focus. Outdoor-ready, IP66, IK10 and NEMA 4x-rated NEMA TS2 for temperature up to 74C (165F). Zipstream with H.264/ H.265, Arctic Temperature Control enables operation and start up from -40 °C. Auto day/night functionality, IR illumination up to 300M (980Feet). Continuous 360º rotation. Shock detection, Autotracking 2, Tour recording and Active Gatekeeper. Compass ruler overlay, Privacy mask with chameleon and mosaic masking. Highlight compensation. Build in analytics. Clear transparent dome cover. No mounting Midspan or bracket included (several different accessories available).",3229,USD,Power Supply,active
02447-004,"High-end PTZ camera with UHD 4K @30fps (8MP), ½” RGB sensor, 31x optical Quick zoom 1sec from width to tele and Laser Focus. Outdoor-ready, IP66, IK10 and NEMA 4x-rated NEMA TS2 for temperature up to 74C (165F). Zipstream with H.264/ H.265, Arctic Temperature Control enables operation and start up from -40 °C. Auto day/night functionality, IR illumination up to 200M (656Ft). Continuous 360º rotation. Shock detection, Autotracking 2, Tour recording and Active Gatekeeper. Compass ruler overlay, Privacy mask with chameleon and mosaic masking. Highlight compensation. Build in analytics. Clear transparent dome cover and High PoE midspan with fiber slot are included. No mounting bracket included (several different accessories available).",3659,USD,Power Supply,active
02447-301,"High-end PTZ camera with UHD 4K @30fps (8MP), ½” RGB sensor, 31x optical Quick zoom 1sec from width to tele and Laser Focus. Outdoor-ready, IP66, IK10 and NEMA 4x-rated NEMA TS2 for temperature up to 74C (165F). Zipstream with H.264/ H.265, Arctic Temperature Control enables operation and start up from -40 °C. Auto day/night functionality, IR illumination up to 200M (656Ft). Continuous 360º rotation. Shock detection, Autotracking 2, Tour recording and Active Gatekeeper. Compass ruler overlay, Privacy mask with chameleon and mosaic masking. Highlight compensation. Build in analytics. Clear transparent dome cover. No Midspan or mounting bracket included (several different accessories available).",3439,USD,Power Supply,active
02976-004,"Features very light-sensitive ½” sensor, 31x optical zoom, IR illumination up 300M/984ft Laser Focus and quick-zoom. HDTV 1080 @50/60fps automatic selection, WDR, ARTPEC-9 with Deep learning processing unit enables detection and classification of objects. Auto tracking 2.Tour recording and Active Gatekeeper. Compass ruler overlay, Privacy mask with chameleon masking. IP66-, IK10-, and NEMA 4x, NEMA TS2 rated for temperatures up to 74C/165F°. Axis Zipstream with support for AV1, H.264, and H.265 significantly lowers bandwidth. Axis Edge Vault. Midspan with audio and I/O included. Smoked dome available as accessory.",3439,USD,Power Supply,active
02976-301,"Features very light-sensitive ½” sensor, 31x optical zoom, IR illumination up 300M/984ft Laser Focus and quick-zoom. HDTV 1080 @50/60fps automatic selection, WDR, ARTPEC-9 with Deep learning processing unit enables detection and classification of objects. Auto tracking 2.Tour recording and Active Gatekeeper. Compass ruler overlay, Privacy mask with chameleon masking. IP66-, IK10-, and NEMA 4x, NEMA TS2 rated for temperatures up to 74C/165F°. Axis Zipstream with support for AV1, H.264, and H.265 significantly lowers bandwidth. Smoked dome available as accessory. Midspan not included.",3229,USD,Power Supply,active
02977-301,"High-end PTZ camera with 4K UHD @50/60fps,  High sensitive ½” RGB sensor, 31x optical Quick zoom and Laser focus. Outdoor-ready, IP66, IK10 and NEMA 4x-rated, NEMA TS2 for temperature up to 74C (165F). Zipstream with new compression AV1 and  H.264/ H.265, Arctic Temperature Control enables operation and start up from -40 °C/F. Auto day/night functionality, IR illumination up to 250M (820Feet). Continuous 360º rotation. Shock detection, Autotracking 2, Tour recording and Active Gatekeeper. Compass ruler overlay, Privacy mask with chameleon and mosaic masking. Build in AI with DLPU including AOA. Clear transparent dome cover. No Midspan or mounting bracket included (several different accessories available).",3499,USD,Power Supply,active
02977-004,"High-end PTZ camera with 4K UHD @50/60fps,  High sensitive ½” RGB sensor, 31x optical Quick zoom and Laser focus. Outdoor-ready, IP66, IK10 and NEMA 4x-rated, NEMA TS2 for temperature up to 74C (165F). Zipstream with new compression AV1 and  H.264/ H.265, Arctic Temperature Control enables operation and start up from -40 °C/F. Auto day/night functionality, IR illumination up to 250M (820Feet). Continuous 360º rotation. Shock detection, Autotracking 2, Tour recording and Active Gatekeeper. Compass ruler overlay, Privacy mask with chameleon and mosaic masking. Build in AI with DLPU including AOA. Clear transparent dome cover and High PoE midspan with fiber slot, two-way audio and I/O. No mounting bracket included (several different accessories available).",3699,USD,Power Supply,active
01966-004,"Generic PTZ camera with 30x zoom, autofocus and HDTV 1080p resolution at 60fps for live streaming of video and audio. “Video conference” design, smooth pan and tilt, EIS. HDMI, 3G-SDI, XLR-3 for studio connectivity. Studio quality in stereo. Power supply and wall mount bracket are included.",2279,USD,Power Supply,active
02023-004,"Generic PTZ camera with 20x zoom, autofocus and UHD 4K resolution at 60fps for live streaming of video and audio. “Video conference” design, smooth pan and tilt, WDR, EIS. HDMI, 3G-SDI, XLR-3 for studio connectivity. Studio audio quality in stereo. Power supply, wall mount bracket and s/w for streaming are included.",3499,USD,Power Supply,active
03051-001,"High accuracy outdoor PTZ positioning Bispectral camera based on AXIS ARTPEC7 platform. Thermal sensor features a 640x480 resolution, 8.3 fps and 35-105 mm thermal zoom lens. Visual sensor have HDTV 1080p video resolution, 32x optical zoom, focus recall and is extremly light sensitive. EIS (Electronic Image Stabilization) on both channels ensures focused and stable video. Integrated long-life silicone wiper for remote maintenance. The bispectral camera supports Zipstream, ONVIF, H.265 and local storage. Included cybersecurity features are TPM-module, Axis secure boot and comes with signed FW. It includes Video motion detection and support for AXIS Camera Application Platform enabling installation of AXIS Perimeter Defender and third-party applications. Responsive absolute positioning with high-speed and ultra-smooth pan and tilt capabilities. Integrated SFP slot for long-distance fiber connection. IP66, NEMA 4X rated and UL listed. Ready for column-mount. Powered by 56 V AC/DC from external power supply (not included).
This product is subject to export control regulations. You should always consult and comply with the regulations of the appropriate local export control authorities.",25999,USD,Power Supply,active
03053-001,"High accuracy outdoor PTZ positioning Bispectral camera based on AXIS ARTPEC7 platform. Thermal sensor features a 640x480 resolution, 8.3 fps and 35 mm fixed thermal lens. Visual sensor have HDTV 1080p video resolution, 32x optical zoom, focus recall and is extremly light sensitive. EIS (Electronic Image Stabilization) on both channels ensures focused and stable video. Integrated long-life silicone wiper for remote maintenance. The bispectral camera supports Zipstream, ONVIF, H.265 and local storage. Included cybersecurity features are TPM-module, Axis secure boot and comes with signed FW. It includes Video motion detection and support for AXIS Camera Application Platform enabling installation of AXIS Perimeter Defender and third-party applications. Responsive absolute positioning with high-speed and ultra-smooth pan and tilt capabilities. Integrated SFP slot for long-distance fiber connection. IP66, NEMA 4X rated and UL listed. Ready for column-mount. Powered by 56 V AC/DC from external power supply (not included).
This product is subject to export control regulations. You should always consult and comply with the regulations of the appropriate local export control authorities.",14999,USD,Power Supply,active
01838-001,"High accuracy outdoor PTZ positioning Bispectral camera based on AXIS ARTPEC7 platform. Thermal sensor features a 640x480 resolution, 30 fps and 35 mm lens with 17° angle of view. Visual sensor have HDTV 1080p video resolution, 32x optical zoom, focus recall and is extremly light sensitive. EIS (Electronic Image Stabilization) on both channels ensures focused and stable video. Integrated long-life silicone wiper for remote maintenance. The bispectral camera supports Zipstream, ONVIF, H.265 and local storage. Included cybersecurity features are TPM-module, Axis secure boot and comes with signed FW. It includes Video motion detection and support for AXIS Camera Application Platform enabling installation of AXIS Perimeter Defender and third-party applications. Responsive absolute positioning with high-speed and ultra-smooth pan and tilt capabilities. Integrated SFP slot for long-distance fiber connection. IP66, NEMA 4X rated and UL listed. Ready for column-mount. Powered by 24 V AC/DC from external power supply (not included). 
This product is subject to export control regulations. You should always consult and comply with the regulations of the appropriate local export control authorities.",14839,USD,Power Supply,active
01841-001,"High accuracy outdoor PTZ positioning Bispectral camera based on AXIS ARTPEC7 platform. Thermal sensor features a 640x480 resolution, 30 fps and 35-105 mm thermal zoom lens. Visual sensor have HDTV 1080p video resolution, 32x optical zoom, focus recall and is extremly light sensitive. EIS (Electronic Image Stabilization) on both channels ensures focused and stable video. Integrated long-life silicone wiper for remote maintenance. The bispectral camera supports Zipstream, ONVIF, H.265 and local storage. Included cybersecurity features are TPM-module, Axis secure boot and comes with signed FW. It includes Video motion detection and support for AXIS Camera Application Platform enabling installation of AXIS Perimeter Defender and third-party applications. Responsive absolute positioning with high-speed and ultra-smooth pan and tilt capabilities. Integrated SFP slot for long-distance fiber connection. IP66, NEMA 4X rated and UL listed. Ready for column-mount. Powered by 24 V AC/DC from external power supply (not included). 
This product is subject to export control regulations. You should always consult and comply with the regulations of the appropriate local export control authorities.",25439,USD,Power Supply,active
01119-001,"High accuracy outdoor PT positioning thermal camera. 384x288 resolution, 30 fps and 35 mm lens with 10.5° angle of view. It supports Electronic Image Stabilization, Zipstream, ONVIF, H.264 and local storage. It includes Video motion detection, shock detection and support for AXIS Camera Application Platform enabling installation of AXIS Perimeter Defender and third-party applications. Responsive absolute positioning with high-speed and ultra-smooth pan and tilt capabilities. Integrated SFP slot for long-distance fiber connection. IP66, NEMA 4X rated and UL listed. Ready for column-mount. Powered by 24 V AC/DC. This product is subject to export control regulations. You should always consult and comply with the regulations of the appropriate local export control authorities.",6679,USD,Recorder accessories,active
01121-001,"High accuracy outdoor PT positioning thermal camera. 640x480 resolution, 30 fps and 60 mm lens with 10°angle of view. It supports Electronic Image Stabilization, Zipstream, ONVIF, H.264 and local storage. It includes Video motion detection, shock detection and support for AXIS Camera Application Platform enabling installation of AXIS Perimeter Defender and third-party applications. Responsive absolute positioning with high-speed and ultra-smooth pan and tilt capabilities. Integrated SFP slot for long-distance fiber connection. IP66, NEMA 4X rated and UL listed. Ready for column-mount. Powered by 24 V AC/DC. This product is subject to export control regulations. You should always consult and comply with the regulations of the appropriate local export control authorities.",10919,USD,Recorder accessories,active
0824-001,"High accuracy outdoor PTZ positioning bispectral camera. Thermal sensor features a 384x288 resolution, 30 fps and 35 mm lens with 10.5° angle of view. Visual sensor have HDTV 1080p video resolution, 30x optical zoom, focus recall and are extremly light sensitive. Integrated long-life silicone wiper for remote maintenance. The bispectral camera supports Zipstream, ONVIF, H.264 and local storage. It includes Video motion detection and support for AXIS Camera Application Platform enabling installation of AXIS Perimeter Defender and third-party applications. Responsive absolute positioning with high-speed and ultra-smooth pan and tilt capabilities. Integrated SFP slot for long-distance fiber connection. IP66, NEMA 4X rated and UL listed. Ready for column-mount. Powered by 24 V AC/DC from external power supply (not included). This product is subject to export control regulations. You should always consult and comply with the regulations of the appropriate local export control authorities.",10599,USD,Power Supply,active
01013-001,"High accuracy outdoor PTZ positioning bispectral camera with IR illuminators. Thermal sensor features a 384x288 resolution, 30 fps and 35 mm lens with 10.5° angle of view. Visual sensor have HDTV 1080p video resolution, 30x optical zoom, built-in IR pass filter for sharper images in mixed lighting conditions. IR range up to 500m. Integrated long-life silicone wiper for remote maintenance. The bispectral camera supports Zipstream, ONVIF, H.264 and local storage. It includes Video motion detection and support for AXIS Camera Application Platform enabling installation of AXIS Perimeter Defender and third-party applications. Responsive absolute positioning with high-speed and ultra-smooth pan and tilt capabilities. Integrated SFP slot for long-distance fiber connection. IP66, NEMA 4X rated and UL listed. Ready for column-mount. Powered by 24 V AC/DC from external power supply (not included). This product is subject to export control regulations. You should always consult and comply with the regulations of the appropriate local export control authorities.",12289,USD,Power Supply,active
0830-001,"High accuracy outdoor PTZ positioning Bispectral camera. Thermal sensor features a 640x480 resolution, 30 fps and 35-105 mm thermal zoom lens. Visual sensor have HDTV 1080p video resolution, 30x optical zoom, focus recall and are extremly light sensitive. Integrated long-life silicone wiper for remote maintenance. The bispectral camera supports Zipstream, ONVIF, H.264 and local storage. It includes Video motion detection and support for AXIS Camera Application Platform enabling installation of AXIS Perimeter Defender and third-party applications. Responsive absolute positioning with high-speed and ultra-smooth pan and tilt capabilities. Integrated SFP slot for long-distance fiber connection. IP66, NEMA 4X rated and UL listed. Ready for column-mount. Powered by 24 V AC/DC from external power supply (not included). This product is subject to export control regulations. You should always consult and comply with the regulations of the appropriate local export control authorities.",23319,USD,Power Supply,active
0828-001,"High accuracy outdoor PTZ positioning Bispectral camera. Thermal sensor features a 640x480 resolution, 30 fps and 35 mm lens with 17° angle of view. Visual sensor have HDTV 1080p video resolution, 30x optical zoom, focus recall and are extremly light sensitive. Integrated long-life silicone wiper for remote maintenance. The bispectral camera supports Zipstream, ONVIF, H.264 and local storage. It includes Video motion detection and support for AXIS Camera Application Platform enabling installation of AXIS Perimeter Defender and third-party applications. Responsive absolute positioning with high-speed and ultra-smooth pan and tilt capabilities. Integrated SFP slot for long-distance fiber connection. IP66, NEMA 4X rated and UL listed. Ready for column-mount. Powered by 24 V AC/DC from external power supply (not included). This product is subject to export control regulations. You should always consult and comply with the regulations of the appropriate local export control authorities.",13779,USD,Power Supply,active
01017-001,"High accuracy outdoor PTZ positioning bispectral camera with IR illuminators. Thermal sensor features a 640x480 resolution, 30 fps and 35 mm lens with 17° angle of view. Visual sensor have HDTV 1080p video resolution, 30x optical zoom, built-in IR pass filter for sharper images in mixed lighting conditions. IR range up to 500m. Integrated long-life silicone wiper for remote maintenance. The bispectral camera supports Zipstream, ONVIF, H.264 and local storage. It includes Video motion detection and support for AXIS Camera Application Platform enabling installation of AXIS Perimeter Defender and third-party applications. Responsive absolute positioning with high-speed and ultra-smooth pan and tilt capabilities. Integrated SFP slot for long-distance fiber connection. IP66, NEMA 4X rated and UL listed. Ready for column-mount. Powered by 24 V AC/DC from external power supply (not included). This product is subject to export control regulations. You should always consult and comply with the regulations of the appropriate local export control authorities.",15469,USD,Power Supply,active
01019-001,"High accuracy outdoor PTZ positioning bispectral camera with IR illuminators. Thermal sensor features a 640x480 resolution, 30 fps and and 35-105 mm thermal zoom lens. Visual sensor have HDTV 1080p video resolution, 30x optical zoom, built-in IR pass filter for sharper images in mixed lighting conditions. IR range up to 500m. Integrated long-life silicone wiper for remote maintenance. The bispectral camera supports Zipstream, ONVIF, H.264 and local storage. It includes Video motion detection and support for AXIS Camera Application Platform enabling installation of AXIS Perimeter Defender and third-party applications. Responsive absolute positioning with high-speed and ultra-smooth pan and tilt capabilities. Integrated SFP slot for long-distance fiber connection. IP66, NEMA 4X rated and UL listed. Ready for column-mount. Powered by 24 V AC/DC from external power supply (not included). This product is subject to export control regulations. You should always consult and comply with the regulations of the appropriate local export control authorities.",24999,USD,Power Supply,active
0786-001,"Outdoor thermal network camera for wall and ceiling mount, 384x288 resolution, 30 fps, and 7 mm lens with 55° angle of view. It supports Electronic Image Stabilization, Zipstream, ONVIF, H.264, audio, I/O ports and local storage. It includes Video motion detection, audio detection, shock detection and support for AXIS Camera Application Platform enabling installation of AXIS Perimeter Defender and third-party applications. IP66, IP67, NEMA 4X rated and UL listed. 
This product is controlled for export under EU Regulation (EC) № 428/2009 and Export Control Classification Number (ECCN) 6A003.b.4.b applies. Licensing requirements may affect the lead time for delivery and/or general order status. If in doubt, please contact customs-se@axis.com for guidance on the license application procedure.",2969,USD,Software and licensing,active
02150-001,"Outdoor thermal network camera for wall and ceiling mount, 384x288 resolution, 30 fps, and 7 mm lens with 55° angle of view. It supports Electronic Image Stabilization, Zipstream, ONVIF, H.264, H.265, audio in, two supervised I/O ports and local storage. It includes Video motion detection, audio detection, shock detection and support for AXIS Camera Application Platform enabling installation of AXIS Perimeter Defender with AI-based functionality and other third-party applications. IK10, IP66, IP67, NEMA 4X rated, UL listed and compliant to a number of MIL-standards (among those is MIL-STD-810H / 521.4).
This product is free from PVC, BFR and CFR.
NETD <40 mK @25C, F1.0

This product is subject to export control regulations. You should always consult and comply with the regulations of the appropriate local export control authorities.",3179,USD,Audio and power accessories,active
0787-001,"Outdoor thermal network camera for wall and ceiling mount, 384x288 resolution, 30 fps, and 13 mm lens with 28° angle of view. It supports Electronic Image Stabilization, Zipstream, ONVIF, H.264, audio, I/O ports and local storage. It includes Video motion detection, audio detection, shock detection and support for AXIS Camera Application Platform enabling installation of AXIS Perimeter Defender and third-party applications. IP66, IP67, NEMA 4X rated and UL listed. 
This product is controlled for export under EU Regulation (EC) № 428/2009 and Export Control Classification Number (ECCN) 6A003.b.4.b applies. Licensing requirements may affect the lead time for delivery and/or general order status. If in doubt, please contact customs-se@axis.com for guidance on the license application procedure.",2969,USD,Software and licensing,active
02152-001,"Outdoor thermal network camera for wall and ceiling mount, 384x288 resolution, 30 fps, and 13 mm lens with 28° angle of view. It supports Electronic Image Stabilization, Zipstream, ONVIF, H.264, H.265, audio in, two supervised I/O ports and local storage. It includes Video motion detection, audio detection, shock detection and support for AXIS Camera Application Platform enabling installation of AXIS Perimeter Defender with AI-based functionality and other third-party applications. IK10, IP66, IP67, NEMA 4X rated, UL listed and compliant to a number of MIL-standards (among those is MIL-STD-810H / 521.4).
This product is free from PVC, BFR and CFR.
NETD <40 mK @25C, F1.0

This product is subject to export control regulations. You should always consult and comply with the regulations of the appropriate local export control authorities.",3179,USD,Audio and power accessories,active
0877-001,"Outdoor thermal network camera for wall and ceiling mount, 384x288 resolution, 30 fps, and 19 mm lens with 19.4° angle of view. It supports Electronic Image Stabilization, Zipstream, ONVIF, H.264, audio, I/O ports and local storage. It includes Video motion detection, audio detection, shock detection and support for AXIS Camera Application Platform enabling installation of AXIS Perimeter Defender and third-party applications. IP66, IP67, NEMA 4X rated and UL listed.
This product is controlled for export under EU Regulation (EC) № 428/2009 and Export Control Classification Number (ECCN) 6A003.b.4.b applies. Licensing requirements may affect the lead time for delivery and/or general order status. If in doubt, please contact customs-se@axis.com for guidance on the license application procedure.",2969,USD,Software and licensing,active
02154-001,"Outdoor thermal network camera for wall and ceiling mount, 384x288 resolution, 30 fps, and 19 mm lens with 19.4° angle of view. It supports Electronic Image Stabilization, Zipstream, ONVIF, H.264, H.265, audio in, two supervised I/O ports and local storage. It includes Video motion detection, audio detection, shock detection and support for AXIS Camera Application Platform enabling installation of AXIS Perimeter Defender with AI-based functionality and other third-party applications. IK10, IP66, IP67, NEMA 4X rated, UL listed and compliant to a number of MIL-standards (among those is MIL-STD-810H / 521.4).
This product is free from PVC, BFR and CFR.
NETD <40 mK @25C, F1.0

This product is subject to export control regulations. You should always consult and comply with the regulations of the appropriate local export control authorities.",3179,USD,Audio and power accessories,active
0788-001,"Outdoor thermal network camera for wall and ceiling mount, 384x288 resolution, 30 fps, and 35 mm lens with 10.7° angle of view. It supports Electronic Image Stabilization, Zipstream, ONVIF, H.264, audio, I/O ports and local storage. It includes Video motion detection, audio detection, shock detection and support for AXIS Camera Application Platform enabling installation of AXIS Perimeter Defender and third-party applications. IP66, IP67, NEMA 4X rated and UL listed.
This product is controlled for export under EU Regulation (EC) № 428/2009 and Export Control Classification Number (ECCN) 6A003.b.4.b applies. Licensing requirements may affect the lead time for delivery and/or general order status. If in doubt, please contact customs-se@axis.com for guidance on the license application procedure.",4029,USD,Software and licensing,active
02156-001,"Outdoor thermal network camera for wall and ceiling mount, 384x288 resolution, 30 fps, and 35 mm lens with 10.5° angle of view. It supports Electronic Image Stabilization, Zipstream, ONVIF, H.264, H.265, audio in, two supervised I/O ports and local storage. It includes Video motion detection, audio detection, shock detection and support for AXIS Camera Application Platform enabling installation of AXIS Perimeter Defender with AI-based functionality and other third-party applications. IK10, IP66, IP67, NEMA 4X rated, UL listed and compliant to a number of MIL-standards (among those is MIL-STD-810H / 521.4).
This product is free from PVC, BFR and CFR.
NETD <40 mK @25C, F1.0

This product is subject to export control regulations. You should always consult and comply with the regulations of the appropriate local export control authorities.",4339,USD,Audio and power accessories,active
0789-001,"Outdoor thermal network camera for wall and ceiling mount, 384x288 resolution, 30 fps, and 60 mm lens with 6.2° angle of view. It supports Electronic Image Stabilization, Zipstream, ONVIF, H.264, audio, I/O ports and local storage. It includes Video motion detection, audio detection, shock detection and support for AXIS Camera Application Platform enabling installation of AXIS Perimeter Defender and third-party applications. IP66, IP67, NEMA 4X rated and UL listed. 
This product is controlled for export under EU Regulation (EC) № 428/2009 and Export Control Classification Number (ECCN) 6A003.b.4.b applies. Licensing requirements may affect the lead time for delivery and/or general order status. If in doubt, please contact customs-se@axis.com for guidance on the license application procedure.",6149,USD,Software and licensing,active
0973-001,"Outdoor Thermal Network Camera for positioning unit, 384x288 resolution, 30 fps, and 7 mm lens with 55° angle of view. It supports Electronic Image Stabilization, Zipstream, ONVIF, H.264, PoE and local storage. It includes Video motion detection, shock detection and support for AXIS Camera Application Platform enabling installation of AXIS Perimeter Defender and third-party applications. IP66, NEMA 4X rated and UL listed. 
This product is controlled for export under EU Regulation (EC) № 428/2009 and Export Control Classification Number (ECCN) 6A003.b.4.b applies. Licensing requirements may affect the lead time for delivery and/or general order status. If in doubt, please contact customs-se@axis.com for guidance on the license application procedure.",3179,USD,Software and licensing,active
0974-001,"Outdoor Thermal Network Camera for positioning unit, 384x288 resolution, 30 fps, and 13 mm lens with 28° angle of view. It supports Electronic Image Stabilization, Zipstream, ONVIF, H.264, PoE and local storage. It includes Video motion detection, shock detection and support for AXIS Camera Application Platform enabling installation of AXIS Perimeter Defender and third-party applications. IP66, NEMA 4X rated and UL listed. 
This product is controlled for export under EU Regulation (EC) № 428/2009 and Export Control Classification Number (ECCN) 6A003.b.4.b applies. Licensing requirements may affect the lead time for delivery and/or general order status. If in doubt, please contact customs-se@axis.com for guidance on the license application procedure.",3179,USD,Software and licensing,active
0979-001,"Outdoor Thermal Network Camera for positioning unit, 384x288 resolution, 30 fps, and 19 mm lens with 19.4° angle of view. It supports Electronic Image Stabilization, Zipstream, ONVIF, H.264, PoE and local storage. It includes Video motion detection, shock detection and support for AXIS Camera Application Platform enabling installation of AXIS Perimeter Defender and third-party applications. IP66, NEMA 4X rated and UL listed.
This product is controlled for export under EU Regulation (EC) № 428/2009 and Export Control Classification Number (ECCN) 6A003.b.4.b applies. Licensing requirements may affect the lead time for delivery and/or general order status. If in doubt, please contact customs-se@axis.com for guidance on the license application procedure.",3179,USD,Software and licensing,active
0975-001,"""Outdoor Thermal Network Camera for positioning unit, 384x288 resolution,  30 fps, and 35 mm lens with 10.7° angle of view. It supports Electronic Image Stabilization, Zipstream, ONVIF, H.264, PoE and local storage. It includes Video motion detection, shock detection and support for AXIS Camera Application Platform enabling installation of AXIS Perimeter Defender and third-party applications. IP66, NEMA 4X rated and UL listed. 
This product is controlled for export under EU Regulation (EC) № 428/2009 and Export Control Classification Number (ECCN) 6A003.b.4.b applies. Licensing requirements may affect the lead time for delivery and/or general order status. If in doubt, please contact customs-se@axis.com for guidance on the license application procedure.""",4339,USD,Software and licensing,active
0977-001,"Outdoor Thermal Network Camera for positioning unit, 384x288 resolution, 30 fps, and 60 mm lens with 6.2° angle of view. It supports Electronic Image Stabilization, Zipstream, ONVIF, H.264, PoE and local storage. It includes Video motion detection, shock detection and support for AXIS Camera Application Platform enabling installation of AXIS Perimeter Defender and third-party applications. IP66, NEMA 4X rated and UL listed.
This product is controlled for export under EU Regulation (EC) № 428/2009 and Export Control Classification Number (ECCN) 6A003.b.4.b applies. Licensing requirements may affect the lead time for delivery and/or general order status. If in doubt, please contact customs-se@axis.com for guidance on the license application procedure.",6149,USD,Software and licensing,active
0916-001,"Outdoor thermal network camera for wall and ceiling mount, 640x480 resolution, 30 fps, and 10mm lens with 63° angle of view. It supports Electronic Image Stabilization, Zipstream, ONVIF, H.264, audio, I/O ports and local storage. It includes Video motion detection, audio detection, shock detection and support for AXIS Camera Application Platform enabling installation of AXIS Perimeter Defender and third-party applications. IP66, IP67, NEMA 4X rated and UL listed. 
This product is controlled for export under EU Regulation (EC) № 428/2009 and Export Control Classification Number (ECCN) 6A003.b.4.b applies. Licensing requirements may affect the lead time for delivery and/or general order status. If in doubt, please contact customs-se@axis.com for guidance on the license application procedure.",5299,USD,Software and licensing,active
02158-001,"Outdoor thermal network camera for wall and ceiling mount, 640x480 resolution, 30 fps, and 10 mm lens with 63° angle of view. It supports Electronic Image Stabilization, Zipstream, ONVIF, H.264, H.265, audio in, two supervised I/O ports and local storage. It includes Video motion detection, audio detection, shock detection and support for AXIS Camera Application Platform enabling installation of AXIS Perimeter Defender with AI-based functionality and other third-party applications. IK10, IP66, IP67, NEMA 4X rated, UL listed and compliant to a number of MIL-standards (among those is MIL-STD-810H / 521.4).
This product is free from PVC, BFR and CFR.
NETD <30 mK @25C, F1.0

This product is subject to export control regulations. You should always consult and comply with the regulations of the appropriate local export control authorities.",5719,USD,Audio and power accessories,active
0918-001,"Outdoor thermal network camera for wall and ceiling mount, 640x480 resolution, 30 fps, and 19 mm lens with 32° angle of view. It supports Electronic Image Stabilization, Zipstream, ONVIF, H.264, audio, I/O ports and local storage. It includes Video motion detection, audio detection, shock detection and support for AXIS Camera Application Platform enabling installation of AXIS Perimeter Defender and third-party applications. IP66, IP67, NEMA 4X rated and UL listed.
This product is controlled for export under EU Regulation (EC) № 428/2009 and Export Control Classification Number (ECCN) 6A003.b.4.b applies. Licensing requirements may affect the lead time for delivery and/or general order status. If in doubt, please contact customs-se@axis.com for guidance on the license application procedure.",5299,USD,Software and licensing,active
02160-001,"Outdoor thermal network camera for wall and ceiling mount, 640x480 resolution, 30 fps, and 19 mm lens with 31° angle of view. It supports Electronic Image Stabilization, Zipstream, ONVIF, H.264, H.265, audio in, two supervised I/O ports and local storage. It includes Video motion detection, audio detection, shock detection and support for AXIS Camera Application Platform enabling installation of AXIS Perimeter Defender with AI-based functionality and other third-party applications. IK10, IP66, IP67, NEMA 4X rated, UL listed and compliant to a number of MIL-standards (among those is MIL-STD-810H / 521.4).
This product is free from PVC, BFR and CFR.
NETD <30 mK @25C, F1.0

This product is subject to export control regulations. You should always consult and comply with the regulations of the appropriate local export control authorities.",5719,USD,Audio and power accessories,active
02162-001,"Outdoor thermal network camera for wall and ceiling mount, 640x480 resolution, 30 fps, and 35 mm lens with 17° angle of view. It supports Electronic Image Stabilization, Zipstream, ONVIF, H.264, H.265, audio in, two supervised I/O ports and local storage. It includes Video motion detection, audio detection, shock detection and support for AXIS Camera Application Platform enabling installation of AXIS Perimeter Defender with AI-based functionality and other third-party applications. IK10, IP66, IP67, NEMA 4X rated, UL listed and compliant to a number of MIL-standards (among those is MIL-STD-810H / 521.4).
This product is free from PVC, BFR and CFR.
NETD <30 mK @25C, F1.0

This product is subject to export control regulations. You should always consult and comply with the regulations of the appropriate local export control authorities.",6889,USD,Audio and power accessories,active
0922-001,"Outdoor thermal network camera for wall and ceiling mount, 640x480 resolution, 30 fps, and 60 mm lens with 10° angle of view. It supports Electronic Image Stabilization, Zipstream, ONVIF, H.264, audio, I/O ports and local storage. It includes Video motion detection, audio detection, shock detection and support for AXIS Camera Application Platform enabling installation of AXIS Perimeter Defender and third-party applications. IP66, IP67, NEMA 4X rated and UL listed.
This product is controlled for export under EU Regulation (EC) № 428/2009 and Export Control Classification Number (ECCN) 6A003.b.4.b applies. Licensing requirements may affect the lead time for delivery and/or general order status. If in doubt, please contact customs-se@axis.com for guidance on the license application procedure.",8579,USD,Software and licensing,active
0981-001,"Outdoor Thermal Network Camera for positioning unit. 640x480 resolution, 30 fps, and 10mm lens with 63° angle of view. It supports Electronic Image Stabilization, Zipstream, ONVIF, H.264, PoE and local storage. It includes Video motion detection, shock detection and support for AXIS Camera Application Platform enabling installation of AXIS Perimeter Defender and third-party applications. IP66, NEMA 4X rated and UL listed. 
This product is controlled for export under EU Regulation (EC) № 428/2009 and Export Control Classification Number (ECCN) 6A003.b.4.b applies. Licensing requirements may affect the lead time for delivery and/or general order status. If in doubt, please contact customs-se@axis.com for guidance on the license application procedure.",5719,USD,Software and licensing,active
0983-001,"Q1942-E PT mount 19mm 
Outdoor Thermal Network Camera for positioning unit. 640x480 resolution, 30 fps, and 19mm lens with 32° angle of view. It supports Electronic Image Stabilization, Zipstream, ONVIF, H.264, PoE and local storage. It includes Video motion detection, shock detection and support for AXIS Camera Application Platform enabling installation of AXIS Perimeter Defender and third-party applications. IP66, NEMA 4X rated and UL listed. 
This product is controlled for export under EU Regulation (EC) № 428/2009 and Export Control Classification Number (ECCN) 6A003.b.4.b applies. Licensing requirements may affect the lead time for delivery and/or general order status. If in doubt, please contact customs-se@axis.com for guidance on the license application procedure.",5719,USD,Software and licensing,active
0985-001,"Outdoor Thermal Network Camera for positioning unit. 640x480 resolution, 30 fps, and 35mm lens with 17° angle of view. It supports Electronic Image Stabilization, Zipstream, ONVIF, H.264, PoE and local storage. It includes Video motion detection, shock detection and support for AXIS Camera Application Platform enabling installation of AXIS Perimeter Defender and third-party applications. IP66, NEMA 4X rated and UL listed. 
This product is controlled for export under EU Regulation (EC) № 428/2009 and Export Control Classification Number (ECCN) 6A003.b.4.b applies. Licensing requirements may affect the lead time for delivery and/or general order status. If in doubt, please contact customs-se@axis.com for guidance on the license application procedure.",6889,USD,Software and licensing,active
0987-001,"Outdoor Thermal Network Camera for positioning unit. 640x480 resolution, 30 fps, and 60mm lens with 10° angle of view. It supports Electronic Image Stabilization, Zipstream, ONVIF, H.264, PoE and local storage. It includes Video motion detection, shock detection and support for AXIS Camera Application Platform enabling installation of AXIS Perimeter Defender and third-party applications. IP66, NEMA 4X rated and UL listed. 
This product is controlled for export under EU Regulation (EC) № 428/2009 and Export Control Classification Number (ECCN) 6A003.b.4.b applies. Licensing requirements may affect the lead time for delivery and/or general order status. If in doubt, please contact customs-se@axis.com for guidance on the license application procedure.",8579,USD,Software and licensing,active
02945-001,"Outdoor thermal network camera for wall and ceiling mount. The camera is based on ARTPEC 8 and it supports Electronic Image Stabilization, Zipstream, ONVIF, H.264, H.265, audio in, two supervised I/O ports and local storage. It includes Video motion detection, audio detection, shock detection and support for AXIS Camera Application Platform enabling installation of AXIS Perimeter Defender with AI-based functionality and other third-party applications. IK10, IP66, IP67, NEMA 4X rated, UL listed and compliant to a number of MIL-standards (among those is MIL-STD-810H / 521.4).
This product is free from PVC, BFR and CFR.
NETD <20 mK @25C, F1.0
Image sensor resolution QVGA (384x288 pixels)

The thermal image sensor of this product is manufactured within the European Union and is subject to EU export control regulations. You should always consult and comply with the regulations of the appropriate local export control authorities.",2999,USD,Audio and power accessories,active
02947-001,"Outdoor thermal network camera for wall and ceiling mount. The camera is based on ARTPEC 8 and it supports Electronic Image Stabilization, Zipstream, ONVIF, H.264, H.265, audio in, two supervised I/O ports and local storage. It includes Video motion detection, audio detection, shock detection and support for AXIS Camera Application Platform enabling installation of AXIS Perimeter Defender with AI-based functionality and other third-party applications. IK10, IP66, IP67, NEMA 4X rated, UL listed and compliant to a number of MIL-standards (among those is MIL-STD-810H / 521.4).
This product is free from PVC, BFR and CFR.
NETD <20 mK @25C, F1.0
Image sensor resolution QVGA (384x288 pixels)

The thermal image sensor of this product is manufactured within the European Union and is subject to EU export control regulations. You should always consult and comply with the regulations of the appropriate local export control authorities.",3099,USD,Audio and power accessories,active
02949-001,"Outdoor thermal network camera for wall and ceiling mount. The camera is based on ARTPEC 8 and it supports Electronic Image Stabilization, Zipstream, ONVIF, H.264, H.265, audio in, two supervised I/O ports and local storage. It includes Video motion detection, audio detection, shock detection and support for AXIS Camera Application Platform enabling installation of AXIS Perimeter Defender with AI-based functionality and other third-party applications. IK10, IP66, IP67, NEMA 4X rated, UL listed and compliant to a number of MIL-standards (among those is MIL-STD-810H / 521.4).
This product is free from PVC, BFR and CFR.
NETD <20 mK @25C, F1.0
Image sensor resolution QVGA (384x288 pixels)

The thermal image sensor of this product is manufactured within the European Union and is subject to EU export control regulations. You should always consult and comply with the regulations of the appropriate local export control authorities.",3199,USD,Audio and power accessories,active
02951-001,"Outdoor thermal network camera for wall and ceiling mount. The camera is based on ARTPEC 8 and it supports Electronic Image Stabilization, Zipstream, ONVIF, H.264, H.265, audio in, two supervised I/O ports and local storage. It includes Video motion detection, audio detection, shock detection and support for AXIS Camera Application Platform enabling installation of AXIS Perimeter Defender with AI-based functionality and other third-party applications. IK10, IP66, IP67, NEMA 4X rated, UL listed and compliant to a number of MIL-standards (among those is MIL-STD-810H / 521.4).
This product is free from PVC, BFR and CFR.
NETD <20 mK @25C, F1.0
Image sensor resolution QVGA (384x288 pixels)

The thermal image sensor of this product is manufactured within the European Union and is subject to EU export control regulations. You should always consult and comply with the regulations of the appropriate local export control authorities.",3799,USD,Audio and power accessories,active
02953-001,"Outdoor thermal network camera for wall and ceiling mount. The camera is based on ARTPEC 8 and it supports Electronic Image Stabilization, Zipstream, ONVIF, H.264, H.265, audio in, two supervised I/O ports and local storage. It includes Video motion detection, audio detection, shock detection and support for AXIS Camera Application Platform enabling installation of AXIS Perimeter Defender with AI-based functionality and other third-party applications. IK10, IP66, IP67, NEMA 4X rated, UL listed and compliant to a number of MIL-standards (among those is MIL-STD-810H / 521.4).
This product is free from PVC, BFR and CFR.
NETD <20 mK @25C, F1.0
Image sensor resolution QVGA (384x288 pixels)

The thermal image sensor of this product is manufactured within the European Union and is subject to EU export control regulations. You should always consult and comply with the regulations of the appropriate local export control authorities.",4399,USD,Audio and power accessories,active
03027-001,"Outdoor thermal network camera for wall and ceiling mount. The camera is based on ARTPEC 8 and it supports Electronic Image Stabilization, Zipstream, ONVIF, H.264, H.265, audio in, two supervised I/O ports and local storage. It includes Video motion detection, audio detection, shock detection and support for AXIS Camera Application Platform enabling installation of AXIS Perimeter Defender with AI-based functionality and other third-party applications. IK10, IP66, IP67, NEMA 4X rated, UL listed and compliant to a number of MIL-standards (among those is MIL-STD-810H / 521.4).
This product is free from PVC, BFR and CFR.
NETD <20 mK @25C, F1.0
Image sensor resolution VGA (640x480 pixels)

The thermal image sensor of this product is manufactured within the European Union and is subject to EU export control regulations. You should always consult and comply with the regulations of the appropriate local export control authorities.",5799,USD,Audio and power accessories,active
03029-001,"Outdoor thermal network camera for wall and ceiling mount. The camera is based on ARTPEC 8 and it supports Electronic Image Stabilization, Zipstream, ONVIF, H.264, H.265, audio in, two supervised I/O ports and local storage. It includes Video motion detection, audio detection, shock detection and support for AXIS Camera Application Platform enabling installation of AXIS Perimeter Defender with AI-based functionality and other third-party applications. IK10, IP66, IP67, NEMA 4X rated, UL listed and compliant to a number of MIL-standards (among those is MIL-STD-810H / 521.4).
This product is free from PVC, BFR and CFR.
NETD <20 mK @25C, F1.0
Image sensor resolution VGA (640x480 pixels)

The thermal image sensor of this product is manufactured within the European Union and is subject to EU export control regulations. You should always consult and comply with the regulations of the appropriate local export control authorities.",5799,USD,Audio and power accessories,active
03031-001,"Outdoor thermal network camera for wall and ceiling mount. The camera is based on ARTPEC 8 and it supports Electronic Image Stabilization, Zipstream, ONVIF, H.264, H.265, audio in, two supervised I/O ports and local storage. It includes Video motion detection, audio detection, shock detection and support for AXIS Camera Application Platform enabling installation of AXIS Perimeter Defender with AI-based functionality and other third-party applications. IK10, IP66, IP67, NEMA 4X rated, UL listed and compliant to a number of MIL-standards (among those is MIL-STD-810H / 521.4).
This product is free from PVC, BFR and CFR.
NETD <20 mK @25C, F1.0
Image sensor resolution VGA (640x480 pixels)

The thermal image sensor of this product is manufactured within the European Union and is subject to EU export control regulations. You should always consult and comply with the regulations of the appropriate local export control authorities.",6299,USD,Audio and power accessories,active
03033-001,"Outdoor thermal network camera for wall and ceiling mount. The camera is based on ARTPEC 8 and it supports Electronic Image Stabilization, Zipstream, ONVIF, H.264, H.265, audio in, two supervised I/O ports and local storage. It includes Video motion detection, audio detection, shock detection and support for AXIS Camera Application Platform enabling installation of AXIS Perimeter Defender with AI-based functionality and other third-party applications. IK10, IP66, IP67, NEMA 4X rated, UL listed and compliant to a number of MIL-standards (among those is MIL-STD-810H / 521.4).
This product is free from PVC, BFR and CFR.
NETD <20 mK @25C, F1.0
Image sensor resolution VGA (640x480 pixels)

The thermal image sensor of this product is manufactured within the European Union and is subject to EU export control regulations. You should always consult and comply with the regulations of the appropriate local export control authorities.",6899,USD,Audio and power accessories,active
02600-001,"Q2111-E is an ARTPEC 8 based thermal camera with exceptionally high thermal sensitivity (low NETD-value). It comes with a 60mm lens for long range surveillance.
Robust and impact-resistant (IK10 and IP66/67), it includes built-in cybersecurity features to help safeguard your system. The product is halogen free. Edge-to-edge functionality lets you connect network speakers and other Axis network devices.
Q2111-E can be PT-mounted (PT head sold separately). When PT-mounted, Q2111-TE supports guard tour, giving you to monitor very large and complex scenes. 
No mounting accessory is included so an arm or a PT-unit must be ordered separately.",6699,USD,Audio and power accessories,active
02604-001,"Q2112-E is an ARTPEC 8 based VGA resolution thermal camera with exceptionally high thermal sensitivity (low NETD-value). It comes with a a variety of lens options for long range surveillance. Please note that lenses are not user changeable so order the correct version!
Robust and impact-resistant (IK10 and IP66/67), it includes built-in cybersecurity features to help safeguard your system. The product is halogen free. Edge-to-edge functionality lets you connect network speakers and other Axis network devices.
Q2112-E can be PT-mounted (PT head sold separately). When PT-mounted, Q2112-E supports guard tour, giving you to monitor very large and complex scenes. 
No mounting accessory is included so an arm or a PT-unit must be ordered separately.",6299,USD,Audio and power accessories,active
02606-001,"Q2112-E is an ARTPEC 8 based VGA resolution thermal camera with exceptionally high thermal sensitivity (low NETD-value). It comes with a a variety of lens options for long range surveillance. Please note that lenses are not user changeable so order the correct version!
Robust and impact-resistant (IK10 and IP66/67), it includes built-in cybersecurity features to help safeguard your system. The product is halogen free. Edge-to-edge functionality lets you connect network speakers and other Axis network devices.
Q2112-E can be PT-mounted (PT head sold separately). When PT-mounted, Q2112-E supports guard tour, giving you to monitor very large and complex scenes. 
No mounting accessory is included so an arm or a PT-unit must be ordered separately.",6299,USD,Audio and power accessories,active
02608-001,"Q2112-E is an ARTPEC 8 based VGA resolution thermal camera with exceptionally high thermal sensitivity (low NETD-value). It comes with a a variety of lens options for long range surveillance. Please note that lenses are not user changeable so order the correct version!
Robust and impact-resistant (IK10 and IP66/67), it includes built-in cybersecurity features to help safeguard your system. The product is halogen free. Edge-to-edge functionality lets you connect network speakers and other Axis network devices.
Q2112-E can be PT-mounted (PT head sold separately). When PT-mounted, Q2112-E supports guard tour, giving you to monitor very large and complex scenes. 
No mounting accessory is included so an arm or a PT-unit must be ordered separately.",6799,USD,Audio and power accessories,active
02610-001,"Q2112-E is an ARTPEC 8 based VGA resolution thermal camera with exceptionally high thermal sensitivity (low NETD-value). It comes with a a variety of lens options for long range surveillance. Please note that lenses are not user changeable so order the correct version!
Robust and impact-resistant (IK10 and IP66/67), it includes built-in cybersecurity features to help safeguard your system. The product is halogen free. Edge-to-edge functionality lets you connect network speakers and other Axis network devices.
Q2112-E can be PT-mounted (PT head sold separately). When PT-mounted, Q2112-E supports guard tour, giving you to monitor very large and complex scenes. 
No mounting accessory is included so an arm or a PT-unit must be ordered separately.",6799,USD,Audio and power accessories,active
02612-001,"Q2112-E is an ARTPEC 8 based VGA resolution thermal camera with exceptionally high thermal sensitivity (low NETD-value). It comes with a a variety of lens options for long range surveillance. Please note that lenses are not user changeable so order the correct version!
Robust and impact-resistant (IK10 and IP66/67), it includes built-in cybersecurity features to help safeguard your system. The product is halogen free. Edge-to-edge functionality lets you connect network speakers and other Axis network devices.
Q2112-E can be PT-mounted (PT head sold separately). When PT-mounted, Q2112-E supports guard tour, giving you to monitor very large and complex scenes. 
No mounting accessory is included so an arm or a PT-unit must be ordered separately.",8599,USD,Audio and power accessories,active
02174-001,"Q1961-TE is an ARTPEC 8 based thermometric camera that lets you remotely monitor temperatures from -40 °C to 350 °C (-40 °F to 660 °F). It supports up to 10 configurable polygonal detection areas allowing you to monitor for specific temperature levels and change rates. With early fire detection analytics (included), it’s possible to set triggers and preventively act on early signs of fire. Robust and impact-resistant (IK10 and IP66/67), it includes built-in cybersecurity features to help safeguard your system. The product is halogen free and light weight.
Edge-to-edge functionality lets you connect network speakers and other Axis network devices.",4299,USD,Audio and power accessories,active
02114-001,"AXIS P1280-E Thermal Network Camera is a modular thermal camera based on a small-sized main unit (AXIS P12 Thermal) and an outdoor ready thermal sensor unit with a 12 m/ 39.4ft cable. The camera provides 208x156 resolution, a 2.2 mm lens with 63° horizontal FOV. It supports multiple streams in H.264 and Motion JPEG, Axis’ Zipstream technology for lower bandwidth and storage needs, edge storage using microSD card and built-in analytics with support for AXIS Camera Application Platform, which enables the usage of a broad range of third-party applications. The flexible form factor allows it to be placed in locations with limited space and a wide range of mounting accessories enables wall, ceiling and recessed installations. The main unit is powered with PoE. The sensor unit has 12 m/39.4 ft cable.

The product contains U.S.-origin controlled technology/component, the US Export Administration Regulations (EAR) are always applicable to the product. You should comply at all times with all applicable national and international (re-) export control regulations.",919,USD,Recorder accessories,active
02176-001,"Q1961-TE is an ARTPEC 8 based thermometric camera that lets you remotely monitor temperatures from -40 °C to 350 °C (-40 °F to 660 °F). It supports up to 10 configurable polygonal detection areas allowing you to monitor for specific temperature levels and change rates. With early fire detection analytics (included), it’s possible to set triggers and preventively act on early signs of fire. Robust and impact-resistant (IK10 and IP66/67), it includes built-in cybersecurity features to help safeguard your system. The product is halogen free and light weight.
Edge-to-edge functionality lets you connect network speakers and other Axis network devices.",4299,USD,Audio and power accessories,active
0940-001,"AXIS P1280-E Thermal Network Camera is a modular thermal camera based on a small-sized main unit (AXIS P12 Thermal) and an outdoor ready thermal sensor unit with a 12 m/ 39.4ft cable. The camera provides 208x156 resolution, a 4 mm lens with 35.4° horizontal FOV. It supports multiple streams in H.264 and Motion JPEG, Axis’ Zipstream technology for lower bandwidth and storage needs, edge storage using microSD card and built-in analytics with support for AXIS Camera Application Platform, which enables the usage of a broad range of third-party applications. The flexible form factor allows it to be placed in locations with limited space and a wide range of mounting accessories enables wall, ceiling and recessed installations. The main unit is powered with PoE. The sensor unit has 12 m/39.4 ft cable.

The product contains U.S.-origin controlled technology/component, the US Export Administration Regulations (EAR) are always applicable to the product. You should comply at all times with all applicable national and international (re-) export control regulations.",919,USD,Recorder accessories,active
02650-001,"Q2101-TE is an ARTPEC 8 based thermometric camera that lets you remotely monitor temperatures from -40 °C to 350 °C (-40 °F to 660 °F). 
Robust and impact-resistant (IK10 and IP66/67), it includes built-in cybersecurity features to help safeguard your system. The product is halogen free. Edge-to-edge functionality lets you connect network speakers and other Axis network devices.
Q2101-TE can be PT-mounted (PT head sold separately). When PT-mounted, Q2101-TE supports the Axis unique feature of Thermometric guard tour, giving you the possibility to configure 10 polygonal detection areas per preset. With up to 256 presets you can monitor very large and complex scenes for specific temperature levels and temperature change rates. 
With early fire detection analytics (included), it’s possible to set triggers and preventively act on early signs of fire. The Early Fire Detection ACAP comes with a smart filtering function eliminating many false alarms, commonly originating from work vehicles such as truck, excavators and cars.",4999,USD,Audio and power accessories,active
01168-001,"AXIS P1290-E Thermal Network Camera is a modular thermal camera based on a small-sized main unit (AXIS P12 Thermal) and an outdoor ready thermal sensor unit with a 12 m/ 39.4ft cable and dome casing.The camera provides 208x156 resolution, a 4 mm lens with 35.4° horizontal FOV. It supports multiple streams in H.264 and Motion JPEG, Axis’ Zipstream technology for lower bandwidth and storage needs, edge storage using microSD card and built-in analytics with support for AXIS Camera Application Platform, which enables the usage of a broad range of third-party applications. The main unit is powered with PoE. The sensor unit has 12 m/39.4 ft cable.

The product contains U.S.-origin controlled technology/component, the US Export Administration Regulations (EAR) are always applicable to the product. You should comply at all times with all applicable national and international (re-) export control regulations.",999,USD,Cameras,active
02652-001,"Q2101-TE is an ARTPEC 8 based thermometric camera that lets you remotely monitor temperatures from -40 °C to 350 °C (-40 °F to 660 °F). 
Robust and impact-resistant (IK10 and IP66/67), it includes built-in cybersecurity features to help safeguard your system. The product is halogen free. Edge-to-edge functionality lets you connect network speakers and other Axis network devices.
Q2101-TE can be PT-mounted (PT head sold separately). When PT-mounted, Q2101-TE supports the Axis unique feature of Thermometric guard tour, giving you the possibility to configure 10 polygonal detection areas per preset. With up to 256 presets you can monitor very large and complex scenes for specific temperature levels and temperature change rates. 
With early fire detection analytics (included), it’s possible to set triggers and preventively act on early signs of fire. The Early Fire Detection ACAP comes with a smart filtering function eliminating many false alarms, commonly originating from work vehicles such as truck, excavators and cars.",4999,USD,Audio and power accessories,active
02669-001,"Q2101-TE is an ARTPEC 8 based thermometric camera that lets you remotely monitor temperatures from -40 °C to 350 °C (-40 °F to 660 °F). 
Robust and impact-resistant (IK10 and IP66/67), it includes built-in cybersecurity features to help safeguard your system. The product is halogen free. Edge-to-edge functionality lets you connect network speakers and other Axis network devices.
Q2101-TE can be PT-mounted (PT head sold separately). When PT-mounted, Q2101-TE supports the Axis unique feature of Thermometric guard tour, giving you the possibility to configure 10 polygonal detection areas per preset. With up to 256 presets you can monitor very large and complex scenes for specific temperature levels and temperature change rates. 
With early fire detection analytics (included), it’s possible to set triggers and preventively act on early signs of fire. The Early Fire Detection ACAP comes with a smart filtering function eliminating many false alarms, commonly originating from work vehicles such as truck, excavators and cars.",4999,USD,Audio and power accessories,active
02089-001,"AXIS FA1080-E 2.2M 8.3 FPS is a modular thermal sensor unit to be used together with AXIS FA54 Main Unit. The thermal sensor unit provides 208x156 resolution and includes a 2.2 mm lens with 63° horizontal FOV. The flexible form factor allows it to be placed in locations with limited space and can be used with a wide range of mounting accessories to enable wall, ceiling and recessed installations. The sensor unit is outdoor-ready and has 12 m/39.4 ft cable.

This product contains U.S.-origin controlled technology/component, the US Export Administration Regulations (EAR) are always applicable to the product. You should comply at all times with all applicable national and international (re-) export control regulations.",739,USD,Recorder accessories,active
01728-001,"AXIS FA1080-E 4MM 8.3 FPS is a modular thermal sensor unit to be used together with AXIS FA54 Main Unit.  The thermal sensor unit provides 208x156 resolution and includes a 4 mm lens with 35.4° horizontal FOV. The flexible form factor allows it to be placed in locations with limited space and can be used with a wide range of mounting accessories to enable wall, ceiling and recessed installations. The sensor unit is outdoor-ready and has 12 m/39.4 ft cable. 

This product contains U.S.-origin controlled technology/component, the US Export Administration Regulations (EAR) are always applicable to the product. You should comply at all times with all applicable national and international (re-) export control regulations.",739,USD,Recorder accessories,active
01729-001,"AXIS FA4090-E 4MM 8.3 FPS is a modular thermal sensor unit to be used together with AXIS FA54 Main Unit.  The thermal sensor unit provides 208x156 resolution and includes a 4 mm lens with 35.4° horizontal FOV. The dome housing makes it easy to install and direct the sensor unit to cover your area of interets. The sensor unit is outdoor-ready and has 12 m/39.4 ft cable. 

This product contains U.S.-origin controlled technology/component, the US Export Administration Regulations (EAR) are always applicable to the product. You should comply at all times with all applicable national and international (re-) export control regulations.",789,USD,Cameras,active
1065C001,"Indoor plenum recessed ceiling mount kit for VB-S30D/S31D/S80xD mini-domes.
Comprising of fire resistant in-ceiling cage and cover - Titanium White",139,USD,Recorder accessories,active
4962B001,"Indoor surface mount ceiling cover (Silver) for  VB-H47/M46 PTZ's
Comprising of a metal mounting plate and ""skirt"" cover - Silver",73,USD,Recorder accessories,active
9920B001,Indoor surface mount wall/ceiling spacer for VB-S30D/S31D/S80xD mini-domes.,63,USD,Recorder accessories,active
8362B001,EAC certified encapsulated AC Adapter (12V DC Power supply) with US plug,129,USD,Power Supply,active
1736C001,Indoor Pendant mounting Cap for VB-S30VE/S800VE mini-domes,73,USD,Recorder accessories,active
1735C001,Conduit Box for VB-S30VE/S800VE mini-domes,119,USD,Cameras,active
1389C001,"Indoor compact fixed box network camera. 3.5x optical zoom, auto focus, digital night mode and built-in Omni-directional microphone. Multiple H.264 and Motion JPEG streams; max Full HD 1080p resolution at 30fps. Smart Shade Control - dynamic contrast, ADSR - Area-specific Data Size Reduction technology. 7 in-built video & audio intelligent analytic functions and linked events. Powered by PoE (Power supply not included). Audio output port and in-built microphone, Input/Output ports and micro SD/SDHC/SDHX Card slot for Edge storage. Available in Titanium White.",499,USD,Power Supply,active
5717C001,"Indoor compact PTZ minidome network camera with 3.5x optical zoom, auto focus and digital night mode. Multiple H.264, H.265 and Motion JPEG streams; max Full HD 1080p resolution at 30fps. Smart Shade Control - dynamic contrast. Built-in video & audio intelligent analytic functions. Powered by PoE (Power supply not included). Two way audio, Input/Output ports and micro SD/SDHC/SDXC Card slot for Edge storage. Available in White.",849,USD,Power Supply,active
1064C001,"Indoor PTZ network camera with 348⁰ rotation and large aperture lens ideal for low light applications. 5x optical zoom, auto focus, day/night switching and Clear IR Mode. Multiple H.264 and Motion JPEG streams; max 1.3MP 720p resolution at 30fps. Smart Shade Control - dynamic contrast, ADSR - Area-specific Data Size Reduction technology and Motion-Adaptive Noise Reduction. 9 in-built video & audio intelligent analytic functions and linked events. Powered by PoE, 24V AC and 12V DC (Power supply not included). Two way audio, Input/Output ports and SD/SDHC/SDHX Card slot for Edge storage. Only available in Black.",1999,USD,Switches,active
5715C001,"WHITE VERSION Indoor PTZ network camera with 340⁰ rotation. 20x optical zoom, auto focus, and day/night switching. Multiple H.264, H.265 and Motion JPEG streams; max Full HD 1080p resolution at 60fps. Smart Shade Control - dynamic contrast. Built-in video & audio intelligent analytic functions. Powered by PoE and 12V DC. Power supply not included. Two way audio, Input/Output ports and SD/SDHC/SDXC Memory Card slot for Edge storage. Available in Titanium white and Black.",2939,USD,Switches,active
5715C002,"BLACK VERSION Indoor PTZ network camera with 340⁰ rotation. 20x optical zoom, auto focus, and day/night switching. Multiple H.264, H.265 and Motion JPEG streams; max Full HD 1080p resolution at 60fps. Smart Shade Control - dynamic contrast. Built-in video & audio intelligent analytic functions. Powered by PoE and 12V DC. Power supply not included. Two way audio, Input/Output ports and SD/SDHC/SDXC Memory Card slot for Edge storage. Available in Titanium white and Black.",2939,USD,Switches,active
5716C001,"WHITE VERSION Indoor PTZ network camera with 340⁰ rotation. 20x optical zoom, auto focus, and day/night switching. Multiple H.264, H.265 and Motion JPEG streams; max 1.3MP 720p resolution at 60fps. Smart Shade Control - dynamic contrast. Built-in video & audio intelligent analytic functions. Powered by PoE and 12V DC. Power supply not included. Two way audio, Input/Output ports and SD/SDHC/SDXC Memory Card slot for Edge storage. Available in Titanium white and Black.",2109,USD,Switches,active
5716C002,"BLACK VERSION Indoor PTZ network camera with 340⁰ rotation. 20x optical zoom, auto focus, and day/night switching. Multiple H.264, H.265 and Motion JPEG streams; max 1.3MP 720p resolution at 60fps. Smart Shade Control - dynamic contrast. Built-in video & audio intelligent analytic functions. Powered by PoE and 12V DC. Power supply not included. Two way audio, Input/Output ports and SD/SDHC/SDXC Memory Card slot for Edge storage. Available in Titanium white and Black.",2109,USD,Switches,active
0319-004,"1 channel network video decoder. Decodes H.264 and MPEG-4 Part 2 in max. D1 resolution at 30/25 (NTSC/PAL) fps and 720p in Motion JPEG. Decodes AAC, G726 and G.711 audio streams in mono. Supports video source sequencing. Power over Ethernet enabled. Includes power supply.",569,USD,Power Supply,active
0319-051,AXIS P7701 BARE BOARD in 20-pack. Cannot be sold separately as single packs. No power supplies.,11379,USD,Cameras,active
0319-041,"Bare bone 1 channel video decoder (PCB without any mechanics). Decodes H.264 and MPEG-4 Part 2 in max. D1 resolution at 30/25 (NTSC/PAL) fps and 720p in Motion JPEG. Decodes AAC, G726 and G.711 audio streams in mono. Supports video source sequencing. Power over Ethernet enabled. No power supply.",569,USD,Power Supply,active
02282-001,"4K Video Decoder with 8 streams in multiview, local playback of media, DC or PoE powered, with audio through audio in or HDMI plus many more features",689,USD,Audio and power accessories,active
01679-001,"Four channel video encoder supporting PAL/NTSC cameras. Multiple, individually configurable H.264, H.265 and Motion JPEG streams. Frame rate 25/30 fps in all resolutions. Axis Zipstream technology for reduced bandwidth and storage needs. Video motion detection and active tampering alarm. Serial port for RS422/485 communication. Power over Ethernet or 12-20V DC input. MicroSD/MicroSDHC memory card slot for optional local video storage.",349,USD,Cameras,active
0542-004,Sixteen-channel video encoder. Dual streaming H.264 and Motion JPEG on all channels. Max D1 resolution at 30/25 (NTSC/PAL) fps on all streams. Video motion detection. Active tampering alarm. Two-way audio with audio detection. SFP slot for optional fiber connection and/or network redundancy. Unit includes 4 x micro SD card slots for edge storage. PTZ support. Unit has 4 x ARTPEC chips and 4 x IP addresses. Includes power supply.,1399,USD,Power Supply,active
01680-001,"Four channel video encoder supporting PAL/NTSC and HD analog cameras. Multiple, individually configurable H.264, H.265 and Motion JPEG streams. Frame rate 25/30 fps in all resolutions up to 1080p. Axis Zipstream technology for reduced bandwidth and storage needs. Video motion detection, active tampering alarm and audio detection. I/O for alarm/event handling, serial port for RS422/485 communication. Power over Ethernet or 12-20V DC input. MicroSD/MicroSDHC memory card slot for optional local video storage. Two-way audio with analog or digital microphone.",449,USD,Audio and power accessories,active
02036-004,"Sixteen-channel video encoder support PAL/NTSC cameras. Multiple, individually configurable H.264, H.265 and Motion JPEG streams. Frame rate 25/30 fps in all resolutions. Axis Zipstream technology for reduced bandwidth and storage needs. Video motion detection and active tampering alarm. 4 serial ports for RS422/485 communication. Power over Ethernet or 12-20V DC input. MicroSD/MicroSDHC memory card slot for optional local video storage. PTZ cameras control over the serial ports.",1149,USD,Cameras,active
02037-004,"16-channel video encoder. Max 4K resolution at 15fp on 4x channels. The video encoder has 4x ARTPEC-7 chips and 4x IP addresses
H.264, H265 and Motion JPEG on all channels. Video motion detection. Active tampering alarm. Two-way audio with audio detection. SFP slot for optional fiber connection and/or network redundancy. Unit includes 4x micro SD card slots for edge storage. PTZ support. Signed firmware and secure boot to enhance cybersecurity.
It includes a power supply.",1499,USD,Power Supply,active
0267-004,"1U 19” rack unit with three expansions slots, compatible with all Axis Blade video servers. Universal built-in power supply. One 10/100/1000Base-T output.",449,USD,Power Supply,active
02764-004,"AXIS S3008 Mk II 2 TB Recorder is a compact recorder with 8 PoE ports and a gigabit uplink. With its powerful PoE switch, eight PoE class 3 devices can be connected to the recorder and the recordings are done on the internal hard drive. It is compatible with AXIS Companion, AXIS Camera Station, their mobile app, and a wide range of Axis devices. To increase reliability and security, the product supports disk encryption, contains a 2 TB surveillance class hard drive and includes 5-year limited hardware warranty. This product is not a System Controller for Body Worn Solutions.",719,USD,Recordings,active
02765-004,"AXIS S3008 Mk II 4 TB Recorder is a compact recorder with 8 PoE ports and a gigabit uplink. With its powerful PoE switch, eight PoE class 3 devices can be connected to the recorder and the recordings are done on the internal hard drive. It is compatible with AXIS Companion, AXIS Camera Station, their mobile app, and a wide range of Axis devices. To increase reliability and security, the product supports disk encryption, contains a 4 TB surveillance class hard drive and includes 5-year limited hardware warranty. This product is not a System Controller for Body Worn Solutions.",929,USD,Recordings,active
02766-004,"AXIS S3008 Mk II 8 TB Recorder is a compact recorder with 8 PoE ports and a gigabit uplink. With its powerful PoE switch, eight PoE class 3 devices can be connected to the recorder and the recordings are done on the internal hard drive. It is compatible with AXIS Companion, AXIS Camera Station, their mobile app, and a wide range of Axis devices. To increase reliability and security, the product supports disk encryption, contains a 8 TB surveillance class hard drive and includes 5-year limited hardware warranty. This product is not a System Controller for Body Worn Solutions.",1249,USD,Recordings,active
02527-004,"AXIS S3016 8 TB Recorder is a 1U rack recorder with an integrated PoE switch and high power budget for up to 16 devices and a maximum of PoE class 4 per port. It provides reliable recording thanks to the four surveillance-grade hard drives and different RAID levels. This high-performance recorder offers a gigabit switch for connecting network devices and a 2.5 gigabit uplink for video recordings in ultra-high definition and includes a 5-year warranty. The recorder can be used in single-site, multi-site systems and for expanding storage and network in existing systems. It is compatible with both AXIS Companion as well as AXIS Camera Station video management software and mobile app. AXIS S3016 can be installed in server racks with a post-to-post distance between 376mm (14.8in) and 499mm (19.6in). For deeper server racks, AXIS TS3901 Rail Extensions can be used when the post-to-post distance is between 499mm (19.6in) and 689mm (27.1in).",2499,USD,Recordings,active
02351-004,"AXIS S3016 16 TB Recorder is a 1U rack recorder with an integrated PoE switch and high power budget for up to 16 devices and a maximum of PoE class 4 per port. It provides reliable recording thanks to the four surveillance-grade hard drives and different RAID levels. This high-performance recorder offers a gigabit switch for connecting network devices and a 2.5 gigabit uplink for video recordings in ultra-high definition and includes a 5-year warranty. The recorder can be used in single-site, multi-site systems and for expanding storage and network in existing systems. It is compatible with both AXIS Companion as well as AXIS Camera Station video management software and mobile app. AXIS S3016 can be installed in server racks with a post-to-post distance between 376mm (14.8in) and 499mm (19.6in). For deeper server racks, AXIS TS3901 Rail Extensions can be used when the post-to-post distance is between 499mm (19.6in) and 689mm (27.1in).",2999,USD,Recordings,active
02352-004,"AXIS S3016 32 TB Recorder is a 1U rack recorder with an integrated PoE switch and high power budget for up to 16 devices and a maximum of PoE class 4 per port. It provides reliable recording thanks to the four surveillance-grade hard drives and different RAID levels. This high-performance recorder offers a gigabit switch for connecting network devices and a 2.5 gigabit uplink for video recordings in ultra-high definition and includes a 5-year warranty. The recorder can be used in single-site, multi-site systems and for expanding storage and network in existing systems. It is compatible with both AXIS Companion as well as AXIS Camera Station video management software and mobile app. AXIS S3016 can be installed in server racks with a post-to-post distance between 376mm (14.8in) and 499mm (19.6in). For deeper server racks, AXIS TS3901 Rail Extensions can be used when the post-to-post distance is between 499mm (19.6in) and 689mm (27.1in).",4199,USD,Recordings,active
02046-004,"AXIS S3008 4 TB Recorder is a compact recorder with 8 PoE ports and a gigabit uplink. Up to 8 devices can be connected to the recorder and recording is done on the internal hard drive. It is compatible with AXIS Companion VMS, AXIS Camera Station and a wide range of Axis devices. To increase reliability and security, the product supports disk encryption, contains a 4 TB surveillance class hard drive and includes 5-year limited hardware warranty. Calculate your PoE requirements with AXIS Site Designer. This product is not a System Controller for Body Worn Solutions.",849,USD,Recordings,active
02135-004,"AXIS S3008 8 TB Recorder is a compact recorder with 8 PoE ports and a gigabit uplink. Up to 8 devices can be connected to the recorder and recording is done on the internal hard drive. It is compatible with AXIS Companion VMS, AXIS Camera Station and a wide range of Axis devices. To increase reliability and security, the product supports disk encryption, contains a 8 TB surveillance class hard drive and includes 5-year limited hardware warranty. Calculate your PoE requirements with AXIS Site Designer. This product is not a System Controller for Body Worn Solutions.",1149,USD,Recordings,active
02403-004,"AXIS Camera Station S2108 Appliance is an affordable, all-in-one appliance including a VMS client/server, storage, and an integrated PoE switch - all validated to meet the demands for reliable, basic surveillance up to 1080p. It is preloaded with AXIS Camera Station VMS and all other necessary software such as Windows 10 IoT Enterprise and AXIS Recorder Toolbox. It includes a Trusted Platform module (TPM 2.0), 2 TB storage, Core licenses for 8 devices and 5-year limited hardware warranty.",1999,USD,Software and licensing,active
02807-004,"AXIS Camera Station S2208 Mk II 4 TB Appliance is ideal in coffee shops and offices, this all-in-one standalone appliance is silent and won’t disturb local operations. It includes 8 AXIS Camera Station Pro licenses, a PoE switch with up to eight channels, and 4 TB storage. It also offers flexible storage options and supports powerful AI applications such as Smart Search 2. The system can easily be expanded using AXIS S30 Recorder Series for additional channels, PoE and storage. It’s preloaded with software and tools to help you set up and maintain your system. For instance, AXIS Recorder Toolbox includes an intuitive setup wizard. Furthermore, it offers high-security features and standards such as FIPS 140-2 Level 2 certified TPM, Secure Boot, Signed firmware, SBOM and much more. The product includes 5-year limited hardware warranty.",2999,USD,Software and licensing,active
02808-004,"AXIS Camera Station S2212 Mk II 6 TB Appliance is ideal in coffee shops and offices, this all-in-one standalone appliance is silent and won’t disturb local operations. It includes 12 AXIS Camera Station Pro licenses, a PoE switch with up to 12 channels, and 6 TB storage. It also offers flexible storage options and supports powerful AI applications such as Smart Search 2. The system can easily be expanded using AXIS S30 Recorder Series for additional channels, PoE and storage. It’s preloaded with software and tools to help you set up and maintain your system. For instance, AXIS Recorder Toolbox includes an intuitive setup wizard. Furthermore, it offers high-security features and standards such as FIPS 140-2 Level 2 certified TPM, Secure Boot, Signed firmware, SBOM and much more. The product includes 5-year limited hardware warranty.",3799,USD,Software and licensing,active
02809-004,"AXIS Camera Station S2216 Mk II 8 TB Appliance is ideal for manufacturing sites and commercial buildings, this all-in-one rack appliance is perfect for installation in a server rack. It includes 16 AXIS Camera Station Pro licenses, a PoE switch with up to 16 channels, and 8 TB storage. It also offers flexible storage options and supports powerful AI applications such as Smart Search 2. The system can easily be expanded using AXIS S30 Recorder Series for additional channels, PoE and storage. It’s preloaded with software and tools to help you set up and maintain your system. For instance, AXIS Recorder Toolbox includes an intuitive setup wizard. Furthermore, it offers high-security features and standards such as FIPS 140-2 Level 2 certified TPM, Secure Boot, Signed firmware, SBOM and much more. The product includes 5-year limited hardware warranty.",4599,USD,Software and licensing,active
02810-004,"AXIS Camera Station S2224 Mk II 12 TB Appliance is ideal for manufacturing sites and commercial buildings, this all-in-one rack appliance is perfect for installation in a server rack. It includes 24 AXIS Camera Station Pro licenses, a PoE switch with up to 24 channels, and 12 TB storage. It also offers flexible storage options and supports powerful AI applications such as Smart Search 2. The system can easily be expanded using AXIS S30 Recorder Series for additional channels, PoE and storage. It’s preloaded with software and tools to help you set up and maintain your system. For instance, AXIS Recorder Toolbox includes an intuitive setup wizard. Furthermore, it offers high-security features and standards such as FIPS 140-2 Level 2 certified TPM, Secure Boot, Signed firmware, SBOM and much more. The product includes 5-year limited hardware warranty.",5399,USD,Software and licensing,active
01580-004,"AXIS Camera Station S2208 Appliance is an eight channel compact desktop Client/Server including an integrated managed PoE switch validated and tested with Axis products. Preloaded with AXIS Camera Station software with preconfigured AXIS Camera Station settings and all other necessary software e.g. Windows 10 IoT. Includes 4 TB storage, Core licenses for 8 devices, 5-year limited hardware warranty on the appliance and hard drive. Supports up to 4k ultra HD.",2499,USD,Software and licensing,active
01581-004,"AXIS Camera Station S2212 Appliance is a twelve channel compact desktop Client/Server including an integrated managed PoE switch validated and tested with Axis products. Preloaded with AXIS Camera Station software with preconfigured AXIS Camera Station settings and all other necessary software e.g. Windows 10 IoT. Includes 6 TB storage, Core licenses for 12 devices, 5-year limited hardware warranty on the appliance and hard drive. Supports up to 4k ultra HD.",3199,USD,Software and licensing,active
01582-004,"AXIS Camera Station S2216 Appliance is a sixteen channel Client/Server for rack-mounting including an integrated managed PoE switch validated and tested with Axis products. Preloaded with AXIS Camera Station software with preconfigured AXIS Camera Station settings and all other necessary software e.g. Windows 10 IoT. Includes 8 TB storage, Core licenses for 16 devices, 5-year limited hardware warranty on the appliance and hard drives. Supports up to 4k ultra HD.",4099,USD,Software and licensing,active
01583-004,"AXIS Camera Station S2224 Appliance is a twenty four channel Client/Server for rack-mounting including an integrated managed PoE switch validated and tested with Axis products. Preloaded with AXIS Camera Station software with preconfigured AXIS Camera Station settings and all other necessary software e.g. Windows 10 IoT. Includes 12 TB storage, Core licenses for 24 devices, 5-year limited hardware warranty on the appliance and hard drives. Supports up to 4k ultra HD.",4799,USD,Software and licensing,active
02694-004,"AXIS Camera Station S1216 Tower is an out-of-the-box ready workstation tested and validated with Axis products for reliable surveillance up to 4K video streams. Preconfigured and preloaded with AXIS Camera Station video management software including licenses for 16 channels plus all necessary system software. Includes 5-year limited hardware warranty, on-site hardware replacement service and keep your hard drive.",3799,USD,Software and licensing,active
02895-001,"AXIS Camera Station S1216 Rack 8 TB is an out-of-the-box ready recording server validated for reliable ultra high-definition recording. For quick and easy installation, AXIS S1216 Rack 8 TB is preconfigured and preloaded with AXIS Camera Station video management software including licenses for 16 devices plus all necessary software. The AXIS Recorder Toolbox and its installation wizard will ensure every customer installation is quick and trouble-free. The system configuration can easily be imported from AXIS Site Designer, and AXIS Camera Station lets users take full advantage of Axis wide range of video surveillance devices. With an enterprise-grade hard drive, operating system stored on solid-state drive (SSD) and built-in operating system recovery, AXIS S1216 Rack 8 TB provides high-performance and reliability for your system. Furthermore, the FIPS 140-2 compliant TPM guarantees a high security level by encryption of the data at rest. Includes 5-year limited hardware warranty, on-site hardware replacement and keep your hard drive services.",4299,USD,Software and licensing,active
02537-001,"AXIS Camera Station S1232 Rack 16 TB is an out-of-the-box ready recording server validated for reliable ultra high-definition recording. For quick and easy installation, AXIS S1232 Rack 16 TB is preconfigured and preloaded with AXIS Camera Station video management software including licenses for 32 devices plus all necessary software. The AXIS Recorder Toolbox and its installation wizard will ensure every customer installation is quick and trouble-free. The system configuration can easily be imported from AXIS Site Designer, and AXIS Camera Station lets users take full advantage of Axis wide range of video surveillance devices. With redundant enterprise-grade hard drives and power supplies, operating system stored on solid-state drive (SSD) and built-in operating system recovery, AXIS S1232 Rack 16 TB provides high-performance and reliability for your system. Furthermore, the FIPS 140-2 compliant TPM guarantees a high security level by encryption of the data at rest. Includes 5-year limited hardware warranty, on-site hardware replacement and keep your hard drive services.",7299,USD,Software and licensing,active
02538-001,"AXIS Camera Station S1232 Rack 32 TB is an out-of-the-box ready recording server validated for reliable ultra high-definition recording. For quick and easy installation, AXIS S1232 Rack 32 TB is preconfigured and preloaded with AXIS Camera Station video management software including licenses for 32 devices plus all necessary software. The AXIS Recorder Toolbox and its installation wizard will ensure every customer installation is quick and trouble-free. The system configuration can easily be imported from AXIS Site Designer, and AXIS Camera Station lets users take full advantage of Axis wide range of video surveillance devices. With redundant enterprise-grade hard drives and power supplies, operating system stored on solid-state drive (SSD) and built-in operating system recovery, AXIS S1232 Rack 32 TB provides high-performance and reliability for your system. Furthermore, the FIPS 140-2 compliant TPM guarantees a high security level by encryption of the data at rest. Includes 5-year limited hardware warranty, on-site hardware replacement and keep your hard drive services.",8599,USD,Software and licensing,active
02536-004,"AXIS Camera Station S1232 Tower 32 TB is an out-of-the-box ready recording server and client validated for reliable ultra high-definition recording. For quick and easy installation, AXIS S1232 Tower 32 TB is preconfigured and preloaded with AXIS Camera Station video management software including licenses for 32 devices plus all necessary software. The AXIS Recorder Toolbox and its installation wizard will ensure every customer installation is quick and trouble-free. The system configuration can easily be imported from AXIS Site Designer, and AXIS Camera Station lets users take full advantage of Axis wide range of video surveillance devices. With redundant enterprise-grade hard drives and power supplies, operating system stored on solid-state drive (SSD) and built-in operating system recovery, AXIS S1232 Tower 32 TB provides high-performance and reliability for your system. Furthermore, the FIPS 140-2 compliant TPM guarantees a high security level by encryption of the data at rest. Includes 5-year limited hardware warranty, on-site hardware replacement and keep your hard drive services.",8899,USD,Software and licensing,active
02539-001,"AXIS Camera Station S1264 Rack 24 TB is an out-of-the-box ready recording server validated for reliable ultra high-definition recording. For quick and easy installation, AXIS S1264 Rack 24 TB is preconfigured and preloaded with AXIS Camera Station video management software including licenses for 64 devices plus all necessary software. The AXIS Recorder Toolbox and its installation wizard will ensure every customer installation is quick and trouble-free. The system configuration can easily be imported from AXIS Site Designer, and AXIS Camera Station lets users take full advantage of Axis wide range of video surveillance devices. With redundant enterprise-grade hard drives and power supplies, operating system stored on solid-state drive (SSD) and built-in operating system recovery, AXIS S1264 Rack 24 TB provides high-performance and reliability for your system. Furthermore, the FIPS 140-2 compliant TPM guarantees a high security level by encryption of the data at rest. Includes 5-year limited hardware warranty, on-site hardware replacement and keep your hard drive services.",11799,USD,Software and licensing,active
02540-001,"AXIS Camera Station S1264 Rack 64 TB is an out-of-the-box ready recording server validated for reliable ultra high-definition recording. For quick and easy installation, AXIS S1264 Rack 64 TB is preconfigured and preloaded with AXIS Camera Station video management software including licenses for 64 devices plus all necessary software. The AXIS Recorder Toolbox and its installation wizard will ensure every customer installation is quick and trouble-free. The system configuration can easily be imported from AXIS Site Designer, and AXIS Camera Station lets users take full advantage of Axis wide range of video surveillance devices. With redundant enterprise-grade hard drives and power supplies, operating system stored on solid-state drive (SSD) and built-in operating system recovery, AXIS S1264 Rack 64 TB provides high-performance and reliability for your system. Furthermore, the FIPS 140-2 compliant TPM guarantees a high security level by encryption of the data at rest. Includes 5-year limited hardware warranty, on-site hardware replacement and keep your hard drive services.",14999,USD,Software and licensing,active
02541-001,"AXIS Camera Station S1264 Rack 144 TB is an out-of-the-box ready recording server validated for reliable ultra high-definition recording. For quick and easy installation, AXIS S1264 Rack 144 TB is preconfigured and preloaded with AXIS Camera Station video management software including licenses for 64 devices plus all necessary software. The AXIS Recorder Toolbox and its installation wizard will ensure every customer installation is quick and trouble-free. The system configuration can easily be imported from AXIS Site Designer, and AXIS Camera Station lets users take full advantage of Axis wide range of video surveillance devices. With redundant enterprise-grade hard drives and power supplies, operating system stored on solid-state drive (SSD) and built-in operating system recovery, AXIS S1264 Rack 144 TB provides high-performance and reliability for your system. Furthermore, the FIPS 140-2 compliant TPM guarantees a high security level by encryption of the data at rest. Includes 5-year limited hardware warranty, on-site hardware replacement and keep your hard drive services.",20999,USD,Software and licensing,active
02542-001,"AXIS Camera Station S1296 Rack 96 TB is an out-of-the-box ready recording server validated for reliable ultra high-definition recording. For quick and easy installation, AXIS S1296 Rack 96 TB is preconfigured and preloaded with AXIS Camera Station video management software including licenses for 96 devices plus all necessary software. The AXIS Recorder Toolbox and its installation wizard will ensure every customer installation is quick and trouble-free. The system configuration can easily be imported from AXIS Site Designer, and AXIS Camera Station lets users take full advantage of Axis wide range of video surveillance devices. With redundant enterprise-grade hard drives and power supplies, operating system stored on solid-state drive (SSD) and built-in operating system recovery, AXIS S1296 Rack 96 TB provides high-performance and reliability for your system. Furthermore, the FIPS 140-2 compliant TPM guarantees a high security level by encryption of the data at rest. Includes 5-year limited hardware warranty, on-site hardware replacement and keep your hard drive services.",21599,USD,Software and licensing,active
02543-001,"AXIS Camera Station S1296 Rack 192 TB is an out-of-the-box ready recording server validated for reliable ultra high-definition recording. For quick and easy installation, AXIS S1296 Rack 192 TB is preconfigured and preloaded with AXIS Camera Station video management software including licenses for 96 devices plus all necessary software. The AXIS Recorder Toolbox and its installation wizard will ensure every customer installation is quick and trouble-free. The system configuration can easily be imported from AXIS Site Designer, and AXIS Camera Station lets users take full advantage of Axis wide range of video surveillance devices. With redundant enterprise-grade hard drives and power supplies, operating system stored on solid-state drive (SSD) and built-in operating system recovery, AXIS S1296 Rack 192 TB provides high-performance and reliability for your system. Furthermore, the FIPS 140-2 compliant TPM guarantees a high security level by encryption of the data at rest. Includes 5-year limited hardware warranty, on-site hardware replacement and keep your hard drive services.",28899,USD,Software and licensing,active
02693-004,AXIS Camera Station S9301 Workstation is a complement to Axis recorders to enable quick set-up of a workstation meeting the demands for a reliable surveillance. The workstation is preloaded with an AXIS Camera Station client and preconfigured to minimize installation time. AXIS S9301 has validated hardware and software components for optimal surveillance experience and includes 5-year limited hardware warranty.,1689,USD,Recordings,active
02692-004,AXIS Camera Station S9302 Workstation is a complement to Axis recorders to enable quick set-up of a workstation meeting the demands for a reliable Ultra HD surveillance. The workstation is preloaded with an AXIS Camera Station client and preconfigured to minimize installation time. AXIS S9302 has validated hardware and software components for optimal surveillance experience and includes 5-year limited hardware warranty.,2859,USD,Recordings,active
01985-004,AXIS Camera Station S9101 Mk II Desktop Terminal is a complement to Axis recorders to enable quick set-up of a surveillance workstation. The terminal is preloaded with an AXIS Camera Station client and preconfigured to minimize installation time. AXIS S9101 Mk II has validated hardware and software components for optimal surveillance experience and includes 5-year limited hardware warranty.,1399,USD,Recordings,active
03237-001,"AXIS Camera Station S1224 Rack Recording Server features powerful components, offering high performance and support for powerful applications and features. This secure, scalable recording server includes AXIS Camera Station Pro licenses and an empty hard drive bay. It uses a Trusted Platform Module (FIPS 140-2 level 2 certified) to encrypt both the operating system drive and stored
video, comes preloaded with pre-configured software and 12 TB of storage. Plus, all supported products are available in
one price list for a one-stop-shop experience. Furthermore, it offers services such as Keep Your Hard Drive, Next Business
Day Onsite Support, and a 5-year warranty.",5799,USD,Software and licensing,active
03334-001,"AXIS Camera Station S1228 AI Optimized Server is ideal for busy and complex scenes. This state-of-the-art recording server is optimized for AI-based analytics applications and offers accelerated search capabilities using free text search within Smart search. AXIS S1228 Rack AI can handle up-to 10 times more moving objects per minute compared with standard products, thanks to a top-class GPU and CPU delivering state-of-the-art object classification. This secure device uses a Trusted Platform Module (TPM) that is FIPS 140-2 level 2 certified. Produced in a TAA-designated country, it also complies with NDAA FY19 and FY2023 and comes with a Software Bill of Materials (SBOM). Furthermore, this high-performance analytics server comes with 28 AXIS Camera Station Pro licenses, and all necessary software pre-loaded.",10999,USD,Software and licensing,active
02130-001,"Payment for Axis Professional Services. Only valid when applied to a signed Statement of Work (SOW) with an assigned Professional Services ID (PSID). 

Note: Order must contain PSID to be valid.
Axis Professional Services tokens are non-cancellable, non-changeable, and non-returnable.",1000,USD,Cameras,active
02643-001,"Delivered as eLicense key. One license key per order line. Note: eLicenses are non-cancellable, non-changeable and non-returnable.

AXIS Device Manager Extend (ADM Extend) offers a unified, user-friendly interface that helps you proactively manage your customers’ Axis devices and sites from anywhere. Featuring an intuitive dashboard and remote site access, you can manage thousands of Axis devices and it allows you to perform firmware updates and other tasks at scale. Additionally, it’s an invaluable tool for troubleshooting and proactive planning, helping you save time and money. ADM Extend delivers product warranty, end-of-life, and hardening compliance information. For instance, you’ll receive recommendations for firmware upgrades to help mitigate your customers device vulnerabilities.

ADM Extend is based on annual subscription
The renewal date is time-based (12 months)
One license per device  
Activation through a license key redeemed by SI in AXIS License Manager.
Free 90-day trial period

End Customers and Authorized partners = world market price/device and year
MRP (NSI), Gold and Silver Solution Partners = requires no license for full access",9,USD,Software and licensing,active
0333-608,"Single unit e-license for AXIS Perimeter Defender, a scalable and flexible video analytics application for perimeter surveillance and protection. Visit www.axis.com for supported products and application download. Delivered as eLicense key. One license key per unit. Note: eLicenses are non-cancellable, non-changeable and non-returnable.",319,USD,Software and licensing,active
0333-609,"Ten (10) unit e-license for AXIS Perimeter Defender, a scalable and flexible video analytics application for perimeter surveillance and protection. Visit www.axis.com for supported products and application download. Delivered as eLicense key. One license key per unit. Note: eLicenses are non-cancellable, non-changeable and non-returnable.",3169,USD,Software and licensing,active
0160-050,A license document that grants installation of AXIS AVC/H.264 decoder onto 50 separate computers.  Applicable for all AXIS products that supports H.264 but does not have support for audio.,49,USD,Software and licensing,active
0160-060,A license document that grants installation of AXIS AVC/H.264 and ACC decoder onto 50 separate computers.  Applicable for all AXIS products that supports H.264 that also have support for audio.,59,USD,Software and licensing,active
01147-011,"AXIS People Counter is a cost-efficient and scalable video analytics application for people counting. This business-improving application, installed on a network camera, enables accurate monitoring and analysis of customer flows. It is ideal for e.g. quick evaluation of marketing efforts, improving staff and store planning, or evaluating conversion rate if combined with point-of-sale data. In addition to people counting, this version can also estimate occupancy levels and detect and notify if more than one person enters within a set time interval or if people move in the wrong direction.

Delivered as eLicense key. One license key per unit. Note: eLicenses are non-cancellable, non-changeable and non-returnable.",259,USD,Software and licensing,active
01574-001,"Please check the supported countries (https://www.axis.com/products/axis-license-plate-verifier/where-to-buy) before ordering. 

Single unit e-license for AXIS License Plate Verifier. AXIS License Plate Verifier is an AXIS Camera Application Platform software that can be used in selected Axis cameras. It supports license plate recognition for slow-speed traffic and vehicle access control. This edge-based analytics allows for smart license plate reading at speeds of up to 70 km/h (45 mph). Visit www.axis.com for supported products and application download.

Delivered as eLicense key. One license key per unit. Note: eLicenses are non-cancellable, non-changeable and non-returnable.",569,USD,Software and licensing,active
02473-001,"AXIS Store Reporter is a web-based tool that is used for graphical representation and reporting of statistical data gathered from Axis retail analytics applications. 
It is sold on a per channel basis as e-license. A license is valid for 12 months. After this period the license will have to be renewed. AXIS Store Reporter is based on Axis annual subscription. Delivered as eLicense key. One license key per order line. Note: eLicenses are non-cancellable, non-changeable and non-returnable.",149,USD,Software and licensing,active
9552B003,"ONLY REQUIRED FOR CANON NETWORK CAMERAS (excluding VB-H47W, VB-H47B, VB-M46W, VB-M46B & VB-S32D). License to view the video encoded to H.264. Each network camera contains one license for the 1st PC, additional user license is required for the 2nd PC onwards.",5,USD,Software and licensing,active
9552B004,"ONLY REQUIRED FOR CANON NETWORK CAMERAS VB-H47W, VB-H47B, VB-M46W, VB-M46B & VB-S32D. License to view the video encoded to H.264/H.265. Each network camera contains one license for the 1st PC, additional user license is required for the 2nd PC onwards.",5,USD,Software and licensing,active
0879-010,"One (1) AXIS Camera Station version 5.0 and up, Core Device license. Applicable for AXIS devices.

AXIS Camera Station is a monitoring and recording system mid-size installations optimized to take full advantage of Axis leading network cameras and video encoders. It combines easy setup with an intuitive user interface for efficient operation, quick investigation and high definition identification.

Delivered as eLicense key, One license key per order. Note: eLicenses are non-cancellable, non-changeable and non-returnable.",89,USD,Software and licensing,active
0879-020,"One (1) Universal Device license applicable for AXIS Camera Station version 5.0 and up. 

AXIS Camera Station is a monitoring and recording system mid-size installations optimized to take full advantage of Axis leading network cameras and video encoders. It combines easy setup with an intuitive user interface for efficient operation, quick investigation and high definition identification.

Delivered as eLicense key, One license key per order. Note: eLicenses are non-cancellable, non-changeable and non-returnable.",169,USD,Software and licensing,active
0879-040,"One (1) upgrade license applicable for existing licenses of AXIS Camera Station, version 1,2,3, 4. Each existing license in combination with this upgrade license enables upgrade to a AXIS Camera Station version 5 Universal Device license. 

Delivered as eLicense key, One license key per order line. Note: eLicenses are non-cancellable, non-changeable and non-returnable.",89,USD,Software and licensing,active
0879-030,"This license is primarily used for replacing AXIS devices with ONVIF devices.  One (1) Upgrade license and one AXIS Camera Station version 5 Core Device license upgrades to one (1) Universal Device license.

Delivered as eLicense key, One license key per order. Note: eLicenses are non-cancellable, non-changeable and non-returnable.",89,USD,Software and licensing,active
02990-001,"AXIS Camera Station Pro v6 Core Device subscription license. Applicable for One(1) Axis device during One(1) year. 

AXIS Camera Station Pro is a monitoring and recording system optimized to take full advantage of Axis leading network cameras, video encoders, access control and other devices. It combines easy setup with an intuitive user interface for efficient operation and quick investigation. 

This license is NOT intended for use with AXIS S12, S11, S21 or S22 Series NVRs which have licenses included. To add more licenses to an AXIS S-Series NVR, please see NVR licenses.

Delivered as eLicense key. One license key per order line. Note: eLicenses are non-cancellable, non-changeable and non-returnable.",29,USD,Software and licensing,active
02991-001,"AXIS Camera Station Pro v6 Core Device subscription license. Applicable for One(1) Axis device during Five(5) years.

AXIS Camera Station Pro is a monitoring and recording system optimized to take full advantage of Axis leading network cameras, video encoders, access control and other devices. It combines easy setup with an intuitive user interface for efficient operation and quick investigation.

This license is NOT intended for use with AXIS S12, S11, S21 or S22 Series NVRs which have licenses included. To add more licenses to an AXIS S-Series NVR, please see NVR licenses.

Delivered as eLicense key. One license key per order line. Note: eLicenses are non-cancellable, non-changeable and non-returnable.",89,USD,Software and licensing,active
02992-001,"AXIS Camera Station Pro v6 Universal Device subscription license. Applicable for One(1) device of any supported type during One(1) year. 

AXIS Camera Station Pro is a monitoring and recording system optimized to take full advantage of Axis leading network cameras, video encoders, access control and other devices. It combines easy setup with an intuitive user interface for efficient operation and quick investigation.

This license is NOT intended for use with AXIS S12, S11, S21 or S22 Series NVRs which have licenses included. To add more licenses to an AXIS S-Series NVR, please see NVR licenses.

Delivered as eLicense key. One license key per order line. Note: eLicenses are non-cancellable, non-changeable and non-returnable.",49,USD,Software and licensing,active
02993-001,"AXIS Camera Station Pro v6 Universal Device subscription license. Applicable for One(1) device of any supported type during Five(5) years. 

AXIS Camera Station Pro is a monitoring and recording system optimized to take full advantage of Axis leading network cameras, video encoders, access control and other devices. It combines easy setup with an intuitive user interface for efficient operation and quick investigation.

This license is NOT intended for use with AXIS S12, S11, S21 or S22 Series NVRs which have licenses included. To add more licenses to an AXIS S-Series NVR, please see NVR licenses.

Delivered as eLicense key. One license key per order line. Note: eLicenses are non-cancellable, non-changeable and non-returnable.",169,USD,Software and licensing,active
02994-001,"AXIS Camera Station Pro v6 Core Device NVR tied to hardware, lifetime expansion license. To be used in combination with AXIS S12, S11, S21 or S22 Series recorders as expansion licenses when more licenses than the preloaded are needed. Applicable for One(1) Axis device. The license will be tied to the NVR hardware for the lifetime of the NVR hardware.

Delivered as eLicense key. One license key per order line. Note: eLicenses are non-cancellable, non-changeable and non-returnable.",89,USD,Software and licensing,active
02995-001,"AXIS Camera Station Pro v6 Universal Device NVR tied to hardware, lifetime expansion license. To be used in combination with AXIS S11, S12, S21 or S22 Series recorders as expansion licenses when more licenses than the preloaded are needed. Applicable for One(1) device of any supported type. The license will be tied to the NVR hardware for the lifetime of the NVR hardware.

Delivered as eLicense key. One license key per order line. Note: eLicenses are non-cancellable, non-changeable and non-returnable.",169,USD,Software and licensing,active
02996-001,"ACS PRO Core to Universal NVR Lic. This license is used for converting an existing ACS PRO CORE DEVICE NVR Lic into an ACS PRO UNIVERSAL DEVICE NVR Lic. The resulting license is tied to the same hardware for the lifetime of the NVR hardware.

Delivered as eLicense key. One license key per order line. Note: eLicenses are non-cancellable, non-changeable and non-returnable.",89,USD,Software and licensing,active
03148-001,"AXIS Camera Station Cloud Storage subscription license. Applicable for One(1) video sensor of any supported type during One(1) year.
This license provides 30 days retention time in 720p resolution. Multiple licenses can be combined to achieve longer retention time and/or higher resolution.

AXIS Camera Station Cloud Storage complements your AXIS Camera Station Edge and Pro installations offering secure video storage in the cloud, so your recordings are always available when you need them.

Delivered as eLicense key. One license key per order line. Note: eLicenses are non-cancellable, non-changeable and non-returnable.",99,USD,Software and licensing,active
02574-001,"AXIS TM3813 Dome Clear 4-Pack, are standard clear domes with anti-scratch hard coating. Compatible with AXIS M4317/M4318-PLVE. 4-pack.",73,USD,Cameras,active
5800-731,"Original white top cover with clear dome for AXIS M3006, 5pcs.",289,USD,Cameras,active
5800-741,"Original white top cover with clear dome for AXIS M3007, 5pcs.",289,USD,Cameras,active
5800-711,"Standard clear domes for AXIS M3024, 5 pcs",289,USD,Cameras,active
5801-841,"Standard clear dome for AXIS M3044-V/45-V/46-V, 5 pcs",119,USD,Cameras,active
03068-001,Special dome with smaller outer diameter for customer project.,149,USD,Cameras,active
01567-001,Standard clear dome with anti-scratch hard coating. Rubber gaskets included. Compatible with AXISM3057/58-PLVE. 4-piece bulk pack.,73,USD,Cameras,active
01153-001,Original white casing for AXIS M3047/48-P. 5 pcs.,94,USD,Cameras,active
01950-001,Spare part white casing.  Cover top replacement part for M3067/68.,73,USD,Cameras,active
01923-001,Clear dome with anti-scratch hard coating. Compatible with AXIS M42 series. 4x domes per pack.,94,USD,Cameras,active
01239-001,Spare part AXIS M50 dome casing cover in white. Included in AXIS M5054/55/65 cameras.,63,USD,Cameras,active
5800-111,"Spare part AXIS M501X dome, pre-mounted in the white top casing. Opening tool and gasket are included.",41,USD,Recorder accessories,active
01606-001,Spare part clear dome in polycarbonate. IK09 vandal resistant. Compatible with AXIS M5525-E. Single pack.,52,USD,Cameras,active
5700-911,"Dome kit for AXIS P3346-V, P3367-V and AXIS P3384-V as spare part. Includes a clear bubble, mounted on a zinc alloy  dome cover and a separate smoked bubble.",94,USD,Recorder accessories,active
5700-921,"Dome Kit for AXIS P3346-VE, P3367-VE, AXIS P3384-VE as spare part. Includes a clear bubble, mounted on an aluminium dome cover and a separate smoked bubble.",94,USD,Recorder accessories,active
01548-001,Semi-smoked dome with anti-scratch hard coating for indoor and outdoor AXIS P337X-LV/-LVE cameras. 4x domes per pack.,139,USD,Cameras,active
01549-001,Clear dome with anti-scratch hard coating for indoor and outdoor AXIS P337X-V/-VE cameras. 4x domes per pack.,139,USD,Cameras,active
5800-771,Clear dome for AXIS P54-series.,63,USD,Cameras,active
5800-281,"Dome kit for AXIS P5512-E, 5514-E, 5515-E. Clear-/smoked dome and dome cover included.",63,USD,Cameras,active
02010-001,4 pack white dome cover for AXIS P3925-R. Replaces the standard white dome cover.,229,USD,Cameras,active
01814-001,Standard clear dome with anti-scratch hard coating. Compatible with selected AXIS Q61-LE cameras. Weather-resistant and chemical-resistant. Rubber gasket included. Single pack.,105,USD,Cameras,active
01771-001,Hard coated clear dome spare part for Q6100-E.,94,USD,Cameras,active
02398-001,"Standard clear dome with anti-scratch hard coating. Compatible with AXIS Q60-E cameras. Weather-resistant and chemical-resistant. Rubber gasket, ring compass, ring support included. Single pack.",179,USD,Cameras,active
02400-001,"Standard clear dome with anti-scratch hard coating. Compatible with AXIS Q6074, 75, 78-E cameras. Weather-resistant and chemical-resistant. Replacement dome only.",73,USD,Cameras,active
02424-001,Spare part aspheric clear dome for AXIS M4308-PLE.  Includes gasket.,41,USD,Cameras,active
02050-001,TQ9801 CLEAR DOME spare part for Q9216-SLV.,94,USD,Cameras,active
02280-001,Clear dome for AXIS P56 Series cameras.  Hard-coated clear dome for harsh environments. It’s weather-resistant and chemical-resistant.,63,USD,Cameras,active
5505-611,"Standard clear domes for AXIS Q35-V Series, 5 pcs",199,USD,Cameras,active
01180-001,Standard clear dome with anti-scratch hard coating. Compatible with AXIS Q3517-LV/-LVE. 5x domes per pack.,229,USD,Cameras,active
5505-631,Standard clear dome for AXIS Q3505-VE. 5pcs,229,USD,Cameras,active
5801-511,Standard clear  dome with anti-scratch hard coating. Compatible with AXIS P38 and Q36 Series.,63,USD,Cameras,active
5507-311,Standard clear dome with anti-scratch hard coating. Compatible with AXIS Q3708-PVE and Q3709-PVE. Single pack.,52,USD,Cameras,active
5506-641,Clear dome for AXIS Q6000-E,94,USD,Cameras,active
5700-811,HD optimized dome kit for AXIS Q603X as spare part. Includes a clear bubble mounted on dome ring and a separate smoked bubble.,105,USD,Recorder accessories,active
01584-001,Original clear dome in polycarbonate with anti-scratch hard coating. IK10+ vandal-resistant and high chemical resistance. Compatible with AXIS Q3517-SLVE. 2x domes per pack.,105,USD,Cameras,active
5700-751,"Original clear dome in a special nylon blend with superior stress and chemical resistance. Compatible with AXIS Q604x-S and Q6055-S, Q6075-S, Q6075-SE cameras. Single-pack.",84,USD,Cameras,active
5801-471,AXIS A8105-E Clear Dome is sold as spare parts to the AXIS A8105-E Network Video Door Station and comes in packs of five clear dome covers. It enables easy on-site replacement in case the original dome cover has been damaged or vandalized.,37,USD,Cameras,active
01764-001,AXIS TA8801 Clear Dome Cover is sold as spare parts to the AXIS A8207-VE Network Video Door Station and comes in packs of five clear dome covers. It enables easy on-site replacement in case the original dome cover has been damaged or vandalized.,41,USD,Cameras,active
01799-001,Original white casing for selected AXIS P32 indoor cameras. 4pcs bulk pack.,94,USD,Cameras,active
01800-001,Original white casing for selected AXIS M32 and P32 outdoor cameras. Pre-assembled with anti-loss screws. 4pcs bulk pack.,119,USD,Cameras,active
01625-001,Standard clear dome with anti-scratch hard coating. Compatible with selected AXIS P32 indoor cameras. 4pcs bulk pack.,119,USD,Cameras,active
01629-001,Standard clear dome with anti-scratch hard coating. Compatible with selected AXIS M32 and P32 outdoor cameras. 4pcs bulk pack.,139,USD,Cameras,active
02197-001,This is a spare part clear dome for AXIS P3715-PLVE.,41,USD,Cameras,active
02011-001,4 pack white dome cover for AXIS P3935-LR. Replaces the standard white dome cover.,229,USD,Cameras,active
02490-001,"Outdoor spare part weathershield for AXIS P3265-LVE, P3267-LVE, P3268-LVE. The underside of the cover is specially coated with matte black anti-reflective coating to prevent reflections from external light sources. Anti-loss screws included. Bulk 2 pack.",84,USD,Cameras,active
02491-001,"Original spare part white casing for AXIS P3265-LV, P3265-V indoor cameras. 4pcs bulk pack.",94,USD,Cameras,active
02495-001,Original spare part white casing for AXIS P3265-LVE 9 mm outdoor camera. Pre-assembled with anti-loss screws. 4pcs bulk pack.,119,USD,Cameras,active
02497-001,"Original white spare part casing for AXIS P3265-LVE 22 mm, P3267-LV, P3267-LVE, P3268-LV, P3268-LVE 
outdoor cameras. 4pcs bulk pack.",119,USD,Cameras,active
02549-001,"Spare part clear dome with anti-scratch hard coating. Compatible with AXIS P3265-LVE 22 mm, P3267-LV, P3267-LVE, P3268-LV, P3268-LVE.  4pcs bulk pack.",119,USD,Cameras,active
02210-001,"Complete spare part top casing for AXIS P3925-LRE including aluminum top casing with tempered glass window with antireflective coating, heater, connector board,  screws and re-painting window mask.",339,USD,Cameras,active
02551-001,"Spare part mounting bracket for AXIS P3267-LV, P3268-LV.  Suitable for mounting cameras over junction boxes (4"" octagon, single-gang, or double-gang), and other Axis mounting accessories. 4-piece bulk pack.",63,USD,Recorder accessories,active
02552-001,"Spare part mounting bracket for AXIS P3265-LVE 22 mm, P3267-LVE, P3268-LVE.  Suitable for mounting cameras over junction boxes (4"" octagon, single-gang, or double-gang), and other Axis mounting accessories. 4-piece bulk pack.",119,USD,Recorder accessories,active
02392-001,"Clear dome spare part for AXIS P3717-PLE, AXIS P3719-PLE, AXIS P3727-PLE. The dome and the casing are included.",94,USD,Cameras,active
02273-001,Cover weathershield for P3818-PVE. Includes anti loss screws.,31,USD,Cameras,active
02275-001,Cover top replacement for Q3819-PVE including anti loss screws and holder magnet.,52,USD,Cameras,active
02515-001,"Spare part mounting bracket in 5p for AXIS Q3536-LVE, AXIS Q3538-LVE.",149,USD,Recorder accessories,active
02513-001,"Spare part clear dome for AXIS Q3536-LVE, AXIS Q3538-LVE in a 5p (anti-scratch hard coating).",169,USD,Cameras,active
02514-001,"Spare part weathershield in a 5p for AXIS Q3536-LVE, AXIS Q3538-LVE.  Anti loss screws and gasket included.",149,USD,Cameras,active
02429-001,"Spare part white dome cover for AXIS M5000 & AXIS M5000-G.  Includes dome and cover, 4 SCREW TX+ 8 DOME FLANGE, and 2 spring clips.",73,USD,Cameras,active
02579-001,"4 pack spare part white casing replacing original out of the box.  Compatible with M3085-V, M3086-V, M3088-V.",73,USD,Cameras,active
02619-001,"Standard clear dome spare part replacing original out of the box with anti-scratch hard coating. Compatible with: AXIS M3215-LVE, AXIS M3216-LVE. 4pcs bulk pack.",139,USD,Cameras,active
02479-001,"AXIS TP3819-E Dome Clear, is spare part clear dome for AXIS P4705-PLVE and P4707-PLVE.",31,USD,Cameras,active
02585-001,"AXIS TP3825-E Weathershield White, is a spare part (white) weathershield  for AXIS P4705-PLVE and P4707-PLVE.",31,USD,Cameras,active
02805-001,Spare part standard clear dome with anti-scratch hard coating. Compatible with Q3626/8-VE.,41,USD,Cameras,active
02730-001,Spare part original white casings for AXIS M42 series. Easy to repaint. 4-piece bulk pack.,63,USD,Cameras,active
02821-001,Spare cover top casing white for AXIS M4327-P and AXIS M4328-P. Comes in 4 Pack.,73,USD,Cameras,active
02563-001,AXIS TI8903 Clear Dome is sold as spare parts to the AXIS I8116-E Network Video Intercom and comes in packs of five clear dome covers. It enables easy on-site replacement in case the original dome cover has been damaged or vandalized.,73,USD,Cameras,active
02831-001,Clear dome spare for AXIS P5676-LE. Hard-coated clear dome for harsh environments. It’s weather-resistant and chemical-resistant.,63,USD,Cameras,active
02874-001,"Spare part clear dome for: AXIS P3735-PLE, AXIS P3737-PLE, AXIS P3738-PLE. The dome and cover are included.",105,USD,Cameras,active
02937-001,4 pack spare part white casing replacing original out of the box. Compatible with AXIS M3086-V Mic.,105,USD,Cameras,active
03009-001,"Spare part clear dome in polycarbonate. IK09 vandal resistant. Compatible with AXIS M5525-E, 
AXIS 5526-E.  Single pack.  4 anti-loss TX20 screws in pack.",52,USD,Cameras,active
02975-001,Spare part dome for Q9307-LV.,73,USD,Cameras,active
02974-001,Spare part casing for Q9307-LV.,73,USD,Cameras,active
03013-001,Original white spare part casing for AXIS P3267-LVE Mic. 4pcs bulk pack.,73,USD,Cameras,active
03014-001,Spare part clear dome with anti-scratch hard coating. Compatible with AXIS P3267-LVE Mic.  4pcs bulk pack.,105,USD,Cameras,active
03198-001,Spare part 4P Black casing for M312x-LVE series.,73,USD,Cameras,active
03199-001,Spare part 4P white casing for M312x-LVE series.,73,USD,Cameras,active
02404-001,"Spare part dome for : AXIS M5054, AXIS M5055, AXIS M5065, AXIS M5074, AXIS M5075, AXIS M5075-G.",52,USD,Cameras,active
03235-001,"Spare part clear dome for: AXIS P3747-PLVE, AXIS P3748-PLVE.  The dome and cover are included.",139,USD,Cameras,active
02276-001,"Cover top replacement for AXIS P3818-PVE, AXIS P3827-PVE including anti loss screws and holder magnet.",52,USD,Cameras,active
03277-001,Lens M12 2.8 mm F2.2 4 pcs is a bulk pack of 4 optional lenses for F2105-RE Standard sensor unit. This lens offers a 120° Horizontal Field of View.,159,USD,Cameras,active
5500-491,Allen-key for AXIS 209FD-R 10-pack,52,USD,Cameras,active
01439-001,"Original stainless steel mounting bracket for AXIS D2050-VE. Includes two pipe adapters, anti-loss screws, two gray cable gaskets, three black cable gaskets, and an M20 cable gland.",73,USD,Recorder accessories,active
5505-161,Spare part indoor recessed mount for mounting AXIS Q60 indoor cameras in drop ceilings.,105,USD,Recorder accessories,active
01198-001,Mounting bracket that allows AXIS FA1125 Sensor Unit to be mounted behind a thin metal/plastic/glass panel. 5 pcs.,31,USD,Recorder accessories,active
5800-121,Original ceiling mount kit for both hard- and drop ceilings for the AXIS M501X.,16,USD,Recorder accessories,active
5800-351,Original stainless steel mounting bracket for AXIS T98A-VE Surveillance Cabinet series.,73,USD,Recorder accessories,active
01472-001,"1 pair marine-grade (SS316L) stainless steel straps with TX30 screw interface for ease-of-installation. Length 570mm (22.5""). Width 14.3mm (0.57""). Thickness 0.68mm (0.03""). Compatible with a wide range of Axis pole mounts. Pole diameter range 50-150mm (2""-6"") when used with AXIS T91B47 Pole Mount.",41,USD,Recorder accessories,active
01471-001,"1 pair marine-grade (SS316L) stainless steel straps with TX30 screw interface for ease-of-installation. Length 1450mm (57""). Width 14.3mm (0.57""). Thickness 0.68mm (0.03""). Compatible with a wide range of Axis pole mounts. Pole diameter range 100-410mm (4""-16"") when used with AXIS T91B47 Pole Mount.",52,USD,Recorder accessories,active
5800-811,Original stainless steel straps for AXIS T91A47 110-400 mm. The straps also fit the AXIS T91A67. Mounting tool (P/N 21776) is required.,34,USD,Recorder accessories,active
5901-281,"Spare part mounting brackets for AXIS M20 Series, 5-pack. Includes 5x mounting brackets with 5x Gasket C M20.",63,USD,Recorder accessories,active
5505-171,"Standard mount bracket for AXIS M3006-V, AXIS M3007-P/-PV, AXIS M3024-LVE/3025-VE/3026-VE",31,USD,Recorder accessories,active
5506-081,"Sparepart mounting bracket for AXIS Q1765-LE, Q1931-E, Q1932-E",41,USD,Recorder accessories,active
5505-561,Sparepart mounting bracket for AXIS Q3505-VE. 4 pcs,159,USD,Recorder accessories,active
5506-061,Sparepart mounting bracket for AXIS P32-V Series. 4 pcs,73,USD,Recorder accessories,active
01566-001,"Spare part mounting brackets for AXIS M3057/58-PLVE, single pack. Includes spring clips for ease-of-installation.",41,USD,Recorder accessories,active
5801-911,Standard mounting bracket for AXIS Q36 Series Network Cameras.,52,USD,Recorder accessories,active
01512-001,"4-pack of 3/4"" conduit locknut. Suitable for AXIS T91B53 Telescopic Ceiling Mount.",31,USD,Access,active
5506-671,Standard mounting bracket for AXIS Q3505-SVE made of stainless steel. Including gasket.,189,USD,Recorder accessories,active
01806-001,"Spare part mounting bracket for selected AXIS M32 and P32 cameras. Suitable for mounting cameras over junction boxes (4"" octagon, single-gang, or double-gang), and other Axis mounting accessories. 4-piece bulk pack.",52,USD,Recorder accessories,active
01801-001,"Spare part mounting bracket for selected AXIS P32 outdoor cameras. Suitable for mounting cameras over junction boxes (4"" octagon, single-gang, or double-gang), and other Axis mounting accessories. 4-piece bulk pack.",105,USD,Recorder accessories,active
02274-001,Mount bracket for Q3819-PVE.  Includes conduit lid to cover conduit entry not used.,52,USD,Recorder accessories,active
02588-001,Spare part weather shield for AXIS M2035-LE and M2036-LE.  Includes cover and holder.,84,USD,Cameras,active
02852-001,5 pack spare part wall mount for: AXIS M1055-L and AXIS M1075-L.,20,USD,Recorder accessories,active
02829-001,Spare part standard mounting bracket for AXIS Q3626/8-VE Network Cameras.,52,USD,Recorder accessories,active
01621-001,Standard clear dome with anti-scratch hard coating. Rubber gaskets included. Compatible with AXIS P9106-V. 2-piece bulk pack.,52,USD,Cameras,active
01622-001,Spare part skin cover for AXIS P9106-V. Brushed stainless steel finish. Easy to repaint. Magnetically attached. Suitable for both  AXIS P9106-V White and Brushed Steel models.,73,USD,Cameras,active
01182-001,Shielded RJ12 connectors for use with AXIS modular cameras. 10-pack.,41,USD,Cameras,active
5500-704,Power supply PS-P for AXIS 215 PTZ,41,USD,Power Supply,active
01509-001,Standard power supply for AXIS FA54. IEC-C13 mains cable is not included.,63,USD,Power Supply,active
01508-001,"Standard power supply for AXIS S3008 and AXIS Companion Recorder. IEC-C13 mains cable is not included.
This adapter is not compatible with AXIS S3008 Mk II or AXIS W800.",119,USD,Recordings,active
5800-201,"Mains cable for AXIS One-Port Midspan, AXIS T8123/24, AXIS 291, AXIS Q7900, AXIS Video Server Rack, AXIS PoE Midspan 8-Port/16-Port, Power Supply AXIS T8412.",16,USD,Power Supply,active
5506-451,Set of patch cables for AXIS T8085 PS57 RACK MOUNT 500W 1U to connect AXIS T8646 POE+ OVER COAX BLADE,84,USD,Recorder accessories,active
5800-961,M16 cable gland for cable diameter of 4.5 to 10mm. IP68. 5 pcs.,20,USD,Cameras,active
5500-851,Kit for the AXIS P13XX-series. Content: one terminal connector 4P str 250mm BP LF and one 2P STR 3.81MM BP LF.,10,USD,Cameras,active
5700-161,"Terminal connectors for AXIS Q7404. Includes 8 pcs 2P 2.50MM, 4 pcs 4P 2.50MM and one 2P 3.81MM. In total 13 connectors.",37,USD,Cameras,active
02074-001,AXIS M3115/16-LVE WHITE CASING 4P sold as a spare part and comes in pack of four.  It enables easy on-site replacement in case the original case has been damaged.,94,USD,Cameras,active
5801-921,"Standard lens for AXIS F4005-E, AXIS F1005-E and AXIS P1214-E.",229,USD,Cameras,active
5505-891,Spare part top part of the housing including window.,73,USD,Cameras,active
5700-881,CS mounted Varifocal 2.8-8 mm DC-iris megapixel lens. Original lens for AXIS M1114.,159,USD,Recorder accessories,active
5800-671,Original CS mounted varifocal P-Iris lens 2.8-8mm for AXIS Q1604/14 and AXIS P1355/57,159,USD,Recorder accessories,active
5800-661,Original CS mounted varifocal DC-Iris lens 2.8-8mm for AXIS Q1602/04 and AXIS P1354/55,159,USD,Recorder accessories,active
5506-721,Standard CS mounted varifocal P-Iris lens 2.8-8mm for AXIS Q1615.,159,USD,Recorder accessories,active
5801-491,Standard CS mounted varifocal P-Iris lens 2.8-8.5mm for AXIS P1364.,169,USD,Recorder accessories,active
5700-871,Varifocal 2.9-8.2mm CS mounted SVGA DC-iris lens. Original lens for AXIS M1113,73,USD,Recorder accessories,active
5801-011,Standard lens for AXIS Q1635-E.,259,USD,Cameras,active
5506-731,Standard C mounted varifocal DC-Iris lens 4-13mm for AXIS Q1635.,419,USD,Recorder accessories,active
01469-001,"Varifocal 8-50 MM, 5 MP telephoto IR-corrected lens with P-Iris. Recommended for AXIS P1367 and AXIS P1367-E.",259,USD,Cameras,active
01949-001,"Lens CS-mount 2.8 - 10 mm.  F1.2 P-IRIS 2MP resolution
Computar.  Spare part for AXIS P1375 / -E",159,USD,Recorder accessories,active
02012-001,Standard lens for AXIS P3925-R and AXIS P3935-LR. 10 pack.,209,USD,Cameras,active
02065-001,LENS M12 2.9MM F2.0 for Q6010-E and Q6100-E.,52,USD,Cameras,active
02094-001,Spare varifocal CS lens for AXIS P1378/-LE.,209,USD,Cameras,active
5700-851,"Bracket kit for surface mounting a camera on a hard ceiling. Compatible with Q603X and P553X. Content: Bracket, screws with washers and wave springs.",31,USD,Recorder accessories,active
5500-831,"Connectors for AXIS Q7410 as spare parts. Includes two 2pin STR 2.50MM, one 6pin STR 2.50MM and one 2pin STR 3.81MM. In total 4 connectors.",20,USD,Cameras,active
5700-371,Spare RJ45 connector plug for AXIS Q603X-E & AXIS P55XX-E. IP67 rated.,52,USD,Cameras,active
5700-331,"Shielded outdoor network cable 5 meter. Pre mounted rubber gasket and male RJ45 connectors. For use with AXIS M11-E series, AXIS P13-E series, AXIS Q16-E series, AXIS Q1755-E, AXIS Q19-E series, AXIS P33-VE series and AXIS T92/3-E housings.",11,USD,Recorder accessories,active
5901-391,"Screw kit for installing AXIS P55-E Series with either AXIS T91L61 or AXIS T91G61 Wall Mounts. Single-pack includes 3x bayonet screws, 3x securing screws, 3x springs and an installation guide.",41,USD,Recorder accessories,active
5506-851,Spare part window and window holder for AXIS T96B05 Outdoor Housing and AXIS P3905-RE. 5 Pcs. Includes screws.,189,USD,Cameras,active
5800-501,"Peltier element, inside and outside fan for AXIS Q60XX-C",1139,USD,Cameras,active
5901-191,"Switching power supply, 5W with microUSB connector. Including interchangeable regional power plugs for world wide use.",41,USD,Switches,active
5800-861,Replacement power supply for AXIS Q7920 Video Encoder Chassis,349,USD,Power Supply,active
5506-971,Spare part top part of the AXIS T93G housing including window.,63,USD,Cameras,active
01578-001,"Replacement front window assembly for AXIS T92G Outdoor Housing and AXIS Q16-LE Fixed Box Cameras. Includes front window, adjacent IR windows, mounting screws and sealing gasket.",119,USD,Recorder accessories,active
01579-001,Original outdoor weathershield for AXIS T92G Outdoor Housing and AXIS Q16-LE cameras. The underside of the cover is specially coated with matte black anti-reflective coating to prevent reflections from IR LEDs and other light source. Mounting screws included.,73,USD,Recorder accessories,active
01954-001,Spare Camera Holder for AXIS T92G20 Outdoor Housing and for AXIS Q1645/7-LE Network Cameras. The holder makes it possible to mount AXIS P13 Network Camera Series into AXIS T92G20 Outdoor Housing.,41,USD,Recorder accessories,active
5800-971,"Sunshield compatible with AXIS Q1765-LE, Q1931-E/32-E/41-E and Q2901-E",41,USD,Cameras,active
5700-951,Sunshield for AXIS Q603X-E.,41,USD,Cameras,active
02221-001,"Kit for making a stand-alone AXIS Q6010-E installation without PTZ camera inside. Includes a metal cover lid, IP66-rated RJ45 push-pull connector, and a connector plug. Use this kit together with an AXIS Q6010-E network camera (not included) and the AXIS T8133 Midspan 30 W 1-port (not included).",139,USD,Power Supply,active
01600-001,Protection of front window on AXIS Q62-LE camera. Provides IK10 rating on product. Includes bracket and mounting screws.,31,USD,Recorder accessories,active
01601-001,"Original front window assembly for AXIS Q6215-LE, IK09 rated. Includes a complete front window glass assembly with mounting screws and sealing gasket; and a wiper arm (long-life, UV-resistant silicone rubber included). Note: IR window available separately.",169,USD,Recorder accessories,active
01602-001,"Bulk pack (4 pcs) of replacement wiper arms (rubber included) for AXIS Q62-LE. Made from long-life, UV-resistant silicone rubber.",63,USD,Cameras,active
01603-001,Original IR window assembly for AXIS Q62-LE. Includes a complete IR Window assembly with mounting screws and sealing gasket. Note: clear front window available separately.,63,USD,Recorder accessories,active
5700-941,"Sunshield for AXIS P134X-E, AXIS Q1755-E and AXIS Q192X-E. Includes mounting screws and Torx key.",52,USD,Recorder accessories,active
5506-761,"Weathershield with screws for protecting the dome of an AXIS Q35-VE camera from rain, snow and sun.",31,USD,Cameras,active
5506-751,"Weathershield with screws for protecting the dome of an AXIS P32-VE camera from rain, snow and sun.",31,USD,Cameras,active
01628-001,Outdoor weathershield for selected AXIS M32 and P32 cameras. The underside of the cover is specially coated with matte black anti-reflective coating to prevent reflections from external light sources. Anti-loss screws included. Bulk 2 pack.,84,USD,Cameras,active
02337-001,"Replacement clamp bracket mount for AXIS P3717-PLE, AXIS P3719-PLE and AXIS P3727-PLE. Pack of 10pcs.",20,USD,Recorder accessories,active
5700-831,"Complete Front Kit for AXIS T92E20/21. Content: Front Cover, Front Glass, Gasket & Screws.",21,USD,Cameras,active
5700-971,Sparepart including the electronics module of the AXIS T92E20 housing including fan and screws.,209,USD,Cameras,active
5506-101,"Extension front for AXIS T92E20 outdoor housing, allowing longer lenses than the standard housing. The kit includes aluminum front and extension part, window, gasket and screws.",52,USD,Cameras,active
01693-001,"Standard weather shield for selected AXIS P13 series. For protection from rain, snow and sun. The underside of the cover is coated with matte black anti-reflective coating, for suitable use near IR LEDs.",52,USD,Cameras,active
01694-001,Replacement top cover with front window for selected AXIS P13-E cameras. Original weathershield is not included but available separately.,94,USD,Cameras,active
01717-001,"Standard weather shield for selected AXIS P14 series. For protection from rain, snow and sun. The underside of the cover is coated with matte black anti-reflective coating, for suitable use with camera's built-in IR LEDs.",41,USD,Cameras,active
02292-001,"Standard front window kit for selected AXIS P145x-LE series. Abrasion and UV resistant for long service life. Includes cover ring, front window, and rubber gasket.",41,USD,Cameras,active
02412-001,"Spare part front window kit for AXIS P1455-LE 29 mm and AXIS P1455-LE-3.  Abrasion and UV resistant for long service life. Includes cover ring, front window, and rubber gasket.",52,USD,Access,active
01686-001,"Original front glass window assembly for AXIS Q1785/86-LE, IK08 rated. Provides the clarity required for maximum utilization of the camera's zoom capacity.",94,USD,Cameras,active
01971-001,"Original front glass window assembly for AXIS Q1700-LE, IK08 rated. Provides the clarity required for maximum utilization of the camera's zoom capacity.",119,USD,Cameras,active
01972-001,Original outdoor weathershield for AXIS Q1700-LE camera. Color: Black,63,USD,Cameras,active
5801-101,Spare part front window for AXIS Q1765-LE,73,USD,Cameras,active
5800-521,"Cabinet door for AXIS T98A Surveillance Cabinet. Stand alone.
Used in T98A15-VE Cabinets.",149,USD,Cameras,active
5800-531,"Cabinet door for AXIS T98A Surveillance Cabinet. Compatible cameras: AXIS M111X-E, AXIS P13XX-E, AXIS Q16XX-E, AXIS Q17XX-E, AXIS Q191X-E, AXIS Q192X-E.
Used in T98A16-VE Cabinets.",149,USD,Cameras,active
5800-541,"Cabinet door for AXIS T98A Surveillance Cabinet. Compatible cameras: AXIS P33-VE/-LVE and the outdoor bullet-style Q1765 and Q1931 cameras.
Used in T98A17-VE Cabinets.",149,USD,Cameras,active
5800-551,"Cabinet door for T98A. Compatible products: AXIS T91A61 Wall bracket for use with AXIS P55 and Q60-series or fixed dome pendant kits.
Used in T98A18-VE Cabinets.",149,USD,Recorder accessories,active
5800-381,"Terminal connectors for AXIS P135X-series. Includes  1 pcs TERMINAL CONNECTOR 4P STR 2.50MM, 1 pcs TERMINAL CONNECTOR 2P STR 3.81MM, 2 pcs TERMINAL CONNECTOR 2P STR  2.50MM",10,USD,Cameras,active
5800-371,2pcs RJ-45 waterproof plugs  and 1pcs grounding wire for outdoor midspan T8123/4-E,31,USD,Power Supply,active
5800-921,Spare part illuminator kit for AXIS Q8665-LE. NOTE: it is not possible to upgrade a Q8665-E to become LE version,1379,USD,Cameras,active
01440-001,"Replacement front window assembly for AXIS Q8685-E/-LE. Window in clear tempered glass. Includes built-in heater, wiper mechanism, and heat sink.",399,USD,Cameras,active
01441-001,"Replacement wiper blades for selected AXIS Q86, Q87 and Q1656 outdoor cameras. Made from long-life, UV-resistant silicone rubber. 5pcs per pack.",63,USD,Cameras,active
5505-771,Light sensor box with integrated power supply for controlling IR illuminators and power AXIS Q8665-LE. Input power 120V AC.,679,USD,Power Supply,active
5801-191,Spare part base unit for AXIS Q86-LE 24 V AC.,1269,USD,Cameras,active
5801-181,Spare part base unit for AXIS Q86-E 120 V AC.,1269,USD,Cameras,active
5801-291,Spare part top housing with germanium window for AXIS Q8631-E/32-E.,629,USD,Cameras,active
5801-281,Spare part top housing with glass window for AXIS Q8665-E/-LE.,419,USD,Cameras,active
5801-311,Spare parte sunshield for AXIS Q8631-E/32-E/65-E/65-LE,63,USD,Cameras,active
5801-201,Spare part wiper blade for AXIS Q8665-E/-LE including the stainless steel holder,63,USD,Cameras,active
01779-001,Replacement top cover with front window for selected AXIS M11-E cameras. Original weathershield included.,139,USD,Cameras,active
01496-001,"Weathershield from UV-resistant plastics for protecting camera against rain, snow and sun.",63,USD,Cameras,active
5505-261,Axis male connector for legacy IO port . Pitch: 2.50 mm. 2pos terminal block. 10pack.,20,USD,Access,active
5800-891,Axis male connector for limited and full IO port . Pitch: 2.50 mm. 4pos terminal block. 10pack.,20,USD,Access,active
5505-271,Axis male connector for extended IO port . Pitch: 2.50 mm. 6pos terminal block. 10pack,63,USD,Access,active
5800-901,Axis male connector for low voltage power. Pitch: 3.81 mm. 2pos terminal block. 10pack,20,USD,Access,active
5505-281,Axis male connector for low voltage power. Pitch: 3.81 mm. 3pos terminal block. 10pack,31,USD,Access,active
5505-291,Axis male connector for audio. Pitch: 3.81 mm. 2+2pos terminal block. 10pack,41,USD,Access,active
5505-251,Axis male connector for low voltage power. Pitch: 3.81 mm. 4pos terminal block. 10pack,31,USD,Access,active
5505-301,Axis male connector for low voltage power. Pitch: 5.08 mm. 2pos terminal block. 10pack,31,USD,Access,active
5800-881,"Spare part internal switch for the AXIS Q8721-E/22-E Dual cameras,including brackets.",629,USD,Switches,active
5506-091,Sparepart foot chassis for AXIS Q1765-LE and AXIS Q193X-E. Note. This sales part does not include the mounting bracket (5506-081 AXIS T94G01S Mounting plate),52,USD,Recorder accessories,active
5506-891,Adapter for connecting Q6000-E to PTZ camera,16,USD,Cameras,active
01175-001,Spare part plastic side covers for compatible AXIS T91- and AXIS T94- series of mounting accessories. 10 pcs per pack.,31,USD,Recorder accessories,active
02243-001,Sparepart including the electronics module of the AXIS T92G20 housing.,129,USD,Cameras,active
02211-001,"Spare part front window kit for AXIS P3925-LRE including tempered glass window with anti-reflective coating, gasket and window holder bracket screws.",119,USD,Recorder accessories,active
02075-001,Spare part original outdoor weathershield for AXIS P3715-PLVE. The underside of the cover is specially coated with black anti-reflective coating to prevent reflections from external light sources. Includes gasket and anti-loss screw.,63,USD,Cameras,active
01760-001,Original outdoor weathershield for AXIS Q1785/86-LE cameras. The underside of the cover is specially coated with matte black anti-reflective coating to prevent reflections from external light sources. Includes weathershield slider and anti-loss screw.,63,USD,Cameras,active
02014-001,KIT WEATHER SHIELD spare part Q1700-LE E1.,119,USD,Cameras,active
02015-001,"Original front glass window assembly for AXIS Q1700-LE, IK08 rated. Provides the clarity required for maximum utilization of the camera's zoom capacity.",169,USD,Cameras,active
02193-001,"Spare top cover including wiper for AXIS Q1656-LE, AXIS Q1656-BLE",529,USD,Cameras,active
02430-001,Spare top cover for AXIS Q1656-BE. No wiper,249,USD,Cameras,active
02268-001,"KIT WEATHER SHIELD spare part for Q1785, 6 – LE, and Q1798-LE.  Additional ring for Q1798-LE.",119,USD,Cameras,active
02426-001,"Replacement front kit for AXIS Q1951-E, AXIS Q1952-E. Includes window in germanium, heater, cover and gasket.",319,USD,Cameras,active
02417-001,Spare front glass window for AXIS Q1656-LE and AXIS Q1656-BLE. Support for wiper,105,USD,Cameras,active
02418-001,Spare front plastic window for AXIS Q1656-BE. No support for wiper,94,USD,Cameras,active
02104-001,Spare part weather shield for Q6315-LE.  Includes anti loss screws,41,USD,Cameras,active
02103-001,"Spare part hard coated clear dome for Q6315-LE.  Standard clear dome with anti-scratch hard coating.   Includes dome ring, cover IR block.",84,USD,Access,active
02231-001,"Replacement wiper kit with wiper arm (rubber included) for AXIS Q8752-E. Made from long-life, UV-resistant silicone rubber.
For a front window. It includes a wiper arm with four Fblades for an easy replacement.",119,USD,Cameras,active
02069-001,Glass replacement kit sold as a spare part to AXIS I8016-LVE Network Video Intercom. It enables easy on-site replacement in case the original cover has been damaged or vandalized.,52,USD,Cameras,active
02367-001,"Spare varifocal i-CS lens for AXIS Q1656, AXIS Q1656-LE, EXCAM XF Q1645,EXCAM XF P1377 and F101-A XF P1377. Also compatible with AXIS Q1645/-LE and AXIS Q1647/-LE",319,USD,Cameras,active
02448-001,"Optional extremely light-sensitive lens. CS-Mount 4-10 mm F0.9 with P-Iris. IR-corrected.
Compatible with AXIS Q1656/-B/-BE/-BLE and AXIS P1375/-E, AXIS P1377/-LE.",529,USD,Recorder accessories,active
02586-001,"Spare part mounting bracket for AXIS M2035-LE, M2036-LE.  Includes a mounting bracket and gasket for cable.",41,USD,Recorder accessories,active
02587-001,"Spare part front window assembly for AXIS M2035-LE, M2036-LE. The kit comes with a black front cover ring. Includes a window assembly kit (light guide IR filter, window gasket).",31,USD,Cameras,active
02358-001,Spare part cabinet door for AXIS TQ1808-VE Surveillance Cabinet.  Stand alone. Can be used with any T98A surveillance cabinets if the front door wants to be replaced with a bigger front door that will allow for more components to be placed in them.  Back box has had no changes.,169,USD,Cameras,active
02655-001,"Kit for making a stand-alone AXIS Q6100-E installation without PTZ camera inside. Includes a thermo plastic cover lid, IP66-rated RJ45 push-pull connector, and a connector plug. Use this kit together with an AXIS Q6100-E network camera (not included) and the AXIS High PoE Midspan 60 W (not included).",105,USD,Power Supply,active
02477-001,"AXIS TP3818-E Dome Cover White, is a spare part kit including a white casing, clear dome and screws for AXIS P4705-PLVE and P4707-PLVE.",73,USD,Cameras,active
02465-001,Lens M12 3.1mm F2.0 is a bulk pack of 4x replacement lenses for AXIS F2105-RE standard sensor.,84,USD,Cameras,active
02713-001,"Spare part front window kit for AXIS P1467-LE and AXIS P1468-LE.  Abrasion and UV resistant for long service life. Includes cover front, window front, and rubber window gasket.",52,USD,Cameras,active
02714-001,"Spare part front window kit for AXIS P1465-LE 9 mm. Abrasion and UV resistant for long service life. Includes cover ring, front window, and rubber gasket.",52,USD,Cameras,active
02464-021,"AXIS TU6001 Conn 3-pin 3.81mm 10p is a bulk pack of 10x AXIS TU6001 Conn 3-pin 3.81mm.
AXIS TU6001 Conn 3-pin is compatible with the 2nd generation of F-series Main units: F9111, F9114, and F9104-B and F9114-B
AXIS TU6001 Conn 3-pin 3.81mm helps connecting AXIS F91 main units to the DC power.",10,USD,Cameras,active
02661-001,"Replacement wiper kit with wiper arm/blade (rubber included) for AXIS Q8615-E. Made from long-life, UV-resistant silicone rubber.",52,USD,Cameras,active
02717-001,"Original front window assembly for AXIS Q62-LE, IK09 rated. Includes a complete front window glass assembly with mounting screws and sealing gasket; and a wiper arm (long-life, UV-resistant silicone rubber included). Note: IR window available separately.",169,USD,Recorder accessories,active
02806-001,"Spare part standard weather shield for Axis Q3626/8-VE, protecting the dome from rain, snow and sun.",41,USD,Cameras,active
02638-001,Spare i-CS lens for AXIS M1135/-E MK II i-CS and AXIS M1137/-E MK II i-CS,149,USD,Cameras,active
02931-021,"10 pack spare part clamp bracket mount.  Compatible with: AXIS P3735-PLE, AXIS P3737-PLE,  AXIS P3738-PLE.",41,USD,Recorder accessories,active
02744-001,"AXIS TS3902 RAIL KIT is a full rail kit compatible with AXIS S3016 Recorder only. It allows the product to be mounted in server racks with a post to post distance between 376mm (14.8in) and 499mm (19.6in).

The rail kit is not compatible with other products such as AXIS S12 Recording Server Series or AXIS S22 Appliance Series.",129,USD,Recordings,active
02767-001,"Standard power supply for AXIS S3008 Mk II. IEC-C13 mains cable is not included.
This adapter is not compatible with AXIS S3008 or AXIS W800.",139,USD,Power Supply,active
02841-001,"Spare part front window kit compatible with AXIS Q1805-LE, AXIS Q1806-LE.  Includes 4 TX10 screws and window assembly.",84,USD,Cameras,active
02843-001,"Spare part compatible with: AXIS Q1808-LE 150 mm.  Includes 4 TX10 screws, window assembly incuding gasket and window IR.",105,USD,Cameras,active
02845-001,Spare part compatible with AXIS Q1808-LE.  Includes 4 TX10 screws and window assembly.,84,USD,Cameras,active
02846-001,"Spare part weathershield compatible with: AXIS Q1805-LE, AXIS Q1806-LE, AXIS Q1808-LE 150 mm.  Including holder, anti loss screws, and cover.",73,USD,Cameras,active
02847-001,"Spare part weathershield compatible with: AXIS Q1808-LE.  Including holder, anti loss screws, and cover.",73,USD,Cameras,active
03020-001,"Spare part ADAPTER BAYONETTE compatible with M5525-E, and M5526-E.  Made of brass.",20,USD,Recorder accessories,active
03147-001,"A 10 pack T6 Allen Key set sold as a spare part since products it is compatible with come with it out of the box.  Products compatible with: P13, Q17, Q16.",41,USD,Cameras,active
03018-001,Glass replacement kit sold as a spare part to AXIS I7010-VE Network Intercom. It enables easy on-site replacement in case the original cover has been damaged or vandalized.,41,USD,Cameras,active
03086-001,"Spare part cabinet door for AXIS TQ1817-VE Surveillance Cabinet. Stand alone. Can be used with any T98A surveillance cabinets if the front door wants to be replaced with a bigger front door that will allow for more components to be placed in them. Back box has had no changes.  Compatible with dome, fixed, thermal cameras.",179,USD,Cameras,active
03170-001,"This is a replacement top cover assembly for AXIS Q8752-E Zoom 30 fps, AXIS Q8752-E Zoom 8.3 fps.",2519,USD,Cameras,active
03171-001,This is a replacement top cover assembly for AXIS Q8752-E Zoom 30 fps and AXIS Q8752-E Zoom 8.3 fps.,1379,USD,Cameras,active
03279-001,"Spare part cover weathershield for Q1800-LE.  Extra-long and robust weathershield for protection from rain, snow and sun. The top is black, and the bottom has black anti-glare coating to prevent reflections from built-in IR LEDs. 
The weathershield is included in AXIS Q1800-LE License Plate Capture and AXIS Q1800-LE License Plate Verifier Kit.",73,USD,Software and licensing,active
03104-001,"Original front window assembly for AXIS Q62-LE, IK09 rated. Includes a complete front window glass assembly with mounting screws and sealing gasket; and a wiper arm (long-life, UV-resistant silicone rubber included). Note: IR window available separately.",179,USD,Recorder accessories,active
02826-001,"Spare part top cover for Q2112-E all variants.  Includes weather cover, cover top that includes: window heater, pcb, gaskets, holder, screws.",1159,USD,Cameras,active
02827-001,"Spare part top cover compatible with Q2112-E different variants.  AXIS Q2112-E 100 mm 30 fps, AXIS Q2112-E 100 mm 8.3 fps, AXIS Q2112-E 60 mm 30 fps, AXIS Q2112-E 60 mm 8.3 fps. Includes: weather cover, complete top assembly(PCB Ass Heater large, sub ass intrusion switch, window heater).",2009,USD,Switches,active
03282-001,Protection cover sold as a spare part for AXIS I8307-VE Network Video Intercom. It enables easy on-site replacement and can be repainted.,159,USD,Cameras,active
01575-001,"AXIS Device Microphone A is an omnidirectional microphone to enable audio recording and/or audio analytics with AXIS devices that support audio but do not include a microphone. The product is compatible with devices that support 3.5 mm audio input, like AXIS indoor Q35 series or P33 series together with AXIS TP3201 Recessed Mount.",31,USD,Audio and power accessories,active
01560-001,"AXIS T8351 Mk II Microphone 3.5mm is an omnidirectional microphone with a 3.5mm connector, compatible with all Axis network video products supporting a 3.5mm jack for microphone input. Flexible to install, AXIS T8351 adapts to different installation scenarios thanks to a vast range of included accessories and to its dust-and-water proof casing.",119,USD,Audio and power accessories,active
01561-001,"AXIS T8355 Digital Microphone is an omnidirectional microphone compatible with Axis network product with digital in and ring power supporting both a 3.5mm jack and audio terminal block for microphone input. Axis T8355 could be placed up to 100m (328 ft) away from Axis network products, generating flexibility for installation without deterioration of the audio signal.",149,USD,Access,active
01798-001,Casing with built-in microphone for selected AXIS P32-LV cameras. Color: Axis white.,52,USD,Audio and power accessories,active
02547-001,"Accessory casing with built-in microphone for AXIS P3267-LV, AXIS P3268-LV,M3215-LVE, M3216-LVE includes microphone and casing with mic hole coming in Axis white.",73,USD,Audio and power accessories,active
01963-001,AXIS Device Microphone B is an omnidirectional microphone to enable audio recording and/or audio analytics with AXIS devices that support audio but do not include a microphone. The product includes a Terminal Block to 3.5 mm Audio Extension allowing it to be installed together with our latest AXIS P32 series.,41,USD,Access,active
02269-001,"AXIS TU1001 -VE is an outdoor analog microphone which has to be connected over 3,5mm jack to an AXIS camera or AXIS device with Audio IN support. AXIS TU1001 -VE is IK10 and IP66 rated to withstand challenges in outdoor environments. AXIS TU1001 -VE can be wall or celling mounted.",169,USD,Audio and power accessories,active
02082-001,"AXIS TU1002-VE Microphone Kit, is an IP66, IK10 enclosure with embedded microphone. AXIS TU1002-VE fits a metallic mesh windscreen as well as dual weatherproofing membranes.The product is designed to fit an AXIS C8033 Audio Bridge, that combined with AXIS TU1002-VE will form a network microphone solution.",169,USD,Audio and power accessories,active
02270-001,TU1001 -V is an indoor analog microphone for single gang box. TU1001 -V is IK10 rated.,149,USD,Audio and power accessories,active
02044-001,PoE Splitter 5 V can be used together with a network device that has no built-in support for Power over Ethernet (PoE). The product splits PoE into seperate 5 V DC and data outputs. The product is IEEE 802.3af compliant.,63,USD,Access,active
5012-004,802.3af compliant power injector for standard Cat 5 network cables. Maximum cable length is 328ft/100m. Supporting up to eight Axis Network cameras/video servers. Metal casing.,689,USD,Cameras,active
5012-014,802.3af compliant power injector for standard Cat 5 network cables. Maximum cable length is 328ft/100m. Supporting up to sixteen Axis Network cameras/video servers. Metal casing.,909,USD,Cameras,active
5026-204,"Provides power over Ethernet to Axis network video products with built-in PoE support. AXIS T8120 is IEEE 802.3af compliant, ensuring compatibility with all Axis PoE Class 1-3 products. The midspan can be installed on a wall or shelf.",63,USD,Power Supply,active
5026-224,"Provides power over Ethernet to Axis network video products with built-in PoE support. AXIS T8120 is IEEE 802.3af compliant, ensuring compatibility with all Axis PoE Class 1-3 products. The midspan can be installed on a wall or shelf. 10 pcs.",599,USD,Power Supply,active
5901-271,Media converter switch . 2 RJ45 ports and 2 SFP slots for optical fiber connection (SFP modules not included). Two I/O ports and a combined communication and powering port for the camera. Temp spec. -40 °C to 75 °C (-40 °F to 167 °F). 12 V DC power input. Shelf or DIN-rail mount. 24 V DC power in.,509,USD,Switches,active
02172-004,Single port midspan for Power over Ethernet Plus (PoE+) IEEE 802.3at Type 2 Class 4 products,84,USD,Power Supply,active
02208-001,AXIS 30 W Midspan AC/DC is ideal for installations where mains power is not an option. By means of either 10-28 V DC or 24 V AC power input the midspan can provide up to IEEE 802.3at (30 W) to a network device. AXIS 30W Midspan AC/DC 24 V is plug-and-play and offers a wide compatibility with AXIS products.,119,USD,Power Supply,active
02209-001,AXIS 90 W Midspan AC/DC is ideal for installations where mains power is not an option. By means of either 20-26.4 V DC or 24 V AC power input the midspan can provide both IEEE 802.3bt (90 W & 60 W) and AXIS High PoE 60 W to a network device. AXIS 90W Midspan AC/DC  is plug-and-play and offers a wide compatibility with AXIS products.,219,USD,Power Supply,active
01944-001,AXIS 30 W Outdoor Midspan is an outdoor ready IP66-/IP67-rated midspan compliant with IEEE802.3af and 802.3at. With built in 6kV surge protection. Delivers up to 30W. Temperature specification: 40°C to 65°C (-40°F to 149°F) for 30W.,289,USD,Power Supply,active
5801-801,"Small Form Factor Pluggable (SFP) transceiver module.
Single mode 1310nm, 10km. Industrial grade.",119,USD,Access,active
5801-811,"Small Form Factor Pluggable (SFP) transceiver module.
Multi mode 850nm, 550m. Industrial grade.",94,USD,Access,active
5801-821,"Small Form Factor Pluggable (SFP) transceiver module.
Ethernet RJ-45 . Industrial grade",105,USD,Access,active
5900-334,High PoE 1-port midspan 60W. Compliant with 802.3.at and PoE 802.3af.,169,USD,Power Supply,active
01154-001,"Industrial midspan with extended temperature range, PoE 60W and dual DC 12/24 V DC power input for redundancy. Operating temperature -40 to +75 degC or -40 to +167 °F. DIN and wall mount included.",289,USD,Power Supply,active
02453-001,AXIS TU8002-E is an outdoor ready IP66-rated midspan with up to 90 W power budget. The product is ideal for environmental challenging installations of PTZ and other devices with high power needs. The midspan support both IEEE802.3bt and HighPoE.,389,USD,Power Supply,active
5900-251,60W PoE midspan for 24V AC input.,169,USD,Power Supply,active
5505-731,"DIN power supply. 12V DC, 2.1 A. For use in T98A to power cameras, media converters etc.",119,USD,Power Supply,active
01169-001,"DIN power supply. 24V DC, 4.2 A. For use in AXIS Surveillance Cabinets to power cameras, media converters etc.",169,USD,Power Supply,active
01170-001,24V DC power supply with 240 W output power.,259,USD,Power Supply,active
5500-001,"PoE splitter. Can deliver both 12 and 24 V DC (user selectable) from High PoE 60W midspan. Useful to power and connect non-PoE devices like IP cameras, magnetic locks for access control systems, WiFi AP, thin clients etc.",139,USD,Power Supply,active
01677-001,"Power supply for AXIS Q86, Q87 & T99A product lines. 480W 24V 20A for DIN rail mounting.",339,USD,Power Supply,active
01726-001,Power supply for AXIS T8504-R Industrial PoE Switch. 240W 56V 5A for DIN rail mounting.,289,USD,Switches,active
5025-281,"Power over Ethernet extender repeates the data signal and forward the PoE to the camera, PoE+ compliant it is compatible with all Axis cameras. No additional power supply is required. The maximum total distance between switch and camera depends on the power input and the power required by the camera, but all cameras can be at least extended to 200 meter connection.",209,USD,Switches,active
01148-001,"AXIS T8129-E Outdoor PoE Extender repeats the data signal and PoE to the camera. AXIS T8129-E is PoE+ compliant with all Axis cameras and does not require an additional power supply. The maximum total distance between switch and camera depends on the power input and the power required by the camera, but all cameras can be at least extended to 200 meter connection.",319,USD,Switches,active
5502-331,"Audio and I/O extension cable for AXIS P33 Series. Includes 4 pin terminal connector 2.5mm Female to Male, 2 x stereo plug 3.5mm Male to Female. 5 meter.",41,USD,Audio and power accessories,active
01857-001,AXIS Long range PoE Extender kit offers a smart and easy-to-install solution for extending the range of your network and PoE up to 1000m (3280ft.). Connect the product in-line with the CAT5e or CAT6 cable and power and data are forwarded to your Axis network devices. AXIS Long range PoE Extender kit supports both IEEE 802.3af and IEEE 802.3at compliant devices and can withstand challenging temperatures. The product is NEMA TS2 compatible.,569,USD,Access,active
01590-001,AXIS Digital Audio Extension Kit enables AXIS T8355 Digital Microphone to extend to distances up to 100m (328 ft).,20,USD,Audio and power accessories,active
01589-001,Audio extension cable for Axis 3.5mm mono microphones. Length 5m (197 in).,20,USD,Audio and power accessories,active
5801-694,"PoE+ managed gigabit network switch, optimized for Axis network products. 2 SFP/RJ45 uplink ports and 16 PoE+ ports with 250W power supply. Built in DCHP server for plug-and-play camera setup. Easy system configuration for effective installation of Axis network products.",789,USD,Switches,active
01192-004,"PoE+ managed gigabit network switch, optimized for Axis network products. 2 SFP/RJ45 uplink ports and 24 PoE+ ports with 370W power supply. Built in DCHP server for plug-and-play camera setup. Easy system configuration for effective installation of Axis network products.",999,USD,Switches,active
01714-001,3.5mm audio jack extension for Axis Network Video products with terminal block audio connection.,11,USD,Access,active
5505-031,"Multi-connector cable for power (12VDC), audio and I/O port. 1m (40 in)",94,USD,Audio and power accessories,active
5026-401,"Pair of Ethernet over COAX adapters that enable use of COAX cables for PoE applications, supports IEEE802.3af/at. Powered by either PoE or power supply, dependent on power requirement at the device end. Diagnosics LEDs for power and link status in both base and device unit. Connectors: BNC and RJ45 connector and power input (for optional power supply). The package contains one base unit and one device unit.",579,USD,Power Supply,active
5505-021,"Multi-connector cable for power (12VDC), audio and I/O port. 5m (197 in)",119,USD,Audio and power accessories,active
5028-411,Single Base unit of Ethernet over COAX adapter. The package contains one base unit.,299,USD,Access,active
5505-511,"Multi-connector cable for AC/DC power, audio in/out and I/O connectivity. 2.5m (8.2  ft)",94,USD,Audio and power accessories,active
5027-421,Single Device unit of Ethernet over COAX adapter. The package contains one device unit.,299,USD,Access,active
5506-201,"Multi-connector cable for power, audio and I/O connectivity. 1m (3.3 ft)",129,USD,Audio and power accessories,active
01468-001,AXIS T8643 PoE+ over Coax Compact enables legacy coax cabling to be kept when converting an analog system to digital. The design allows for improved installation and cable management as it can easily be integrated in housings and backboxes. It delivers standard Power over Ethernet (PoE) and centrally-sourced power through existing coax cabling.,299,USD,Access,active
5506-191,"Multi-connector cable for power, audio and I/O connectivity. 5m (16.4 ft)",159,USD,Audio and power accessories,active
01489-001,"AXIS T8645 PoE+ over Coax Compact Kit enables legacy coax cabling to be kept when converting an analog system to digital, and comprises AXIS T8641 PoE+ Over Coax Base and AXIS T8643 PoE+ over Coax Compact. 

It delivers standard Power over Ethernet (PoE) and centrally-sourced power through existing coax cabling. The compact design of the AXIS T8643 PoE+ over Coax Compact allows for improved installation and cable management as it can easily be integrated in housings and backboxes.",579,USD,Access,active
5502-731,"Outdoor CAT6 Ethernet cable for outdoor AXIS PTZ and panoramic cameras. IP66-rated male push pull connector on one end, IP20 rated male RJ45 connector on the other end. Length: 5m (16ft). Color: black.",94,USD,Audio and power accessories,active
5504-731,"Outdoor CAT6 Ethernet cable for outdoor AXIS PTZ and panoramic cameras. IP66-rated male push pull connector on one end, IP20 rated male RJ45 connector on the other end. Length: 15m (50ft). Color: black.",169,USD,Audio and power accessories,active
5801-741,"Heavy duty power cable, 22m (72ft) in length, 3-wire, 12AWG, jacket diameter 10mm (0.4in). Suitable for outdoor installation. UL20626 up to 90'C (194'F) ambient temperature. Designed for use with AXIS Positioning Cameras and Positioning Units, such as AXIS Q8685-E. Material: TPE insulation, copper wire, PVC-free and halogen-free. Color: Black.",219,USD,Cameras,active
5503-771,Female/female RJ45 coupler. For indoor use. Perfect when you need to extend a pre-terminated cable.,12,USD,Access,active
5503-272,Female/female RJ45 coupler. Slim and compact size. For indoor use. Perfect when you need to extend a pre-terminated cable.,20,USD,Access,active
5505-351,"Pre-assembled T98A Surveilance cabinet with following system compoents:
(1) Breaker and surge protection, (2), 12 VDC DIN PSU, (3)AXIS  T8604 Media Converter,  (4) Internal cables and mounts.
Tested and verified with Axis cameras.",1029,USD,Power Supply,active
5505-361,"Pre-assembled T98A Surveilance cabinet with following system compoents:
(1) Breaker and surge protection, (2), 12 VDC DIN PSU, (3)AXIS  T8604 Media Converter,  (4) Internal cables and mounts.
Tested and verified with Axis cameras.",1029,USD,Power Supply,active
5505-371,"Pre-assembled T98A Surveilance cabinet with following system compoents:
(1) Breaker and surge protection, (2), 12 VDC DIN PSU, (3)AXIS  T8604 Media Converter,  (4) Internal cables and mounts.
Tested and verified with Axis cameras.",949,USD,Power Supply,active
5505-381,"Pre-assembled T98A18-VE Surveilance cabinet with following system compoents:
(1) Breaker and surge protection, (2), 12 VDC DIN PSU, (3) AXIS T8604 Media Converter, (4) Power cable and DIN clip for midspan AXIS T8124, (5) Internal cables and mounts.
Tested and verified with Axis cameras.",1029,USD,Power Supply,active
5000-001,24VAC power adapter for outdoor use. Output max 63VA.,169,USD,Access,active
5801-701,24V DC power supply 250W  with extended temperature ( -40 to +75C (-40 to 167F)).,449,USD,Power Supply,active
02315-001,"AXIS TU8001 Ethernet Surge Protector helps reduce downtime, service and maintenance of your system by shielding your PoE devices against transient voltage spikes in the Ethernet cable. The product protects up to 10 kV surge, with data rates up to 1 Gbps. AXIS TU8001 is IEC 61643-21 complaint and can handle extended temperature ranges. Its compact form factor is ideal for surface or DIN-rail installations, in e.g. electrical cabinets. A high-quality product validated to work seamlessly with Axis devices.",73,USD,Access,active
5801-641,"Protect your Ethernet networks device, i.e. cameras, switches, midspans, etc…, from lighting. 
Protects up to 10KV surge, IP66 and UL certified.",119,USD,Switches,active
5502-131,"Rugged, male D-coded M12 connector compatible with AXIS M31XX-R M12 and Connector M12 Female 4P . Field installable with screw-in contacts. 10 pcs",169,USD,Access,active
5506-251,"10-pin system connector for power, audio and I/O.",41,USD,Audio and power accessories,active
01996-001,"RJ45 Field Connector (10 PCS) for easy assembly in the field without the need for special tools. Due to its compact size, it has a wide compatibility with Axis devices, like AXIS P32 Series or Network Cable Coupler IP66.  Ready to be used with CAT6a ethernet cabling, AWG 26-22. Suitable for IEEE 802.3af, 802.3at, 802.3bt and Axis HighPoE solution.",139,USD,Access,active
5801-681,AXIS Stereo-to-mono Adapter. Spare part to AXIS F44 Dual Audio Input Main Unit. Allows two microphones or line inputs to be connected to AXIS F44 Dual Audio Input.,31,USD,Audio and power accessories,active
02198-001,AXIS Power Cable 24V 7m (23ft) helps extending the operating temperature of AXIS Q6010 / Q6100 -E up to -50° (-58°F) when installed in extreme cold environments.The power cable requires a 24V DC mains adapter (Not included).,41,USD,Access,active
02631-001,"AXIS TD8902 SFP+ Module LC.SR.X is an enhanced small form-factor pluggable (SFP+) transceiver that supplies network
devices, such as a switches or routers, with a fiber optic network connection. It is industrial grade with a wide temperature range, and it includes link-loss that enable network redundancy. Complying with SFP+ Multisource Agreement
(MSA), it is easy to install into compliant ports at any time without interrupting the online operation of the host equipment. Short wavelength (850 nm) VCSEL laser diodes enable data transmission up to 400 m on a multimode 50/125
μm optical fiber.",119,USD,Switches,active
02630-001,"Small Form Factor Pluggable (SFP+) transceiver module.
Single mode 1310nm, 10km. Industrial grade.",159,USD,Access,active
02632-001,"Power supply for D8208-R Industrial PoE++ Switch, 480W and for DIN rail mounting.",419,USD,Switches,active
02740-004,bt. compliant 60 W Midspan with additional SFP port,219,USD,Power Supply,active
02783-001,"AXIS TU8004 is a single port 90 W midspan, compliant with IEEE 802.3bt and High PoE devices. Power over Ethernet (PoE) offers an easy, fast and cost-effective solution for powering network products. In a single network cable, a PoE midspan injects power and data to the network device with built-in PoE support. No need to replace existing Ethernet switches and cabling infrastructure.  The midspan can be installed on a wall, shelf or DIN rail with AXIS T91A03 DIN Rail Clip A.

Note: AXIS TU6011 Mains Cable is sold separately.",219,USD,Switches,active
02027-004,"AXIS TU8003 90 W Connectivity Midspan with portcast technology uses the camera’s IP address to provide seemingly camera-integrated audio and I/O connectivity. This enables audio and video in one stream over the network with no extra VMS license. It supports Axis PTZ cameras using up to 90 W (IEEE 802.3bt). Plus, it’s compatible with PTZ cameras using IEEE 802.3af/at and Axis High PoE.",319,USD,Software and licensing,active
02848-001,"5 pack poe patch cables compatible with: AXIS Q1805-LE, AXIS Q1806-LE, AXIS Q1808-LE.  CABLE NETWORK L=115MM CAT5E RJ45",20,USD,Access,active
02726-001,"AXIS TU8010 2-port PoE Extender add additional PoE ports within a system, allowing for more devices to be connected. In addition to this they also extend the length of PoE cabling that you can use by 100 meters.
The new PoE extenders will enhance the ease of installation by minimizing the number of PoE ports used and the amount of cabling needed.",259,USD,Recorder accessories,active
02727-001,"AXIS TU8011 4-port PoE Extender add additional PoE ports within a system, allowing for more devices to be connected. In addition to this they also extend the length of PoE cabling that you can use by 100 meters.
The new PoE extenders will enhance the ease of installation by minimizing the number of PoE ports used and the amount of cabling needed.",319,USD,Recorder accessories,active
03180-001,Added primarily for the D8308 Fiber Aggr Switch to allow for easier and flexible set up.,49,USD,Switches,active
03064-001,SFP28 module added primarily to be used with the D8308 Fiber Aggr Switch.,199,USD,Switches,active
03065-001,SFP28 module added primarily to be used with the D8308 Fiber Aggr Switch.,169,USD,Switches,active
5801-951,"AXIS Surveillance Card 64 GB is a high endurance microSDXC™ card optimized for video surveillance. It has support for health status monitoring with Axis cameras. The card enables flexible edge recording solutions with de-centralized video recording, eliminating the need of an onsite server, DVR or NVR. Optimizes bandwidth usage as video is recorded onboard each camera even when bandwidth is limited or absent. Combined with Axis Zipstream technology, even high quality video or longer retention times can be used effectively. Includes SD card adapter.",41,USD,Recordings,active
5801-961,"AXIS Surveillance Card 64 GB is a high endurance microSDXC™ card optimized for video surveillance. It has support for health status monitoring with Axis cameras. The card enables flexible edge recording solutions with de-centralized video recording, eliminating the need of an onsite server, DVR or NVR. Optimizes bandwidth usage as video is recorded onboard each camera even when bandwidth is limited or absent. Combined with Axis Zipstream technology, even high quality video or longer retention times can be used effectively. Includes SD card adapter. 10pack.",399,USD,Recordings,active
01491-001,"AXIS Surveillance Card 128 GB is a high endurance microSDXC™ card optimized for video surveillance. It has support for health status monitoring with Axis cameras. The card enables flexible edge recording solutions with de-centralized video recording, eliminating the need of an onsite server, DVR or NVR. Optimizes bandwidth usage as video is recorded onboard each camera even when bandwidth is limited or absent. Combined with Axis Zipstream technology, even high quality video or longer retention times can be used effectively. Includes SD card adapter.",59,USD,Recordings,active
01678-001,"The 10 pack variant of the AXIS Surveillance Card 128 GB, a high endurance microSDXC™ card optimized for video surveillance. It has support for health status monitoring with Axis cameras.",629,USD,Cameras,active
02021-001,"AXIS Surveillance Card 256 GB is a high endurance microSDXC™ card optimized for video surveillance. It has support for health status monitoring with Axis cameras. The card enables flexible edge recording solutions with de-centralized video recording, eliminating the need of an onsite server, DVR or NVR. Optimizes bandwidth usage as video is recorded onboard each camera even when bandwidth is limited or absent. Combined with Axis Zipstream technology, even high quality video or longer retention times can be used effectively. Includes SD card adapter.",99,USD,Recordings,active
02021-021,"AXIS Surveillance Card 256 GB (10pcs) are high endurance microSDXC™ cards optimized for video surveillance. They have support for health status monitoring with Axis cameras. The cards enable flexible edge recording solutions with de-centralized video recording, eliminating the need of an onsite server, DVR or NVR. Optimizes bandwidth usage as video is recorded onboard each camera even when bandwidth is limited or absent. Combined with Axis Zipstream technology, even high quality video or longer retention times can be used effectively. Includes SD card adapters.",1049,USD,Recordings,active
02365-001,"AXIS Surveillance Card 512 GB is a high endurance microSDXC™ card optimized for video surveillance. It has support for health status monitoring with Axis cameras. The card enables flexible edge recording solutions with de-centralized video recording, eliminating the need of an onsite server, DVR or NVR. Optimizes bandwidth usage as video is recorded onboard each camera even when bandwidth is limited or absent. Combined with Axis Zipstream technology, even high quality video or longer retention times can be used effectively. Includes SD card adapter.",179,USD,Recordings,active
02365-021,"AXIS Surveillance Card 512 GB (10pcs) are high endurance microSDXC™ cards optimized for video surveillance. They have support for health status monitoring with Axis cameras. The cards enable flexible edge recording solutions with de-centralized video recording, eliminating the need of an onsite server, DVR or NVR. Optimizes bandwidth usage as video is recorded onboard each camera even when bandwidth is limited or absent. Combined with Axis Zipstream technology, even high quality video or longer retention times can be used effectively. Includes SD card adapters.",1789,USD,Recordings,active
02366-001,"AXIS Surveillance Card 1 TB is a high endurance microSDXC™ card optimized for video surveillance. It has support for health status monitoring with Axis cameras. The card enables flexible edge recording solutions with de-centralized video recording, eliminating the need of an onsite server, DVR or NVR. Optimizes bandwidth usage as video is recorded onboard each camera even when bandwidth is limited or absent. Combined with Axis Zipstream technology, even high quality video or longer retention times can be used effectively. Includes SD card adapter.",349,USD,Recordings,active
02366-021,"AXIS Surveillance Card 1 TB (10pcs) are high endurance microSDXC™ cards optimized for video surveillance. They have support for health status monitoring with Axis cameras. The cards enable flexible edge recording solutions with de-centralized video recording, eliminating the need of an onsite server, DVR or NVR. Optimizes bandwidth usage as video is recorded onboard each camera even when bandwidth is limited or absent. Combined with Axis Zipstream technology, even high quality video or longer retention times can be used effectively. Includes SD card adapters.",3489,USD,Recordings,active
01858-001,"Surveillance Hard Drive 4TB is a 3.5-inch internal drive designed and tested for 24/7 reliable video surveillance. It is optimized for high-definition continuous or event triggered recordings and high write-cycle workloads. Suitable for storage expansion of compatible appliances, it enables for flexible storage solutions. Storage needs can be estimated with AXIS Site Designer 2 and appropriate recommendation will be provided.",279,USD,Access,active
01859-001,"Surveillance Hard Drive 6TB is a 3.5-inch internal drive designed and tested for 24/7 reliable video surveillance. It is optimized for high-definition continuous or event triggered recordings and high write-cycle workloads. Suitable for storage expansion of compatible appliances, it enables for flexible storage solutions. Storage needs can be estimated with AXIS Site Designer 2 and appropriate recommendation will be provided.",419,USD,Access,active
02471-001,Enterprise Hard Drive 4 TB is a 3.5-inch internal hard drive designed and tested for 24/7 reliable video surveillance. It is optimized for ultra-high-definition continuous or event-triggered recording at high workloads. Enterprise Hard Drive 4 TB can be added to an existing RAID array composed of drives of the same capacity. It is suitable for storage expansion of most products in AXIS S11 Series and AXIS S12 Series. Storage needs can be estimated with AXIS Site Designer and appropriate recommendation will be provided. Enterprise Hard Drive 4 TB​ is sold together with the HDD tray.,389,USD,Recordings,active
02472-001,Enterprise Hard Drive 8 TB is a 3.5-inch internal hard drive designed and tested for 24/7 reliable video surveillance. It is optimized for ultra-high-definition continuous or event-triggered recording at high workloads. Enterprise Hard Drive 8 TB can be added to an existing RAID array composed of drives of the same capacity. It is suitable for storage expansion of most products in AXIS S11 Series and AXIS S12 Series. Storage needs can be estimated with AXIS Site Designer and appropriate recommendation will be provided. Enterprise Hard Drive 8 TB​ is sold together with the HDD tray.,599,USD,Recordings,active
03317-001,Enterprise Hard Drive 12 TB is a 3.5-inch internal hard drive designed and tested for 24/7 reliable video surveillance. It is optimized for ultra-high-definition continuous or event-triggered recording at high workloads. Enterprise Hard Drive 12 TB can be added to an existing RAID array composed of drives of the same capacity. It can also be combined with enterprise hard drives of other capacities when RAID is not used. It is suitable for storage expansion of most products in AXIS S12 Series. Storage needs can be estimated with AXIS Site Designer and appropriate recommendation will be provided. Enterprise Hard Drive 12 TB​ is sold together with the HDD tray.,849,USD,Access,active
02474-001,"AXIS TU9001 Control Board is a modular system with separate joystick and keypad units. The modular system allows you to choose a simple solution such as only the joystick, or a complete solution with the two modules for both camera and video management.",1049,USD,Video Management System,active
02475-001,"AXIS TU9002 Joystick gives responsive and accurate control of all Axis PTZ cameras. It is a 3-axis joystick with a turn knob and six application-defined hotkeys. Plus, you can use AXIS TU9002 as a computer mouse. The joystick is constructed in durable materials and has a professional and modern look that adapts to a surveillance room design. It is designed for both left-hand and right-hand use and is easy to install with a USB interface.",579,USD,Cameras,active
02476-001,"With AXIS TU9003 Keypad, you can quickly navigate between workspaces, cameras, views, and PTZ presets. It has 10 application-defined hotkeys and 12 preset keys. It’s equipped with an LCD display allowing the operator to see, for instance, the number of the camera he or she is looking at. The keypad is constructed in durable materials that are PVC free and has a professional and modern look that adapts to a surveillance room design. It is designed for both left-hand and right-hand use and is easy to install with a USB interface.",529,USD,Access,active
5027-041,Four port media converter switch with 2 RJ45 ports and 2 SFP slots for optical fiber connection (SFP modules not inluded). Shelf or DIN-rail mount. Temp spec: -40°C to +75°C (-40°F to 167°F).,449,USD,Switches,active
5901-261,Four port media converter switch with 2 RJ45 ports and 2 SFP slots for optical fiber connection (SFP modules not inluded). Shelf or DIN-rail mount. Temp spec: -40°C to +75°C (-40°F to 167°F).  24 V DC power in.,449,USD,Switches,active
01202-004,PIR Motion Sensor for Axis Wireless I/O using Z-wave technology.,52,USD,Alarms,active
01204-004,Panic button for Axis Wireless I/O using Z-wave technology.,52,USD,Access,active
5032-531,"AXIS T8353A Microphone 3.5mm is an omnidirectional microphone with a 3.5mm adaptor, compatible with all Axis network video products supporting a 3.5mm jack for microphone input. AXIS T8353A Microphone offers great details and resolution, the capsule has a neutral sonic character and is very natural sounding. The discreet microphone is very reliable even in demanding environments.",499,USD,Power Supply,active
5505-041,Mounting accessory for AXIS T8353 Microphones,20,USD,Audio and power accessories,active
5506-231,Camera installation made easy. Battery driven Wi-Fi access point with PoE+ to camera for use with AXIS Installation application on your iOS or Android device.,689,USD,Cameras,active
5506-881,"Kit including AXIS T8415 Wireless Installation Tool, one extra AXIS Installation Tool Battery 12V3.4Ah and one AXIS Installation Bag.",789,USD,Access,active
5502-491,"Multi-connector cable for power, audio and I/O. Used for Indoor AXIS P55-series and Indoor Q60-series PTZ Dome Network Camera.",319,USD,Audio and power accessories,active
5506-871,"Durable soft bag to carry the AXIS T8415 Wireless Installation Tool, with space for extra battery, charger, network cables etc.",52,USD,Access,active
5506-551,Additional battery for AXIS T8415 Wireless Installation Tool.,119,USD,Access,active
5502-261,Power supply PS-P T-C for AXIS Q1755 and AXIS Q7404,41,USD,Power Supply,active
5506-561,Charging adaptor for AXIS T8415 Wireless Installation Tool.,52,USD,Access,active
0321-004,"Network I/O and audio module. Eight digital ports configurable as inputs or outputs. Two-way audio configurable to simplex, half or full duplex. Built-in pre-amp, phantom power and gain control for a balanced microphone. Line and speaker output. Serial port RS-232/422/485. Power over Ethernet enabled. Includes power supply.",399,USD,Power Supply,active
02232-001,"AXIS D3110 gives sensor and audio capabilities to network video systems or other IoT systems that do not have them or need additional ones. The product comes with 2x Audio IN, Audio Out, 8x Configurable I/Os, Relay and RS485/422. The product can be Powered over Ethernet or through DC. AXIS D3110 supports MQTT, Vapix® and SIP. The product comes with Built-in cybersecurity functionality preventing unauthorized access.",399,USD,Audio and power accessories,active
5030-064,Power supply with extended temperature specification -40°C to +75°C (-40°F to +167°F)  providing 12 V DC to units such as AXIS T8604 and AXIS Q7424-R.,105,USD,Power Supply,active
5503-431,Compact IP66-rated  female/female RJ45 cable coupler. Perfect when you need to extend a pre-terminated outdoor cable.,31,USD,Access,active
5503-681,Power supply for AXIS P1311/43/44 and AXIS Q7401 as a spare part.,41,USD,Power Supply,active
5029-034,"Power supply for the AXIS T8640 Coax Over Ethernet Adapter. If connected to the base end COAX adapter part, it powers up the connection, the device end unit and the PoE camera and thereby removes the need for a separate midspan. Can also be connected to the device end, to secure enought power (max 30W) to the connected PoE camera (COAX cable quality/long distance).",63,USD,Power Supply,active
5503-104,"Indoor mains power supply. Output 24V DC 1.5A.

Available for USA, AU, CN markets. As of August 2021 EU, UK, JP markets will be available again.",73,USD,Power Supply,active
5503-661,"Power supply for AXIS Q60XX-C series -40 to +75C (-40 to 167F). 
In 90-264V AC 47-63Hz. Out 12,5V DC 85W.",449,USD,Power Supply,active
5504-864,Power supply 500W for use with AXIS T8646 POE+ OVER COAX BLADE in a 1U rack.,1309,USD,Power Supply,active
5024-201,"IR-illuminator for AXIS P334X-VE cameras. PoE IEEE802.3af compliant. Operating temperature -40 ºC to 55 ºC (-40 ºF to 131 ºF). IP66-, Nema 4X rated, vandal resistant. Premounted 5m network cable cable with gaskets.",399,USD,Recorder accessories,active
01210-001,"IR LED illuminator for Axis network cameras. Included interchangeable diverging lenses providing 10°, 35°, 60° & 80° beam angles. Beam distance ranges 36m to 144m (118 ft to 472 ft). Made of IK09 impact-resistant aluminium and polycarbonate. IP66 and NEMA 4X ratings. Operating temperature -50°C to 50°C (-58 °F to 122 °F). 12/24 V DC or AC input.",509,USD,Cameras,active
01211-001,"PoE powered IR LED illuminator for Axis network cameras. Included interchangeable diverging lenses providing 10°, 35°, 60° & 80° beam angles. Beam distance ranges 36m to 144m (118 ft to 472 ft). Made of IK09 impact-resistant aluminium and polycarbonate. IP66 and NEMA 4X ratings. Operating temperature -50°C to 50°C (-58 °F to 122 °F). PoE+ IEEE 802.3at required.",509,USD,Cameras,active
01215-001,"White LED illuminator for Axis network cameras. Included interchangeable diverging lenses providing 10°, 35°, 60° & 80° beam angles. Beam distance ranges 25 m to 110 m (80 ft to 360 ft). Made of IK09 impact resistant aluminium and polycarbonate. IP66 and NEMA 4X ratings. Operating temperature -50°C to 50°C (-58 °F to 122 °F). 12/24 V DC or AC input",509,USD,Cameras,active
01216-001,"PoE powered white LED illuminator for Axis network cameras. Included interchangeable diverging lenses providing 10°, 35°, 60° & 80° beam angles. Beam distance ranges 25 m to 110 m (80 ft to 360 ft). Made of IK09 impact resistant aluminium and polycarbonate. IP66 and NEMA 4X ratings. Operating temperature -50°C to 50°C (-58 °F to 122 °F). PoE+ IEEE 802.3at required.",509,USD,Cameras,active
01212-001,"IR LED illuminator for Axis network cameras. Included interchangeable diverging lenses providing 10°, 35°, 60° & 80° beam angles. Beam distance ranges 70m to 350m (230ft to 1150 ft). Made of IK09 impact-resistant aluminium and polycarbonate. IP66 and NEMA 4X ratings. Operating temperature -50°C to 50°C (-58 °F to 122 °F). 12/24 V DC or AC input.",909,USD,Cameras,active
01213-001,"PoE powered IR LED illuminator for Axis network cameras. Included interchangeable diverging lenses providing 10°, 35°, 60° & 80° beam angles. Beam distance ranges 70m to 350m (230ft to 1150 ft). Made of IK09 impact-resistant aluminium and polycarbonate. IP66 and NEMA 4X ratings. Operating temperature -50°C to 50°C (-58 °F to 122 °F). PoE+ IEEE 802.3at required.",909,USD,Cameras,active
01217-001,"White LED illuminator for Axis network cameras. Included interchangeable diverging lenses providing 10°, 35°, 60° & 80° beam angles. Beam distance ranges 35m to 180m (115ft to 590ft). Made of IK09 impact-resistant aluminium and polycarbonate. IP66 and NEMA 4X ratings. Operating temperature -50°C to 50°C (-58 °F to 122 °F). 12/24 V DC or AC input.",909,USD,Cameras,active
01218-001,"PoE powered white LED illuminator for Axis network cameras. Included interchangeable diverging lenses providing 10°, 35°, 60° & 80° beam angles. Beam distance ranges 35m to 180m (115ft to 590ft). Made of IK09 impact-resistant aluminium and polycarbonate. IP66 and NEMA 4X ratings. Operating temperature -50°C to 50°C (-58 °F to 122 °F).PoE+ IEEE 802.3at required.",849,USD,Cameras,active
01214-001,IR LED illuminator for Axis network cameras. Included interchangeable diverging lenses providing 10°-140° beam angles. Beam distance ranges 105m to 500m (345ft to 1640ft). Made of IK09 impact-resistant aluminium and polycarbonate. IP66 and NEMA 4X ratings. Operating temperature -50°C to 50°C (-58 °F to 122 °F). 12/24 V DC or AC input.,1369,USD,Cameras,active
5505-681,"Accessory lens providing 120° beam angle, beam distance is 15 m (49 ft). Compatible with AXIS T90B25 W-LED.",31,USD,Access,active
5505-701,"Accessory lens providing 120° beam angle, beam distance 20 m (66 ft). Compatible with AXIS T90B20 IR-LED.",31,USD,Access,active
5505-691,"Accessory lens providing 120° beam angle, beam distance 20 m (66 ft). Compatible with AXIS T90B35 W-LED.",41,USD,Access,active
5505-711,"Accessory lens compatible with AXIS T90B30 IR-LED providing 120° beam angle, beam distance 30 m (98 ft). Also compatible with AXIS T90B40 IR-LED (two lenses are required as the illuminator has two panels). The beam angle can be adjusted  between 120° and 180°, with a beam distance stretching from 65 m to 45 m (213 ft to 148 ft). This sales part includes one lens.",41,USD,Access,active
01235-001,Accessory lens providing 120° beam angle,41,USD,Access,active
5800-931,"The remote control is compatible with all Axis T90B illuminators and provides the possibility 
to adjust settings of light intensity, photocell sensitivity and more conveniently from the 
ground level. No lift or ladder required. The remote control feature can be disabled after the 
installation is finalized to avoid tampering.",41,USD,Access,active
01219-001,Mounting bracket for AXIS T90 illuminators.,41,USD,Recorder accessories,active
01220-001,Mounting bracket for AXIS T90 illuminators.,52,USD,Recorder accessories,active
01221-001,Mounting bracket for AXIS T90 illuminators.,73,USD,Recorder accessories,active
5503-841,"Intrusion door switch for AXIS T98A, connection to I/O port.",31,USD,Switches,active
01802-001,AXIS Dome Intrusion Switch C can be placed in compatible Axis dome cameras and devices to trigger an event upon removal of the casing. Connects directly to the I/O port.,20,USD,Switches,active
01534-001,AXIS Fixed Box IR Illuminator Kit A for AXIS P1375-E. For mounting on AXIS P13 Series camera. Range of reach 50 m (164 ft) or more depending on the scene. Powered by AXIS P13 Series camera. Requires Power over Ethernet (PoE) IEEE 802.3af/802.3at Type 1 Class 4 midspan power for AXIS P13 Series camera.,119,USD,Power Supply,active
02194-001,"Illuminator Kit for AXIS P13 Series and AXIS Q1656-BE. Offers both and 850nm or 940nm wavelength. Powered by the camera. Camera requires Power over Ethernet (PoE) IEEE 802.3af/802.3at Type 1 Class 4 midspan power for AXIS P13 Series and AXIS Q1656-BE camera. 
AXIS TQ1901-E IR ILLUMINATOR KIT is included in AXIS Q1656-LE and AXIS Q1656-BLE",169,USD,Power Supply,active
01765-001,AXIS I/O Indication LED is an easy to install signaling accessory for all AXIS devices that support 12 V I/O and can be setup through the event handling of the device to address desired deterrence or privacy concerns. The LED comes with IP44 rating. Up to three LEDs could be installed with AXIS devices that support 50 mA load on their I/O ports. This product comes in a 4-pack.,73,USD,Access,active
02040-001,AXIS Camera Heater Power Supply helps extending the operating temperature of AXIS Q6010 / Q6100 -E up to -50°C (-58°F) when installed in extreme cold environments.,119,USD,Power Supply,active
02195-001,"Illuminator Kit compatible with: AXIS P1375-E, AXIS P1377-LE, AXIS P1378-LE, AXIS Q1656-BE, AXIS Q1656-BLE, AXIS Q1656-LE.  Offers IR with White light module – 840nm with white leds.  Powered by the camera. Camera requires Power over Ethernet (PoE) IEEE 802.3af/802.3at Type 1 Class 4 midspan.  

Note there is a similar illuminator kit for same cameras: 02194-001 and the difference is only the White light, where: 02194-001 – IR  with IR modules – 840nm with 940nm.",169,USD,Power Supply,active
02565-001,"4 pack accessory casing to prevent tampering.  Offer a secure way by a screw to increase the tamper resistance by replacing standard cover with the new Tamper Cover. It require special tools (resitorx) to open the cover.  Allen key, TX6 screw, cover, cover top hatch come in the package.  Compatible with M3085-V, M3086-V, M3088-V.",84,USD,Access,active
02572-001,"4 pack accessory casing to prevent tampering. Offer a secure way by a screw to increase the tamper resistance by replacing standard cover with the new Tamper Cover. It require special tools (resitorx) to open the cover. Allen key, TX6 screw, cover, cover top hatch come in the package. Compatible with M4216-LV/V.",63,USD,Access,active
5506-244,"Angled C13 mains cable for use when limited space. Open ends for installation in terminal blocks etc.
Use when installing midspan into AXIS T98A Surveillance cabinet.",20,USD,Power Supply,active
02627-004,"Wireless communication kit for AXIS M1075-L Box Camera.
The kit includes a wireless adapter and a power injector for AXIS M1075-L Box Camera. This allows the camera to communicate with 2.4 GHz and 5 GHz frequency. The wireless adapter supports 802.11ac/b/g/n. The power injector is powered by 100-240 V AC (50-60 Hz). Requires ethernet cable.",73,USD,Cameras,active
03004-001,"AXIS TQ1937-E IR Illuminator Kit has a powerful IR and is designed to fit AXIS Q16 Series and AXIS P13 Series. The improved IR has 4 lenses: 2 wide-angle lenses for zoomed-out views and 2 tele lenses for zoomed-in views. It enables cost-efficient surveillance in pitch darkness and includes power-efficient, long-life 850 nm IR with a range of reach of 50 m (164 ft). The IP66/67 and IK10-rated IR can easily be mounted on the bottom of the outdoor models in AXIS Q16 Series and AXIS P13 Series. 

AXIS TQ1937-E IR Illuminator Kit is included in Q1686-DLE.",179,USD,Recorder accessories,active
01942-001,"AXIS D4100-E Network Strobe Siren helps deter intruders and improve operations with the power of light and sound. Flexible to configure with a combination of RGBA light patterns and sounds up to 110 dB. Easy to setup through two configurable I/O ports, VAPIX, MQTT or SIP.  Power over Ethernet. IP66 and IK10 outdoor ready, vandal-resistant casing. Includes mounting bracket for wall/ceiling or junction boxes.",469,USD,Alarms,active
02930-001,"Powerful Network Strobe Speaker. First D4XXX product with real speaker and a lot of added functionality, like two-way audio, poe passthrough, audio analytics, more LED colors and 102dB speaker",949,USD,Audio and power accessories,active
03105-001,Updated D4100-VE MK II Network Strobe Siren. Better CPU. Update done for future proofing,549,USD,Alarms,active
01564-001,"AXIS D2110-VE Security Radar, 24.05–24.25 GHz, FMCW, for wall mounting outdoor. Reliable 180 degrees horizontal field of detection 24/7 with built-in analytics including classification of humans and vehicles. Complement to video surveillance enables filtering on distance, customized detection zones, and auto-tracking for PTZ cameras. Trigger events to activate camera recording, audio notification or light source for deterrence. Open API for software integration, microSD/SDHC memory card slot for edge storage, 30W PoE out to power an additional device, 4 input/output ports, 24 V DC relay port. Powered by PoE+ (IEEE 802.3at, Type 2 Class 4) or DC 8-28V. IP66, IK08 and NEMA 4. Operating conditions -40°C to 60°C (-40°F to 140°F).",1799,USD,Audio and power accessories,active
02955-001,"AXIS D2210-VE Security Radar, White front. 61.0–61.5 GHz, FMCW, for pole and wall mount. Reliable 95 degrees horizontal field of detection 24/7 with built-in analytics including classification of humans and vehicles.
Optimized for both area monitoring and traffic monitoring. Complement to video surveillance enables filtering on distance, customized detection zones, Radar Autotracking and Radar Autotracking for PTZ cameras. Trigger events to activate camera recording, audio notification or light source for deterrence. Integrated dynamic LEDs for deterrence. Open API for software integration, microSD/SDHC memory card slot for edge storage. 30W PoE out to power an additional device, 1 input and 1 output ports, 24 V DC. Powered by PoE (IEEE 802.3bt, Type 3 Class 6) or DC 8-28V. IP66, IK08 and NEMA 4. Operating conditions -40°C to 60°C (-40°F to 140°F).",1269,USD,Audio and power accessories,active
02770-001,"AXIS D2210-VE Security Radar, Black front. 61.0–61.5 GHz, FMCW, for pole and wall mount. Reliable 95 degrees horizontal field of detection 24/7 with built-in analytics including classification of humans and vehicles.
Optimized for both area monitoring and traffic monitoring. Complement to video surveillance enables filtering on distance, customized detection zones, Radar Autotracking and Radar Autotracking for PTZ cameras. Trigger events to activate camera recording, audio notification or light source for deterrence. Integrated dynamic LEDs for deterrence. Open API for software integration, microSD/SDHC memory card slot for edge storage. 30W PoE out to power an additional device, 1 input and 1 output ports, 24 V DC. Powered by PoE (IEEE 802.3bt, Type 3 Class 6) or DC 8-28V. IP66, IK08 and NEMA 4. Operating conditions -40°C to 60°C (-40°F to 140°F).",1269,USD,Audio and power accessories,active
02101-004,AXIS D8004 Unmanged PoE Switch is a 4 channel 10/100 Mbps PoE+ switch with plug & play installation. The unmanaged switch comes with a 60 W power budget and is perfect as an entry-level switch for small systems with PoE requirements.,119,USD,Switches,active
01449-001,"Outdoor 4-port managed PoE switch for surveillance applications. 4 PoE ports with up to 60W PoE per port and one SFP port for uplink. Robust metal enclosure with wide temperature range , IP67 and surge protection for demanding installations. Managed switch for remote configuration and management.",1379,USD,Switches,active
01633-001,"AXIS T8504-R Industrial PoE Switch is a 4-port managed industrial PoE++ Gigabit switch. In addition, the switch is equipped with 2 x RJ45 and 2x SFP data ports that allows for extra devices to be connected. The switch uses the same intuitive administrator interface as AXIS T85 PoE Network Switch Series, is ruggedized with a wide temperature range and NEMA TS2 compliant.",789,USD,Switches,active
02621-001,"AXIS D8208-R Industrial PoE Switch is a 8-port managed industrial PoE++ Gigabit switch. In addition, the switch is equipped with 2 x RJ45 and 2x SFP data ports that allows for extra devices to be connected. The switch uses the same intuitive administrator interface as AXIS T85 PoE Network Switch Series, is ruggedized with a wide temperature range and NEMA TS2 compliant.",1159,USD,Switches,active
01191-004,"PoE+ managed fanless gigabit network switch, optimized for Axis network products. 2 SFP/RJ45 uplink ports and 8 PoE+ ports with 130W power supply. Built in DCHP server for plug-and-play camera setup. Easy system configuration for effective installation of Axis network products",479,USD,Switches,active
02620-004,"This 48 port network switch is optimized for surveillance solutions. With a unique web graphic user interface, it offers a topology for easy overview and management of all devices in the system.",1999,USD,Switches,active
03063-004,"Switch at aggregation level, instead of access (edge) level
Fiber switch, no PoE with 8 SFP ports (SFP+ and SFP28)
Long distance installations enabler.",1589,USD,Switches,active
0321-021,AXIS P8221 in 10-pack/bulk. Cannot be sold separately as single pack. NO midspans.  Power supplies not included.,4009,USD,Power Supply,active
02553-001,"AXIS T6101 MKII Audio and I/O Interface enabling external two-way audio and configurable supervised inputs / digital outputs for Axis cameras even when they do not have such functionality built-in. Powered by standard Power over Ethernet and PoE passthrough to camera. Allows the connected camera to provide one stream for audio and video, without the need for any additional IP address.",139,USD,Audio and power accessories,active
02554-001,"AXIS T6112 MKII Audio and I/O Interface combines AXIS T6101 MKII Audio and I/O Interface with two microphones in a discreet casing suitable for indoor installation on wall or ceiling. Powered by standard Power over Ethernet and PoE passthrough to camera. Two-way audio and configurable supervised inputs / digital outputs for Axis cameras even when they do not have such functionality built-in. Allows the connected camera to provide one stream for audio and video, without the need for any additional IP address.",189,USD,Audio and power accessories,active
03069-001,"Axis first environment sensor, AXIS D6210 Air Quality Sensor
Seamlessly add indoor air quality monitoring to compatible Axis devices",399,USD,Cameras,active
03037-001,"D3110 Mk II, is an upgraded version of the D3110, with a better CPU, more processing power and future proof.",459,USD,Cameras,active
02126-001,"AXIS TW1100 Clip Mount 5P
5 pack mount for the Klick Fast adaptor on the Axis body worn cameras.
The clip mount is an easy to use, versatile mount suitable for many types of clothing.",119,USD,Recorder accessories,active
02127-001,"AXIS TW1101 MOLLE Mount 5P.
5 pack mount for the Klick Fast adaptor on the Axis body worn cameras.
The MOLLE mount is especially suitable for the MOLLE system found on tactical equipment and such.",84,USD,Recorder accessories,active
02128-001,"AXIS TW1102 Magnet Mount 5P
5 pack mount for the Klick Fast adaptor on the AXIS W100 Body Worn Camera.
The magnet mount is a rugged, versatile mount suitable for many types of clothing",499,USD,Recorder accessories,active
02129-001,"AXIS TW1103 Chest Harness Mount 5P 
5 pack mount for the Klick Fast adaptor on the Axis body worn cameras.
The chest harness mount holds the camera independent of choice of clothing.",199,USD,Recorder accessories,active
02437-001,"5 pack mount for the Klick Fast adaptor on the Axis body worn cameras.
The magnet mount is a rugged, versatile mount suitable for many types of clothing. This updated version perfectly follows the shape of the camera and has an improved stability to the camera.",469,USD,Recorder accessories,active
02689-001,For flexible and light wearing of the AXIS W110 Body Worn Camera on any fabric. Comes in 5-pack.,139,USD,Cameras,active
02690-001,AXIS W110 Body Worn Camera mount for secure wearing compatible with all Klick Fast mounts. Comes in 5-pack.,159,USD,Recorder accessories,active
02966-001,AXIS TW1108 Screw-on Mount offers secure mounting of the body worn camera on any type of garment. With four screws the front of the mount is screwed together with the back through the fabric of the garment. Sold in 5-pack.,105,USD,Recorder accessories,active
03218-021,"5 pack mount for the Klick Fast adaptor on the Axis body worn camera. The harness center mount holds the camera independent of choice of clothing. It features a large mount pad, centered on the body, and its elastic bands makes it easy to adjust and comfortable to wear.",369,USD,Recorder accessories,active
03219-001,"5 pack mount for the Klick Fast adaptor on the Axis body worn cameras.
The MOLLE mount is especially suitable for the MOLLE system found on tactical equipment and such.",84,USD,Recorder accessories,active
01952-001,"As an accessory to the Axis body worn cameras the AXIS TW1200 Body Worn Mini Bullet Sensor is designed to offer a flexible recording position. It supports the Picatinny mounting system, making it compatible with many kinds of available gear, and especially suitable for helmets. AXIS TW1200 offers the same optical performance as the body worn camera with sharp images even in challenging conditions.
Mounting options are included.",229,USD,Recorder accessories,active
02031-001,5 pack adhesive picatinny rail to mount the AXIS TW1200 Body Worn Mini Bullet Sensor on general equipment.,73,USD,Recorder accessories,active
02030-001,5 pack replacement cable holder to securely connect the AXIS TW1200 Body Worn Mini Bullet Sensor cable to the Axis body worn cameras.,36,USD,Cameras,active
02032-001,5 pack replacement lens protector for AXIS TW1200 Body Worn Mini Bullet Sensor.,84,USD,Cameras,active
02261-001,5 pack mount for the AXIS TW1201 Body Worn Mini Cube Sensor. The magnet mount is a light and versatile mount suitable for many types of clothing and positions.,105,USD,Recorder accessories,active
02725-001,"The AXIS 1906 Battery Replacement kit includes everything needed to safely replace the battery in the AXIS W100 Body Worn Camera or the AXIS W101 Body Worn Camera. Included in the kit are 5x replacement batteries, a plastic camera opening tool, a Torx T6 and spare screws.",419,USD,Cameras,active
02958-001,AXIS TW1908 Stud Mount is a sparepart for our body worn cameras using Klick Fast solution and is sold in 10-pack.,52,USD,Recorder accessories,active
03209-001,AXIS TW1909 Charging Adaptor enables quick and easy charging of AXIS W110 Body Worn Camera with a USB-C charger.,52,USD,Cameras,active
02321-001,"The AXIS TW8100 Rack Mount is an accessory that makes it possible to conveniently place multiple AXIS W800 System Controller:s in a 19-inch rack. This mount therefore enables easy placement of the Axis body worn system's controllers in a server room with controlled physical access and operational environment. The TW8100 Rack Mount is flexible and allows both horizontal and vertical placement of devices. In horizontal placement, up to 2 pcs of W800 System Controller are supported and will occupy 2U in height. In vertical placement, up to 6 pcs of controllers are supported and will occupy only 5U in height.
NB: Vertical mounting is only compatible with the AXIS W800 System Controller of revision 2 (R2).",179,USD,Recorder accessories,active
01722-001,"AXIS W100 Body Worn Camera is an easy-to-use, lightweight and robust body worn camera with an operating time of over 12 hours at 1080p. It delivers sharp images even in challenging conditions and has dual microphones for excellent audio and noise suppression. AXIS W100 features the Klick Fast System, making it compatible with most available mounting options, the TW1100 Clip Mount is included. In addition, Axis Zipstream technology allows users to store as much footage as they require without compromising image quality. The camera also features a GPS/GNSS receiver for location data, Bluetooth Low Energy 4.1, IEEE 802.11b/g/n, and a 6-axis gyro and accelerometer.
Docking stations and system controller are sold separately.",689,USD,Controllers,active
01722-021,"24 pack of AXIS W100 Body Worn Camera.
Mounts, docking stations and system controller are sold separately.",16529,USD,Controllers,active
02258-001,"AXIS W101 Body Worn Camera is a robust and easy-to-use body worn camera featuring the KlickFast mounting system. It delivers clear audio with noise suppression and exceedingly sharp images in every frame. Axis Zipstream technology lowers bandwidth and storage requirements without compromising video quality. AXIS W101 offers over 12 hours of battery time at 1080p and charging with any USB-C® charger. Recording is activated automatically upon unholstering and person down. And the location of the camera is continuously recorded with the built-in GNSS receiver (location tracking). Built-in Bluetooth®, and network technologies provide wireless communication with, for example, the AXIS Body Worn Assistant mobile app.
TW1100 Clip Mount included; docking stations and system controller are sold separately.",739,USD,Controllers,active
02259-001,"AXIS W101 Body Worn Camera is a robust and easy-to-use body worn camera featuring the KlickFast mounting system. It delivers clear audio with noise suppression and exceedingly sharp images in every frame. Axis Zipstream technology lowers bandwidth and storage requirements without compromising video quality. AXIS W101 offers over 12 hours of battery time at 1080p and charging with any USB-C® charger. Recording is activated automatically upon unholstering and person down. And the location of the camera is continuously recorded with the built-in GNSS receiver (location tracking). Built-in Bluetooth®, and network technologies provide wireless communication with, for example, the AXIS Body Worn Assistant mobile app.
TW1100 Clip Mount included; docking stations and system controller are sold separately.",739,USD,Controllers,active
02785-004,"AXIS W102 features inbuilt WiFi and Bluetooth®, enabling direct streaming of video and audio with AXIS Body Worn Live. It’s LCD screen provides the wearer with detailed status information. It is robust and easy-to-use, and features the KlickFast mounting system. It delivers clear audio with noise suppression and exceedingly sharp images in every frame. And Electronic Image Stabilization guarantees highest forensic value. AXIS W102 offers up to 12,5 hours of battery time at 1080p and it is possible to charge on the go with any USB-C® charger. Recording can be automatically activated upon unholstering, and the location of the camera is continuously recorded with the built-in GNSS receiver (location tracking).",799,USD,Audio and power accessories,active
02785-024,"AXIS W102 features inbuilt WiFi and Bluetooth®, enabling direct streaming of video and audio with AXIS Body Worn Live. It’s LCD screen provides the wearer with detailed status information. It is robust and easy-to-use, and features the KlickFast mounting system. It delivers clear audio with noise suppression and exceedingly sharp images in every frame. And Electronic Image Stabilization guarantees highest forensic value. AXIS W102 offers up to 12,5 hours of battery time at 1080p and it is possible to charge on the go with any USB-C® charger. Recording can be automatically activated upon unholstering, and the location of the camera is continuously recorded with the built-in GNSS receiver (location tracking). 5-pack.",3989,USD,Audio and power accessories,active
02785-054,"AXIS W102 features inbuilt WiFi and Bluetooth®, enabling direct streaming of video and audio with AXIS Body Worn Live. It’s LCD screen provides the wearer with detailed status information. It is robust and easy-to-use, and features the KlickFast mounting system. It delivers clear audio with noise suppression and exceedingly sharp images in every frame. And Electronic Image Stabilization guarantees highest forensic value. AXIS W102 offers up to 12,5 hours of battery time at 1080p and it is possible to charge on the go with any USB-C® charger. Recording can be automatically activated upon unholstering, and the location of the camera is continuously recorded with the built-in GNSS receiver (location tracking). 24-pack.",19169,USD,Audio and power accessories,active
02786-004,"AXIS W102 features inbuilt WiFi and Bluetooth®, enabling direct streaming of video and audio with AXIS Body Worn Live. It’s LCD screen provides the wearer with detailed status information. It is robust and easy-to-use, and features the KlickFast mounting system. It delivers clear audio with noise suppression and exceedingly sharp images in every frame. And Electronic Image Stabilization guarantees highest forensic value. AXIS W102 offers up to 12,5 hours of battery time at 1080p and it is possible to charge on the go with any USB-C® charger. Recording can be automatically activated upon unholstering, and the location of the camera is continuously recorded with the built-in GNSS receiver (location tracking).",799,USD,Audio and power accessories,active
02258-021,"24 pack of AXIS W101 Body Worn Camera, Black. 
Mounts, docking stations and system controller are sold separately.",17729,USD,Controllers,active
02644-004,"AXIS W110 Body Worn Camera is made for a safer workplace and is used to deter, protect, and document events. It’s sleek and friendly design opens for use in all segments outside law enforcement. With a compact formfactor and low weight together with innovative mounts using strong magnets for flexible mounting. AXIS W110 offers excellent image and audio quality with exceedingly sharp images and clear audio for forensic usability. Built-in Bluetooth®, and network technologies provide wireless communication with, for example, live streaming with AXIS Body Worn Live or the AXIS Body Worn Assistant mobile app. Recording can be activated automatically using Bluetooth® beacons.",629,USD,Audio and power accessories,active
02644-024,"AXIS W110 Body Worn Camera is made for a safer workplace and is used to deter, protect, and document events. It’s sleek and friendly design opens for use in all segments outside law enforcement. With a compact formfactor and low weight together with innovative mounts using strong magnets for flexible mounting. AXIS W110 offers excellent image and audio quality with exceedingly sharp images and clear audio for forensic usability. Built-in Bluetooth®, and network technologies provide wireless communication with, for example, live streaming with AXIS Body Worn Live or the AXIS Body Worn Assistant mobile app. Recording can be activated automatically using Bluetooth® beacons.",3139,USD,Audio and power accessories,active
02680-004,"AXIS W110 Body Worn Camera is made for a safer workplace and is used to deter, protect, and document events. It’s sleek and friendly design opens for use in all segments outside law enforcement. With a compact formfactor and low weight together with innovative mounts using strong magnets for flexible mounting. AXIS W110 offers excellent image and audio quality with exceedingly sharp images and clear audio for forensic usability. Built-in Bluetooth®, and network technologies provide wireless communication with, for example, live streaming with AXIS Body Worn Live or the AXIS Body Worn Assistant mobile app. Recording can be activated automatically using Bluetooth® beacons.",629,USD,Audio and power accessories,active
02680-024,"AXIS W110 Body Worn Camera is made for a safer workplace and is used to deter, protect, and document events. It’s sleek and friendly design opens for use in all segments outside law enforcement. With a compact formfactor and low weight together with innovative mounts using strong magnets for flexible mounting. AXIS W110 offers excellent image and audio quality with exceedingly sharp images and clear audio for forensic usability. Built-in Bluetooth®, and network technologies provide wireless communication with, for example, live streaming with AXIS Body Worn Live or the AXIS Body Worn Assistant mobile app. Recording can be activated automatically using Bluetooth® beacons.",3139,USD,Audio and power accessories,active
02583-004,"AXIS W120 Body Worn Camera is our first fully connected wearable camera. It features inbuilt LTE modem, WiFi and Bluetooth®, enabling direct streaming of video and audio with AXIS Body Worn Live. It’s LCD screen provides the wearer with detailed status information. It is robust and easy-to-use, and features the KlickFast mounting system. It delivers clear audio with noise suppression and exceedingly sharp images in every frame. And Electronic Image Stabilization guarantees highest forensic value. AXIS W120 offers up to 12,5 hours of battery time at 1080p and it is possible to charge on the go with any USB-C® charger. Recording can be automatically activated upon unholstering, and the location of the camera is continuously recorded with the built-in GNSS receiver (location tracking).",899,USD,Audio and power accessories,active
02583-054,"AXIS W120 Body Worn Camera is our first fully connected wearable camera. It features inbuilt LTE modem, WiFi and Bluetooth®, enabling direct streaming of video and audio with AXIS Body Worn Live. It’s LCD screen provides the wearer with detailed status information. It is robust and easy-to-use, and features the KlickFast mounting system. It delivers clear audio with noise suppression and exceedingly sharp images in every frame. And Electronic Image Stabilization guarantees highest forensic value. AXIS W120 offers up to 12,5 hours of battery time at 1080p and it is possible to charge on the go with any USB-C® charger. Recording can be automatically activated upon unholstering, and the location of the camera is continuously recorded with the built-in GNSS receiver (location tracking). 5-pack.",4489,USD,Audio and power accessories,active
02583-024,"AXIS W120 Body Worn Camera is our first fully connected wearable camera. It features inbuilt LTE modem, WiFi and Bluetooth®, enabling direct streaming of video and audio with AXIS Body Worn Live. It’s LCD screen provides the wearer with detailed status information. It is robust and easy-to-use, and features the KlickFast mounting system. It delivers clear audio with noise suppression and exceedingly sharp images in every frame. And Electronic Image Stabilization guarantees highest forensic value. AXIS W120 offers up to 12,5 hours of battery time at 1080p and it is possible to charge on the go with any USB-C® charger. Recording can be automatically activated upon unholstering, and the location of the camera is continuously recorded with the built-in GNSS receiver (location tracking). 24-pack.",21569,USD,Audio and power accessories,active
02681-004,"AXIS W120 Body Worn Camera is our first fully connected wearable camera. It features inbuilt LTE modem, WiFi and Bluetooth®, enabling direct streaming of video and audio with AXIS Body Worn Live. It’s LCD screen provides the wearer with detailed status information. It is robust and easy-to-use, and features the KlickFast mounting system. It delivers clear audio with noise suppression and exceedingly sharp images in every frame. And Electronic Image Stabilization guarantees highest forensic value. AXIS W120 offers up to 12,5 hours of battery time at 1080p and it is possible to charge on the go with any USB-C® charger. Recording can be automatically activated upon unholstering, and the location of the camera is continuously recorded with the built-in GNSS receiver (location tracking).",899,USD,Audio and power accessories,active
02724-001,"1-year license for AXIS Body Worn Live, used to stream live video, audio and metadata from our body worn cameras.
Secure and reliable, it supports informed decision making by operators and provides an added sense of safety for the camera wearers.
AXIS Body Worn Live has several layers of security and the transmission is protected by full end-to-end encryption, ensuring that customer owns their encryption keys. 
It offers 24-hour data retention, and stream gap retrieval ensures that the customer never miss a thing despite any temporary connection dropout.
Being a web-based application it's compatible with PCs, tablets and Android mobile devices and works independently of the user's choice of video or evidence management system.
 
Delivered as eLicense key. One license key per order line. Note: eLicenses are non-cancellable, non-changeable and non-returnable.",209,USD,Software and licensing,active
02084-001,"AXIS Case Insight securely gathers evidence in an easy-to-manage, centralized location. All types of digital evidence can be uploaded and it’s easy to collaborate with internal investigators and share information externally. With automatic redaction of faces, it’s easy to protect sensitive information and ensure the public’s privacy remains intact. Designed with cybersecurity in mind, it offers end-to-end encryption of videos from the AXIS W100 Body Worn Camera. Audit trail functionality records every change made to the files ensuring your evidence can hold up in court. This end-to-end solution with integration possibilities automatically collects evidence from Axis body worn cameras. Furthermore, with all hardware, software, and hosting from Axis, users can benefit from one, complete solution from one, trusted supplier.
Includes access and unlimited storage for Body Worn Camera videos from one camera during one year. Additional storage for other evidence are sold separately.
NB: A reference key is required to place an order. Please go to https://axis.com/bodyworn-registration",999,USD,Cameras,active
02291-001,"NB: Only for existing Case Insight users.
Case Insight Additional Storage provides 1 TB of storage in AXIS Case Insight for non-body worn digital evidence material during one year. This could be almost any video file, image file or even document. Such material is either uploaded from inside Case Insight or through a Public Upload portal from anyone with a mobile phone. All digital evidence material can efficiently be organized in cases and easily shared both internally and externally.
NB: A reference key is required to place an order. Please go to https://axis.com/bodyworn-registration",999,USD,Cameras,active
02287-001,"NB: For customers requiring CJIS storage
AXIS Case Insight securely gathers evidence in an easy-to-manage, centralized location. All types of digital evidence can be uploaded and it’s easy to collaborate with internal investigators and share information externally. With automatic redaction of faces, it’s easy to protect sensitive information and ensure the public’s privacy remains intact. Designed with cybersecurity in mind, it offers end-to-end encryption of videos from the AXIS W100 Body Worn Camera. Audit trail functionality records every change made to the files ensuring your evidence can hold up in court. This end-to-end solution with integration possibilities automatically collects evidence from Axis body worn cameras. Furthermore, with all hardware, software, and hosting from Axis, users can benefit from one, complete solution from one, trusted supplier.
Includes access and unlimited storage for Body Worn Camera videos from one camera during one year. Additional storage for other evidence are sold separately.
NB: A reference key is required to place an order. Please go to https://axis.com/bodyworn-registration",999,USD,Cameras,active
02294-001,"NB: For customers requiring CJIS storage
NB: Only for existing Case Insight users
Case Insight Additional Storage provides 1 TB of storage in AXIS Case Insight for non-body worn digital evidence material during one year. This could be almost any video file, image file or even document. Such material is either uploaded from inside Case Insight or through a Public Upload portal from anyone with a mobile phone. All digital evidence material can efficiently be organized in cases and easily shared both internally and externally.
NB: A reference key is required to place an order. Please go to https://axis.com/bodyworn-registration",999,USD,Cameras,active
02295-001,"NB: For users in Canada
AXIS Case Insight securely gathers evidence in an easy-to-manage, centralized location. All types of digital evidence can be uploaded and it’s easy to collaborate with internal investigators and share information externally. With automatic redaction of faces, it’s easy to protect sensitive information and ensure the public’s privacy remains intact. Designed with cybersecurity in mind, it offers end-to-end encryption of videos from the AXIS W100 Body Worn Camera. Audit trail functionality records every change made to the files ensuring your evidence can hold up in court. This end-to-end solution with integration possibilities automatically collects evidence from Axis body worn cameras. Furthermore, with all hardware, software, and hosting from Axis, users can benefit from one, complete solution from one, trusted supplier.
Includes access and unlimited storage for Body Worn Camera videos from one camera during one year. Additional storage for other evidence are sold separately.
NB: A reference key is required to place an order. Please go to https://axis.com/bodyworn-registration",999,USD,Cameras,active
02297-001,"NB: For users in Canada
NB: Only for existing Case Insight users.
Case Insight Additional Storage provides 1 TB of storage in AXIS Case Insight for non-body worn digital evidence material during one year. This could be almost any video file, image file or even document. Such material is either uploaded from inside Case Insight or through a Public Upload portal from anyone with a mobile phone. All digital evidence material can efficiently be organized in cases and easily shared both internally and externally.
NB: A reference key is required to place an order. Please go to https://axis.com/bodyworn-registration",999,USD,Cameras,active
02749-001,"1-year license for AXIS Body Worn Manager Pro, a windows software to take control of, manage and track several body worn systems. Allowing for more advanced features and large installations to be deployed and maintained easily. AXIS Body Worn Manager Pro also comes with Active Directory integration for easy maintenance of large wearer groups.

Delivered as eLicense key. One license key per order line. Note: eLicenses are non-cancellable, non-changeable and non-returnable.",209,USD,Software and licensing,active
03080-001,"1-year license for AXIS Body Worn Live Self-hosted, used to stream live video, audio and metadata from our body worn cameras. Secure and reliable, it supports informed decision making by operators and provides an added sense of safety for the camera wearers.

AXIS Body Worn Live Self-hosted is hosted locally either by the customer or integrator in their own environment. It offers very low latency, dynamic bitrate and the possibility to be used directly in a video management system.

Delivered as eLicense key. One license key per order line. Note: eLicenses are non-cancellable, non-changeable and non-returnable.",29,USD,Software and licensing,active
01964-004,"AXIS W800 System Controller is the central integration and management point of the body worn solution. It ensures a high speed and supervised data offloading from the cameras and has built in temporary storage.
A single AXIS W800 supports up to five docking stations and 40 cameras and larger body worn systems can easily be extended with additional system controllers.
Power adaptor and mounting bracket are included.",1279,USD,Controllers,active
02969-004,AXIS W700 MkII Docking Station 1 Bay charges the battery and ensures easy data offloading of a single body worn camera. Power adaptor included.,119,USD,Recorder accessories,active
02970-004,AXIS W701 MkII Docking Station 8 Bay charges the batteries and ensures easy data offloading of up to eight body worn cameras. Power adaptor included.,639,USD,Recorder accessories,active
02645-004,"AXIS W702 Docking Station 1 Bay charges the battery and ensures easy data offloading of a single AXIS W110 body worn camera.
Power adaptor included.",119,USD,Recorder accessories,active
02646-004,"AXIS W703 Docking Station 8 Bay charges the batteries and ensures easy data offloading of up to eight AXIS W110 body worn cameras.
Power adaptor included.",629,USD,Recorder accessories,active
03077-004,"AXIS W401 Body Worn Activation Kit, with its small, streamlined form, this device fits seamlessly into tight spaces, simplifying installation wherever space is limited. It allows for automatic activation of recording on all body worn cameras within the same system, triggered by I/O inputs such as lightbar or siren activation, a panic button press, fire alarms, or any MQTT events—ensuring critical moments are always captured during escalated incidents.",429,USD,Alarms,active
