"sku","description","price","currency","family","status"
"TNO-A26081","26MP Network AI Bullet Camera, 28.3mm APS CMOS image sensor, Max. 30fps@26MP, 0.2lux@F4.0 (Color), 55~250mm (4.54x) manual varifocal lens, H.265, H.264, MJPEG codec, WiseStreamⅡ, WiseStreamⅢ (Using AI engine), Installed Video Analytics based on AI [Object detection and classification (Person, Face, Vehicle, License plate), Attribute, BestShot] People counting, Vehicle counting, Queue management, Heatmap; Supported Video Analytics based on AI: Traffic Pack, Factory Pack (no license key required), 2-way audio, Sound detection and classification, TPM2 with FIPS 140-3 level2, Secure boot, Verify firmware forgery, Modular structure for easy installation​, 2x micro SD card (512GB x2), Operating temperature: -40°C~+50°C(-40°F ~ +122°F), Power: HPoE (802.3bt type3, class6)/12VDC, Metal shielded RJ-45, SFP slot, IP66/IP67, IK10, NEMA4X","10873.0","CAD","Software and licensing","active"
"TNB-9000"," 43.3mm full-frame CMOS Image Sensor, Max.15fps@8K, 20fps@24MP, 30fps@15MP, 60fps@4K, Compatible with Canon EF mount Lens, Intelligent video analytics based on AI (Object detection/classification, Attribute, BestShot), HDMI (1080p 30fps) Video Output, H.265/H.264 : Main/High, MJPEG, Single Micro SD slot (Up to 256GB), WiseStreamⅡ support, RJ-45, SFP slot(100/1000Mbps), HPoE(IEEE802.3bt, Class5), 12VDC, AI based analytics","15720.0","CAD","Recorder accessories","active"
"PNM-C32084RQZ-8XE256G-LU","Wisenet P series network vandal outdoor Multi-Directional camera  [WiseAI ON] 4CH x 8MP @ 15FPS / [WiseAI OFF] 4CH x 8MP @ 20FPS, Motorized Varifocal Lens 4.38~9.33mm (FoV H: 112.1°~47.5°, V: 58°~26.6°) with PTRZ function, triple codec H.265/H.264/MJPEG, 120dB WDR; IR viewable length 25m (82ft); Lumeo: Retail, Transportation, Smart Cities, Logistics, Enterprise Security and more ;Wise AI: Analytics events based on AI engine: Classified object type: Person/Face/Vehicle/License plate; Attributes: Vehicle(Type and color: car/bus/truck/motorcycle/bicycle), Person (upper and bottom clothing color), IVA (Virtual line/Area, Enter/Exit, Loitering, direction, intrusion), Appear/Disappear, WiseNR Ⅱ(using AI engine), WiseStreamⅢ(Based on AI engine), I/O Box compatibility; TPM with FIPS 140-2 level2, micro SD card 512GB x2, IP66, IK10, NEMA4X, NEMA-TS2(2.2.7), 150MPH Wind load resistant, Operating Temperature: -40°C~+55°C(-40°F~+131°F), HPoE Injector Included, Hard-coated dome bubble, Includes Jetson ORIN NX 8GB with 256GB NVMe SSD Storage, and Lumeo AI Gateway with 4 x Camera Channels 1 Year Enterprise License.","12019.25","CAD","Software and licensing","active"
"PNM-C32084RQZ-8XE4T-W","Wisenet P series network vandal outdoor Multi-Directional camera  [AI ON] 4CH x 8MP @ 15FPS / [AI OFF] 4CH x 8MP @ 20FPS, Motorized Varifocal Lens 4.38~9.33mm (FoV H: 112.1°~47.5°, V: 58°~26.6°) with PTRZ function, triple codec H.265/H.264/MJPEG, 120dB WDR; IR viewable length 25m (82ft), Analytics events based on AI engine: Classified object type: Person/Face/Vehicle/License plate; Attributes: Vehicle(Type and color: car/bus/truck/motorcycle/bicycle), Person (upper and bottom clothing color), IVA (Virtual line/Area, Enter/Exit, Loitering, direction, intrusion), Appear/Disappear, WiseNR Ⅱ(using AI engine), WiseStreamⅢ(Based on AI engine), I/O Box compatibility; TPM with FIPS 140-2 level2, micro SD card 512GB x2, IP66, IK10, NEMA4X, NEMA-TS2(2.2.7), 150MPH Wind load resistant, Operating Temperature: -40°C~+55°C(-40°F~+131°F), HPoE Injector Included, Hard-coated dome bubble, Includes Jetson ORIN NX 8GB with 4TB NVMe SSD Storage, Pre-Installed WAVE Server with 1 Pro License, Pre-installed WAVE AI Plugin","12693.9","CAD","Software and licensing","active"
"PNM-C19183RVTP","Wisenet P series network vandal outdoor Multi-Directional camera, 3CH x 5MP @ 30FPS and 4MP PTZ 18x Zoom, 3CH Fix Lens 2.4mm (FoV H: 123°, V: 91°), 120dB WDR; IR viewable length 15m(49ft), Analytics events based on AI engine: Classified object type: Person/Face/Vehicle/License plate; Attributes: Vehicle(type and color: car/bus/truck/motorcycle/bicycle), Person (upper and bottom clothing color), IVA (Virtual line/Area, Enter/Exit, Loitering, Direction, Intrusion), Appear/Disappear; Business Intelligence Based on AI engine: People counting, Vehicle counting, Queue management, Heatmap; WiseNR Ⅱ(using AI engine), WiseStreamⅢ (Based on AI engine), I/O Box compatibility; Secure element (FIPS 140-3 level3), micro SD card 512GB x2, IP66, IK10, NEMA4X, Operating Temperature: -40°C~+55°C(-40°F~+131°F), PoE++ (injector included), Hard-coated dome bubble.","5436.5","CAD","Software and licensing","active"
"PNM-C34404RQPZ","Wisenet P series network vandal outdoor Multi-Directional camera with PTZ, [AI ON] 4CH x 8MP @ 15FPS / [AI OFF] 4CH x 8MP @ 20FPS + PTZ 40x 2MP @ 60FPS, 4CH Remote PTRZ Lens 3.3~5.7mm (FoV H: 109°~56°, V: 55°~31°), triple codec H.265/H.264/MJPEG, 120dB WDR; IR viewable [4CH] length 20m (65ft) / [PTZ] WiseIR 200m (656ft), Analytics events based on AI engine: Object detection [Person/Vehicle (Car/Bus/Truck/Motorcycle/Bicycle)], IVA (Virtual line/Area, Enter/Exit, Loitering, direction, intrusion), Appear/Disappear, WiseNR Ⅱ(using AI engine), WiseStreamⅢ(Based on AI engine), I/O Box compatibility; TPM with FIPS 140-2 level2, micro SD card 512GB x2, IP66, IK10, NEMA4X, Operating Temperature: -40°C~+50°C(-40°F~+122°F), HPoE (injector included), Hard-coated dome bubble","9956.0","CAD","Cameras","active"
"PNM-9084QZ1","Wisenet P series network vandal outdoor Multi-sensor Multi-Directional dome camera, (2MP X 4 sensors) 8MP @ 60fps, motorized vari-focal lens 2x (3.0~6.0mm) (107°~56.3°), PTRZ (Pan/Tilt/Rotate/Zoom) remote adjustment, triple codec H.265/H.264/MJPEG with WiseStream II technology, 120dB WDR, defocus detection, built in analytics, true D/N, 4x SD card, hallway view, HLC, defog detection, Bi-Directional Audio,  Alarm I/O 1/1, IP66, IK10, NEMA4X, -40°C ~ +55°C (-40°F ~ +131°F), White, DIS, HPoE Injector included","2882.0","CAD","Power Supply","active"
"PNM-C16083RQZ","Wisenet P series network vandal outdoor Multi-Directional camera [AI ON] 4CH x 4MP @ 30FPS, Motorized Varifocal Lens with PTRZ function 3.2~10.2mm (FoV H: 95°~29°, V: 69°~21°), triple codec H.265/H.264/MJPEG, 120dB WDR; IR viewable length [PoE++ 20m(65.6ft), PoE+ 15m(49ft)], Analytics events based on AI engine: Classified object type: Person/Face/Vehicle/License plate; Attributes: Vehicle(Type and color: car/bus/truck/motorcycle/bicycle), Person (upper and bottom clothing color), IVA (Virtual line/Area, Enter/Exit, Loitering, direction, intrusion), Appear/Disappear, WiseNR Ⅱ(using AI engine), WiseStreamⅢ(Based on AI engine), I/O Box compatibility; TPM with FIPS 140-2 level2, micro SD card 512GB x2, IP66, IK10, NEMA4X, Operating Temperature: -40°C~+55°C(-40°F~+131°F), PoE++/PoE+, Hard-coated dome bubble.","4061.0","CAD","Software and licensing","active"
"PNM-C16083RVQ","Wisenet P series network vandal outdoor Multi-Directional camera 4CH x 4MP @ 30FPS, Motorized Varifocal Lens 3.3~5.7mm (FoV H: 100°~53°, V: 54°~30°), triple codec H.265/H.264/MJPEG, 120dB WDR; IR viewable length [PoE+] 15m (49ft) / [HPoE] 20m (65ft), USB port for easy installation, Analytics events based on AI engine: Object detection [Person/Vehicle (Car/Bus/Truck/Motorcycle/Bicycle)], IVA (Virtual line/Area, Enter/Exit, Loitering, direction, intrusion), Appear/Disappear, WiseNR Ⅱ(using AI engine), WiseStreamⅢ(Based on AI engine), I/O Box compatibility; TPM with FIPS 140-2 level2, micro SD card 512GB x2, IP66, IK10, NEMA4X, Operating Temperature: -40°C~+55°C(-40°F~+131°F); PoE+ /HPoE, Hard-coated dome bubble","3733.5","CAD","Cameras","active"
"PNM-C16013RVQ","Wisenet P series network vandal outdoor mini Multi-Directional camera 4CH x 4MP @ 15FPS, Fix Lens 3.19mm (FoV H: 97°, V: 54°), triple codec H.265/H.264/MJPEG, 120dB WDR; IR viewable length 20m (65.6ft), USB port for easy installation, Analytics events based on AI engine: Object detection [Person/Vehicle (Car/Bus/Truck/Motorcycle/Bicycle)], IVA (Virtual line/Area, Enter/Exit, Loitering, direction, intrusion), Appear/Disappear, WiseNR Ⅱ(using AI engine), WiseStreamⅢ(Based on AI engine), I/O Box compatibility; TPM with FIPS 140-2 level2, micro SD card 512GB x2, IP66, IK09, NEMA4X, Operating Temperature: -40°C~+55°C(-40°F~+131°F); PoE+ /HPoE, Hard-coated dome bubble","2489.0","CAD","Cameras","active"
"PNM-9084RQZ1","Wisenet P series network vandal outdoor Multi-sensor Multi-Directional dome camera, 2MP x 4ch multi-directional camera, Motorized PTRZ support, Max. 60fps@2MP(H.265, H.264), 3.2~10mm(3.1x) motorized varifocal, IR viewable length: 30m, H.265, H.264, MJPEG with WiseStream II technology, 120dB WDR, defocus detection, built in analytics, true D/N, 4x SD card, hallway view, HLC, defog detection, Bi-Directional Audio,  Alarm I/O 1/1, IP66, IK10, NEMA4X, -40°C ~ +55°C (-40°F ~ +131°F), White, DIS, HPoE Injector included","3772.8","CAD","Power Supply","active"
"PNM-C32083RQZ","Wisenet P series network vandal outdoor Multi-Directional camera [AI ON] 4CH x 8MP @ 15FPS / [AI OFF] 4CH x 8MP @ 20FPS, Motorized Varifocal Lens with PTRZ function 4.38~9.33mm (FoV H: 112.1°~47.5°, V: 58°~26.6°), triple codec H.265/H.264/MJPEG, 120dB WDR; IR viewable length [PoE++ 25m(82ft), PoE+ 15m(49ft)], Analytics events based on AI engine: Classified object type: Person/Face/Vehicle/License plate; Attributes: Vehicle(Type and color: car/bus/truck/motorcycle/bicycle), Person (upper and bottom clothing color), IVA (Virtual line/Area, Enter/Exit, Loitering, direction, intrusion), Appear/Disappear, WiseNR Ⅱ(using AI engine), WiseStreamⅢ(Based on AI engine), I/O Box compatibility; TPM with FIPS 140-2 level2, micro SD card 512GB x2, IP66, IK10, NEMA4X, Operating Temperature: -40°C~+55°C(-40°F~+131°F), PoE++/PoE+, Hard-coated dome bubble","5109.0","CAD","Software and licensing","active"
"PNM-C32083RVQ","Wisenet P series network vandal outdoor Multi-Directional camera [AI ON] 4CH x 8MP @ 15FPS / [AI OFF] 4CH x 8MP @ 20FPS, Motorized Varifocal Lens 3.3~5.7mm (FoV H: 109°~56°, V: 55°~31°), triple codec H.265/H.264/MJPEG, 120dB WDR; IR viewable length [PoE+] 15m (49ft) / [HPoE] 20m (65ft), USB port for easy installation, Analytics events based on AI engine: Object detection [Person/Vehicle (Car/Bus/Truck/Motorcycle/Bicycle)], IVA (Virtual line/Area, Enter/Exit, Loitering, direction, intrusion), Appear/Disappear, WiseNR Ⅱ(using AI engine), WiseStreamⅢ(Based on AI engine), I/O Box compatibility; TPM with FIPS 140-2 level2, micro SD card 512GB x2, IP66, IK10, NEMA4X, Operating Temperature: -40°C~+55°C(-40°F~+131°F), PoE+ /HPoE, Hard-coated dome bubble","4192.0","CAD","Cameras","active"
"PNM-9085RQZ1","Wisenet P series network vandal outdoor Multi-sensor Multi-Directional dome camera, 5MP x 4ch multi-directional camera, Motorized PTRZ support, Max. 30fps@5MP(H.265, H.264), 4.13~9.4mm(2.3x) motorized varifocal lens, IR viewable length: 30m, H.265, H.264, MJPEG with WiseStream II technology, 120dB WDR, defocus detection, built in analytics, true D/N, 4x SD card, hallway view, HLC, defog detection, Bi-Directional Audio,  Alarm I/O 1/1, IP66, IK10, NEMA4X, -40°C ~ +55°C (-40°F ~ +131°F), White, DIS, HPoE Injector included","4978.0","CAD","Power Supply","active"
"PNM-C20000QB","Wisenet P series network remote head camera 4CH x 2MP @ 30FPS or 4CH x 5MP @ 15FPS, Triple codec H.265/H.264/MJPEG, 120dB WDR, Analytics events based on AI engine: Classified object type: Person/Face/Vehicle/License plate, Attributes: Vehicle(Type and color: car/bus/truck/motorcycle/bicycle), Person (upper and bottom clothing color), IVA (Virtual line/Area, Enter/Exit, Loitering, Intrusion), Appear/Disappear, Business intelligence based on AI engine: People counting, Vehicle counting, Queue management, Heatmap, WiseNR Ⅱ(Based on AI engine), WiseStreamⅢ(Based on AI engine), USB-C for easy installation, 4 x Selectable I/O, 4 x Audio inputs, 1 Audio Out, TPM with FIPS 140-3 level3, Built-in microSD card slots (Up to 512GB x2), 12VDC/PoE+,  Compatible with SLA-T4680A/T4680VA, SLA-T2480A/T2480VA, SLA-T1080FA [Future compatibility with 5MP lenses]","1703.0","CAD","Software and licensing","active"
"PNM-9000QB","WN7 multi head camera, 4 x 2MP @ 30fps, triple codec H.265/H.264/MJPEG, extreme WDR 150dB, dual SD cards slots, Wisestream II, hallway view, HLC, defog detection, audio In/out, HDMI out 12VDC/PoE+ , DIS support, analytics- defocus, directional, motion, enter/exit, tampering, virtual line, I/O in/out. Compatible with SLA-T4680A/T4680VA, SLA-T2480A/T2480VA, SLA-T1080FA","864.6","CAD","Audio and power accessories","active"
"PNM-9002VQ","Network vandal outdoor Multi-sensor Multi-Directional dome camera, (2MP/5MP X 4 sensors sold separately) 8MP ~20MP (2MP @ 60fps or 5MP @30fps), fixed focal lens modules, triple codec H.265/H.264/MJPEG with WiseStream II technology, 150dB WDR @ 2MP or 120dB @ 5MP, defocus detection, built in analytics, PTZ handover, 4x SD card, hallway view, HLC, defog detection, DIS(Gyro Sensor), PoE+, IP66/IK10, -40°C ~ +55°C (-40°F ~ +131°F) 2MP Lens modules: SLA-2M2400Q (2.4mm), SLA-2M2800Q (2.8mm), SLA-2M3600Q (3.6mm), SLA-2M6000Q (6mm) 5MP Lens modules: SLA-5M3700Q (3.7mm), SLA-5M4600Q (4.6mm), SLA-5M7000Q (7.0mm). WHITE COLOR","2227.0","CAD","Cameras","active"
"PNM-C12083RVD","Network vandal outdoor 2CH AI IR dome camera, (6MP X 2 sensors) 12MP @ 15fps, 3.4~6.8mm(2x) (95.08°~47.64°) motorized varifocal lens, Triple codec (H.265/H.264/MJPEG), IR viewable length 25m (82ft), USB port for easy installation, Day & Night (ICR), extremeWDR (120dB), DIS, Handover, Analytics events based on AI engine: Object detection(Person/Face/Vehicle/License plate), IVA (Virtual line/Area, Enter/Exit, Loitering, direction, intrusion), Analytics events : Defocus detection, Motion detection, Tampering, Audio detection, Sound classification, Appear/Disappear, FIPS 140-2, micro SD card 512GB, IP66, NEMA4X, IK10, Operating temperature: -40°C~+55°C(-40°F ~ +131°F), Power: PoE+, Metal shielded RJ-45, Hard-coated dome bubble","2685.5","CAD","Software and licensing","active"
"PNM-12082RVD","Network vandal outdoor 2CH IR dome camera, (6MP X 2 sensors) 12MP @ 15fps, 3.4~6.8mm(2x) (95.08°~47.64°) motorized varifocal lens, Triple codec (H.265/H.264/MJPEG), IR viewable length 25m (82ft), USB port for easy installation, Day & Night (ICR), extremeWDR (120dB), DIS, Handover, Analytics events: Defocus detection, Directional detection, Motion detection, Appear/Disappear, Enter/Exit, Loitering, Tampering, Virtual line, Audio detection, Sound classification, FIPS 140-2, micro SD card 512GB, IP66, NEMA4X, IK10, Operating temperature: -40°C~+55°C(-40°F ~ +131°F), Power: PoE+, Metal shielded RJ-45, Hard-coated dome bubble","2227.0","CAD","Audio and power accessories","active"
"PNM-9000VD","Network vandal outdoor Multi-sensor Multi-Directional dome camera, (5MP X 2 sensors sold separately) 10MP @ 30fps, modular lenses from 3.7, 4.6 and 7.0mm lenses, triple codec H.265/H.264/MJPEG with WiseStream II technology, 120dB WDR, built in analytics, 2x SD card, hallway view, HLC, defog detection, DIS, PoE, IP66/IK10, -40°C ~ +55°C (-40°F ~ +131°F). Lens modules: SLA-5M3700D (3.7mm), SLA-5M4600D (4.6mm), SLA-5M7000D (7.0mm)","1441.0","CAD","Cameras","active"
"PNM-8082VT","Powered by WN7, 2MP x 3CH @ 30FPS, multi directional camera, 3~6mm motorized varifocal lens, donut shape bubble, max 321º coverage, Triple codec H.264/265 MJPEG, WiseStream II, extreme WDR 150dB, defocus detection, video analytics, 2x microSD card, PoE+, IP66, IK10, NEMA4X, operating temp -40°C~+55°C","2227.0","CAD","Cameras","active"
"PNM-9031RV","Network vandal outdoor Multi-sensor dome camera, panoramic view with stitched image, (5MP X 4 sensors) 15MP @ 20fps, triple codec H.265/H.264/MJPEG with WiseStream II technology, WDR 120dB, IR viewable length 20m (65.5'), built in video analytics and sound classification, Heatmap, Bi-directional audio support, Micro SD 2 slots, IP66/IK10/NEMA4X, TPM 2.0 (FIPS 140-2 level 2), PoE+/12VDC","3537.0","CAD","Audio and power accessories","active"
"PNM-C9022RV","Panoramic Multi-sensor camera, FoV: H209º, V:60°, 8MP @ 20fps, Alpha Blending, triple codec H.265/H.264/MJPEG with WiseStream III technology, extreme WDR 120dB, Wise NR II, IR viewable length 65' (20m), Analytics events based on AI engine: Object detection (Person/Vehicle), IVA (Virtual line/Area, Enter/Exit, Loitering, direction, intrusion), defocus detection, Micro USB for easy installation, 2 x Micro SD cards (512GB each), PoE+/12VDC, IP66/IK10/NEMA4X, TPM 2.0 (FIPS 140-2 level 2). OnCloud Compatible.","2685.5","CAD","Audio and power accessories","active"
"PNM-9022V","WN7 Panoramic Multi-sensor camera, 180º view, (2MP X 4 sensors) 7.3MP @ 30fps, panoramic 209º view, 8.3MP, triple codec H.265/H.264/MJPEG with WiseStream II technology, extreme WDR 120dB, defocus detection, built in analytics, Heatmap, Micro USB for easy installation, 2 x Micro SD cards PoE+, IP66/IK10/NEMA4X","2358.0","CAD","Audio and power accessories","active"
"PND-A9081RF","4K Network AI IR Dome Camera, Max. 4K resolution @ 30FPS, 0.05Lux@F1.6 (Color), 0Lux (B/W, IR LED on), Day & Night(ICR), 4.5~10mm(2.2x) motorized varifocal lens, WDR(120dB), H.265, H.264, MJPEG codec, WiseStreamⅡ, WiseStreamⅢ (Using AI engine). Video Analytics based on AI [ Object detection and classification (Person, Face, Vehicle, License Plate), Face mask detection, Social distancing detection, Attribute, BestShot] People counting, Heatmap, Queue management based on AI, Face Mask Detection, Social Distancing Detection, Compatible with Wisenet Retail Insight v2.0 for Business Intelligence, Age/gender based People counting, Heatmap, Queue management, Modular structure for easy installation​, 2x micro SD card (512GB x2), Operating temperature: -25 °C ~ 50 °C(-13°F ~ +122°F), PoE+/12VDC, IP52, IK10, Plenum rated","2554.5","CAD","Software and licensing","active"
"PND-A9081RVX","4K Network AI IR Indoor Camera Module, Max. 4K resolution @ 30FPS, 0.05Lux@F1.6 (Color), 0Lux (B/W, IR LED on), Day & Night(ICR), 4.5~10mm(2.2x) motorized varifocal lens, WDR(120dB), H.265, H.264, MJPEG codec, WiseStreamⅡ, WiseStreamⅢ (Using AI engine). Video Analytics based on AI [ Object detection and classification (Person, Face, Vehicle, License Plate), Face mask detection, Social distancing detection, Attribute, BestShot] People counting, Heatmap, Queue management based on AI, Face Mask Detection, Social Distancing Detection, Compatible with Wisenet Retail Insight v2.0 for Business Intelligence, Age/gender based People counting, Heatmap, Queue management, Modular structure for easy installation​, 2x micro SD card (512GB x2), Operating temperature (When using the camera with housing): -25 °C ~ 50 °C(-13°F ~ +122°F), PoE+/12VDC. OnCloud Compatible.","2240.1","CAD","Software and licensing","active"
"PND-A9081RV","4K Network AI IR Dome Camera, Max. 4K resolution @ 30FPS, 0.05Lux@F1.6 (Color), 0Lux (B/W, IR LED on), Day & Night(ICR), 4.5~10mm(2.2x) motorized varifocal lens, WDR(120dB), H.265, H.264, MJPEG codec, WiseStreamⅡ, WiseStreamⅢ (Using AI engine). Video Analytics based on AI [ Object detection and classification (Person, Face, Vehicle, License Plate), Face mask detection, Social distancing detection, Attribute, BestShot] People counting, Heatmap, Queue management based on AI, Face Mask Detection, Social Distancing Detection, Compatible with Wisenet Retail Insight v2.0 for Business Intelligence, Age/gender based People counting, Heatmap, Queue management, Modular structure for easy installation​, 2x micro SD card (512GB x2), Operating temperature: -25 °C ~ 50 °C(-13°F ~ +122°F), PoE+/12VDC. OnCloud Compatible.","2554.5","CAD","Software and licensing","active"
"PNV-A9081RX","4K Network AI IR Outdoor Camera Module, Max. 4K resolution @ 30FPS, 0.05Lux@F1.6 (Color), 0Lux (B/W, IR LED on), Day & Night(ICR), 4.5~10mm(2.2x) motorized varifocal lens, WDR(120dB) H.265, H.264, MJPEG codec, WiseStreamⅡ, WiseStreamⅢ (Using AI engine), Video Analytics based on AI [ Object detection and classification (Person, Face, Vehicle, License Plate), Face mask detection, Social distancing detection, Attribute, BestShot] People counting, Heatmap, Queue management based on AI, Face Mask Detection, Social Distancing Detection, Compatible with Wisenet Retail Insight v2.0 for Business Intelligence, Age/gender based People counting, Heatmap, Queue management, Modular structure for easy installation​, 2x micro SD card (512GB x2), Operating temperature (When using the camera with housing): -40°C~+55°C(-40°F ~ +131°F), Power: PoE+/12VDC, Metal shielded RJ-45. OnCloud Compatible.","2240.1","CAD","Software and licensing","active"
"PNV-A9081R","4K Network AI IR Vandal Dome Camera, Max. 4K resolution @ 30FPS, 0.05Lux@F1.6 (Color), 0Lux (B/W, IR LED on), Day & Night(ICR), 4.5~10mm(2.2x) motorized varifocal lens, WDR(120dB) H.265, H.264, MJPEG codec, WiseStreamⅡ, WiseStreamⅢ (Using AI engine), Video Analytics based on AI [ Object detection and classification (Person, Face, Vehicle, License Plate), Face mask detection, Social distancing detection, Attribute, BestShot] People counting, Heatmap, Queue management based on AI, Face Mask Detection, Social Distancing Detection, Compatible with Wisenet Retail Insight v2.0 for Business Intelligence, Age/gender based People counting, Heatmap, Queue management, Modular structure for easy installation​, 2x micro SD card (512GB x2), Operating temperature: -40°C~+55°C(-40°F ~ +131°F), Power: PoE+/12VDC, Metal shielded RJ-45, IP66/IP67/IP6K9K, IK10+, NEMA4X. OnCloud Compatible.","2816.5","CAD","Software and licensing","active"
"PNO-A9311R","4K Network AI IR Bullet Camera, Max. 4K resolution @ 30FPS, 0.075Lux@F1.36 (Color), 0Lux (B/W, IR LED on), Day & Night(ICR), 6.91~214.7mm (31x) zoom lens, WDR(120dB) H.265, H.264, MJPEG codec, WiseStreamⅡ, WiseStreamⅢ (Using AI engine), Video Analytics based on AI [Object detection and classification (Person, Face, Vehicle, License plate), Face mask detection, Social distancing detection, Slip&Fall detection, Attribute, BestShot] People counting, Vehicle counting, Crowd counting, Queue management, Heatmap based on AI, TPM with FIPS 140-2 level2, Secure boot, Verify firmware forgery, Modular structure for easy installation​, 2x micro SD card (512GB x2), Operating temperature: -40°C~+55°C(-40°F ~ +131°F), Power: PoE+/12VDC, Metal shielded RJ-45, IP66/IP67, IK10, NEMA4X. OnCloud Compatible.","3340.5","CAD","Software and licensing","active"
"PNO-A9081R","4K Network AI IR Bullet Camera, Max. 4K resolution @ 30FPS, 0.05Lux@F1.6 (Color), 0Lux (B/W, IR LED on), Day & Night(ICR), 4.5~10mm(2.2x) motorized varifocal lens, WDR(120dB) H.265, H.264, MJPEG codec, WiseStreamⅡ, WiseStreamⅢ (Using AI engine), Video Analytics based on AI [ Object detection and classification (Person, Face, Vehicle, License Plate), Face mask detection, Social distancing detection, Attribute, BestShot] People counting, Heatmap, Queue management based on AI, Face Mask Detection, Social Distancing Detection, Compatible with Wisenet Retail Insight v2.0 for Business Intelligence, Age/gender based People counting, Heatmap, Queue management, Modular structure for easy installation​, 2x micro SD card (512GB x2), Operating temperature: -40°C~+55°C(-40°F ~ +131°F), Power: PoE+/12VDC, Metal shielded RJ-45, IP66/IP67/IP6K9K, IK10+, NEMA4X. OnCloud Compatible.","2685.5","CAD","Software and licensing","active"
"PNB-A9001","4K AI Network Box Camera, Max. 4K resolution, 0.03Lux@F1.2(Color), Day & Night(ICR), WDR(120dB) H.265, H.264, MJPEG codec, WiseStreamⅡ, WiseStreamⅢ (Using AI engine), Video Analytics based on AI [ Object detection and classification (Person, Face, Vehicle, License Plate), Face mask detection, Social distancing detection, Attribute, BestShot] People counting, Heatmap, Queue management based on AI, Face Mask Detection, Social Distancing Detection, Compatible with Wisenet Retail Insight v2.0 for Business Intelligence, Age/gender based People counting, Heatmap, Queue management, 2x micro SD card (512GB x2),  Power: PoE+/12VDC, OnCloud Compatible.","1965.0","CAD","Software and licensing","active"
"XNP-C9303RW","Powered by WN7 PTZ Plus with AI, 4K @ 30FPS resolution, 5mm~150mm (30x) lens, build in wiper and adaptive Wise IR (200m),  extreme WDR 120dB, Day & Night ICR, H.265, H.264, MJPEG codec support, Analytics events based on AI engine: Object detection (Person/Face/Vehicle/License plate), IVA (Virtual line/Area, Enter/Exit, Loitering, direction, intrusion), Analytics events: Defocus detection, Motion detection, Tampering, Fog detection, Audio detection, Sound classification (with NW I/O box), Object auto-tracking (Person/Vehicle), Target lock track, BLC, HLC, SSDR, lens heater for water/snow removal, built-in SD card slot (2x512GB), IP66, IK10, NEMA4X, NEMA-TS 2(2.2.7, 2.2.8, 2.2.9),  FIPS 140-2, PoE++/HPoE injector included, Operating Temperature -40°C~+55°C(-40°F ~ +131°F), (Compatible with I/O Box SPM-4210). OnCloud Compatible.","6681.0","CAD","Software and licensing","active"
"XNP-9300RW","Powered by WN7, 4K @ 30FPS resolution, 5mm~150mm (30x) lens, build in wiper and adaptive Wise IR (200m),  extreme WDR 120dB, Day & Night ICR, H.265, H.264, MJPEG codec support, Intelligent Analytics, Object auto tracking (Person/Vehicle), Target lock track, BLC, HLC, SSDR, lens heater for water/snow removal, built-in SD card slot (2x512GB), IP66, IK10(Camera body only), NEMA4X, NEMA-TS 2 (2.2.7, 2.2.8, 2.2.9), PoE++/HPoE injector included, Operating Temperature -40°C~+55°C(-40°F ~ +131°F), (Compatible with I/O Box SPM-4210)","6419.0","CAD","Power Supply","active"
"XNP-C9253R","Powered by WN7 PTZ Plus with AI, 4K @ 30FPS resolution, 5mm~125mm (25x) lens, adaptive Wise IR (200m), extreme WDR 120dB, Day & Night ICR, H.265, H.264, MJPEG codec support, Analytics events based on AI engine: Object detection (Person/Face/Vehicle/License plate), IVA (Virtual line/Area, Enter/Exit, Loitering, direction, intrusion), Analytics events: Defocus detection, Motion detection, Tampering, Fog detection, Audio detection, Sound classification (with NW I/O box), Object auto-tracking (Person/Vehicle), Target lock track, BLC, HLC, SSDR, lens heater for water/snow removal, built-in SD card slot (2x512GB), IP66, IK10, NEMA4X, NEMA-TS 2(2.2.7, 2.2.8, 2.2.9),  FIPS 140-2, PoE++/HPoE injector included, Operating Temperature -40°C~+55°C(-40°F ~ +131°F), (Compatible with I/O Box SPM-4210). OnCloud Compatible.","6222.5","CAD","Software and licensing","active"
"XNP-9250R","Powered by WN7, 4K @ 30FPS resolution, 5mm~125mm (25x) lens, adaptive Wise IR (200m), extreme WDR 120dB, Day & Night ICR, H.265, H.264, MJPEG codec support, Intelligent Analytics, Object auto tracking (Person/Vehicle), Target lock track, BLC, HLC, SSDR, lens heater for water/snow removal, built-in SD card slot (2x512GB), IP66, IK10(Camera body only), NEMA4X, NEMA-TS 2 (2.2.7, 2.2.8, 2.2.9), PoE++/HPoE injector included, Operating Temperature -40°C~+55°C(-40°F ~ +131°F), (Compatible with I/O Box SPM-4210) ","5960.5","CAD","Power Supply","active"
"XNP-C9310R","Powered by WN7 and AI,8MP (4K UHD) @ 30FPS resolution, 6.91mm~214.64mm (31x) lens with Wise AF intelligent autofocus, adaptive Wise IR (250m), extreme WDR 120dB, Day & Night ICR, H.265, H.264, MJPEG triple codec with WiseStream III (based on AI engine) support, Analytics events based on AI engine:Object detection (Person/Face/ Vehicle/License plate), Virtual line (Crossing/ Direction), Virtual area (Loitering/Intrusion/Enter/Exit), Analytics events: Defocus detection, Motion detection, Tampering, Fog detection, Audio detection, Sound classification (with NW I/O box), AI object auto-tracking (Person/Vehicle) with target lock tracking, BLC, HLC, SSDR, lens heater for water/snow removal, built-in SD card slot (2x512GB), IP66, IP67, IK10, NEMA4X, NEMA-TS 2(2.2.7, 2.2.8, 2.2.9),  FIPS 140-2, PoE++/HPoE injector included, Operating Temperature -50°C~+55°C (-58°F ~ +131°F), (Compatible with I/O Box SPM-4210). OnCloud Compatible.","6681.0","CAD","Software and licensing","active"
"XNP-C9253","Powered by WN7 PTZ Plus with AI, 4K @ 30FPS resolution, 5mm~125mm (25x) lens, extreme WDR 120dB, Day & Night ICR, H.265, H.264, MJPEG codec support, Analytics events based on AI engine: Object detection (Person/Face/Vehicle/License plate), IVA (Virtual line/Area, Enter/Exit, Loitering, direction, intrusion), Analytics events: Defocus detection, Motion detection, Tampering, Fog detection, Audio detection, Sound classification (with NW I/O box), Object auto-tracking (Person/Vehicle), Target lock track, BLC, HLC, SSDR, lens heater for water/snow removal, built-in SD card slot (2x512GB), IP66, IK10, NEMA4X, NEMA-TS 2(2.2.7, 2.2.8, 2.2.9),  FIPS 140-2, Power: PoE+, Operating Temperature -40°C~+55°C(-40°F ~ +131°F), (Compatible with I/O Box SPM-4210). OnCloud Compatible.","5895.0","CAD","Software and licensing","active"
"XNP-9250","Powered by WN7 PTZ Plus with AI, 4K @ 30FPS resolution, 5mm~125mm (25x) lens, extreme WDR 120dB, Day & Night ICR, H.265, H.264, MJPEG codec support, Analytics events based on AI engine: Object detection (Person/Face/Vehicle/License plate), IVA (Virtual line/Area, Enter/Exit, Loitering, direction, intrusion), Analytics events: Defocus detection, Motion detection, Tampering, Fog detection, Audio detection, Sound classification (with NW I/O box), Object auto-tracking (Person/Vehicle), Target lock track, BLC, HLC, SSDR, lens heater for water/snow removal, built-in SD card slot (2x512GB), IP66, IK10, NEMA4X, NEMA-TS 2(2.2.7, 2.2.8, 2.2.9),  FIPS 140-2, Power: PoE+, Operating Temperature -40°C~+55°C(-40°F ~ +131°F), (Compatible with I/O Box SPM-4210) ","5633.0","CAD","Software and licensing","active"
"XNO-A9084R","Powered by WN9, Outoor Network AI IR Vandal Bullet Camera, 8MP resolution @ 30FPS, 4.4~9.3mm(2.1x), (113°~47°) motorized varifocal lens, H.265/H.264/MJPEG codec, IR viewable length 40m (131.2ft), USB-C port for easy installation, Day & Night (ICR), extremeWDR (120dB), Hard-coated dome bubble, DIS with built-in gyro sensor, Handover, AI-based WiseStream, WiseNR Ⅱ (using AI engine), Dynamic privacy mask, IVA events based on AI engine (Motion & Object detection, Line crossing, IVA area, Slip & Fall, Sound classification), Classified object types (Person/Face/Vehicle/License plate), Object attributes (Person: Gender/Top/Bottom clothing color/Bag, Face: Age/Gender/Mask/Glasses, Vehicle: type/color), BestShot, Analytics events (Defocus, Motion, Tampering, Fog, Audio & Shock detection), AI-based business intelligence (People/Vehicle/Crowd counting, Queue management, Heatmap), Secure element with FIPS 140-3 level3, Built-in microSD card slot (Up to 1TB), IP66/IP67, IK10, NEMA 4X, NEMA-TS 2(2.2.7.2-8, 2.2.8, 2.2.9), Operating temp: -40°C~+60°C (-40°F~+140°F), Power: PoE, Metal shielded RJ-45.","2096.0","CAD","Software and licensing","active"
"XNO-C9083R","Powered by WN7, Outdoor Network AI IR Bullet Camera, 4K resolution @ 30FPS, 4.4~9.3mm(2.1x) (112.1°~47.5°) motorized varifocal lens, Triple codec (H.265/H.264/MJPEG), IR viewable length 40m (131.2ft), USB port for easy installation, Day & Night (ICR), extremeWDR (120dB), DIS with built-in Gyro sensor, Handover, Hard-coated window, Analytics events based on AI engine: Object detection(Person/Face/Vehicle/Licence plate), IVA (Virtual line/Area, Enter/Exit, Loitering, direction, intrusion), Analytics events : Defocus detection, Motion detection, Tampering, Fog detection, Audio detection, Sound classification, Shock detection, Appear/Disappear, UL CAP certified, P66, IP67, NEMA4X, IK10, Operating temperature: -40°C~+55°C(-40°F ~ +131°F) Power: PoE/12VDC, Metal shielded RJ-45. OnCloud Compatible.","2358.0","CAD","Software and licensing","active"
"XNO-9083R","Powered by WN7,  X-Plus series,  Outdoor Network AI IR Bullet Camera, 4K resolution @ 30FPS, 4.4~9.3mm(2.1x) (112.1°~47.5°) motorized varifocal lens, Triple codec (H.265/H.264/MJPEG), IR viewable length 50m (164ft), USB port for easy installation, Day & Night (ICR), extremeWDR (120dB), DIS with built-in Gyro sensor, Handover, Hard-coated window, Analytics events based on AI engine: Object detection(Person/Face/Vehicle/License plate), IVA (Virtual line/Area, Enter/Exit, Loitering, direction, intrusion), Analytics events : Defocus detection, Motion detection, Tampering, Fog detection, Audio detection, Sound classification, Shock detection, Appear/Disappear, FIPS 140-2, 2x micro SD card (512GB x2), P66, IP67, NEMA4X, IK10, Operating temperature: -50°C~+60°C(-58°F ~ +140°F), Power: PoE+/12VDC, Metal shielded RJ-45. OnCloud Compatible.","2554.5","CAD","Software and licensing","active"
"XNO-9082R","Wisenet 7 X series network IR bullet camera, 4K (8MP Max) @ 30fps, motorized vari-focal lens 3x (2.8~8.4mm), triple codec H.265/H.264/MJPEG with WiseStreamII technology, Extreme WDR, USB and CVBS port for easy installation, advanced video analytics, sound classification and business analytics, high powered IR LEDs range of 131.23', shock detection, audio playback, true D/N, dual SD cards slots, hallway view, HLC, defog detection, DIS (Gyro), 12VDC/24VAC/PoE, IP67/IP66, IK10, Nema 4X, -50°C ~ +60°C (-58°F ~ +140°F). OnCloud Compatible.","2292.5","CAD","Audio and power accessories","active"
"XND-A9084RV","Powered by WN9, Indoor Network AI IR Dome Camera, 8MP resolution @ 30FPS, 4.4~9.3mm (2.1x), (113°~47°) motorized varifocal lens, H.265/H.264/MJPEG codec, IR viewable length 40m (131.2ft), USB-C port for easy installation, Day & Night (ICR), extremeWDR (120dB), Hard-coated dome bubble, DIS with built-in gyro sensor, Handover, AI-based WiseStream, WiseNR Ⅱ (using AI engine), Dynamic privacy mask, IVA events based on AI engine (Motion & Object detection, Line crossing, IVA area, Slip & Fall, Sound classification), Classified object types (Person/Face/Vehicle/License plate), Object attributes (Person: Gender/Top/Bottom clothing color/Bag, Face: Age/Gender/Mask/Glasses, Vehicle: type/color), BestShot, Analytics events (Defocus, Motion, Tampering, Fog, Audio & Shock detection), AI-based business intelligence (People/Vehicle/Crowd counting, Queue management, Heatmap), Secure element with FIPS 140-3 level3, Built-in microSD card slot (Up to 1TB), IP52, IK10, Operating temperature: -10°C~+50°C (14°F~+122°F), Power: PoE, Metal shielded RJ-45.  ","1899.5","CAD","Software and licensing","active"
"XND-C9083RV","Powered by WN7, Indoor Network AI IR Dome Camera, 4K resolution @ 30FPS, 4.4~9.3mm(2.1x) (112.1°~47.5°) motorized varifocal lens, Triple codec (H.265/H.264/MJPEG), IR viewable length 40m (131.2ft), USB port for easy installation, Day & Night (ICR), extremeWDR (120dB), DIS with built-in Gyro sensor, Handover, Hard-coated dome bubble, Analytics events based on AI engine: Object detection(Person/Face/Vehicle/License plate), IVA (Virtual line/Area, Enter/Exit, Loitering, direction, intrusion), Analytics events : Defocus detection, Motion detection, Tampering, Fog detection, Audio detection, Sound classification, Shock detection, Appear/Disappear, IP52, IK08, Operating temperature: -10 °C ~ 50 °C(14°F ~ +122°F), Power: PoE/12VDC, Metal shielded RJ-45. OnCloud Compatible.","2096.0","CAD","Software and licensing","active"
"XNV-A9084R","Powered by WN9, Outdoor Network AI IR Vandal Dome Camera, 8MP resolution @ 30FPS, 4.4~9.3mm (2.1x), (113°~47°) motorized varifocal lens, H.265/H.264/MJPEG codec, IR viewable length 40m (131.2ft), USB-C port for easy installation, Day & Night (ICR), extremeWDR (120dB), Hard-coated dome bubble, DIS with built-in gyro sensor, Handover, AI-based WiseStream, WiseNR Ⅱ (using AI engine), Dynamic privacy mask, IVA events based on AI engine (Motion & Object detection, Line crossing, IVA area, Slip & Fall, Sound classification), Classified object types (Person/Face/Vehicle/License plate), Object attributes (Person: Gender/Top/Bottom clothing color/Bag, Face: Age/Gender/Mask/Glasses, Vehicle: type/color), BestShot, Analytics events (Defocus, Motion, Tampering, Fog, Audio & Shock detection), AI-based business intelligence (People/Vehicle/Crowd counting, Queue management, Heatmap), Secure element with FIPS 140-3 level3, Built-in microSD card slot (Up to 1TB), IP66/IP67, IK10, NEMA 4X, NEMA-TS 2(2.2.7.2-8, 2.2.8, 2.2.9), Operating temp: -40°C~+50°C (-40°F~+122°F), Power: PoE, Metal shielded RJ-45.","2096.0","CAD","Software and licensing","active"
"XNV-C9083R","Powered by WN7, Outdoor Network AI IR Vandal Dome Camera, 4K resolution @ 30FPS, 4.4~9.3mm(2.1x) (112.1°~47.5°) motorized varifocal lens, Triple codec (H.265/H.264/MJPEG), IR viewable length 40m (131.2ft), USB port for easy installation, USB port for easy installation, Day & Night (ICR), extremeWDR (120dB), DIS with built-in Gyro sensor, Handover, Hard-coated dome bubble, Analytics events based on AI engine: Object detection(Person/Face/Vehicle/License plate), IVA (Virtual line/Area, Enter/Exit, Loitering, direction, intrusion), Analytics events : Defocus detection, Motion detection, Tampering, Fog detection, Audio detection, Sound classification, Shock detection, Appear/Disappear, P66, IP67, NEMA4X, IK10, Operating temperature: -40°C~+55°C(-40°F ~ +131°F), Power: PoE/12VDC, Metal shielded RJ-45. OnCloud Compatible.","2358.0","CAD","Software and licensing","active"
"XNV-9082R","Wisenet 7 X-plus series network IR vandal outdoor camera, 4K (8MP Max) @ 30fps, motorized vari-focal lens 3x (2.8~8.4mm), triple codec H.265/H.264/MJPEG with WiseStreamII technology, Extreme WDR, USB and CVBS port for easy installation, advanced video analytics, sound classification and business analytics, high powered IR LEDs range of 131.23', shock detection, audio playback, true D/N, dual SD cards slots, hallway view, HLC, defog detection, DIS (Gyro), 12VDC/24VAC/PoE, IP67/IP66/IP6K9K, IK10, Nema 4X, -50°C ~ +60°C (-58°F ~ +140°F). OnCloud Compatible.","2292.5","CAD","Audio and power accessories","active"
"XND-9083RV","Powered by WN7,  X-Plus series, Indoor Network AI IR Dome Camera, 4K resolution @ 30FPS, 4.4~9.3mm(2.1x) (112.1°~47.5°) motorized varifocal lens, Triple codec (H.265/H.264/MJPEG), IR viewable length 50m (164ft), USB port for easy installation, Day & Night (ICR), extremeWDR (120dB), DIS with built-in Gyro sensor, Handover, Hard-coated dome bubble, Analytics events based on AI engine: Object detection(Person/Face/Vehicle/License plate), IVA (Virtual line/Area, Enter/Exit, Loitering, direction, intrusion), Analytics events : Defocus detection, Motion detection, Tampering, Fog detection, Audio detection, Sound classification, Shock detection, Appear/Disappear, FIPS 140-2, 2x micro SD card (512GB x2), IP52, IK10, Operating temperature: -25 °C ~ 50 °C(-13°F ~ +122°F), Power: PoE+/12VDC, Metal shielded RJ-45. OnCloud Compatible.","2292.5","CAD","Software and licensing","active"
"XNV-9083RZ","Powered by WN7, X-Plus series, Outdoor Network AI IR Vandal Dome Camera, 4K resolution @ 30FPS, 4.4~9.3mm (2.1x) (113°~47°) motorized varifocal lens, Remote lens adjustment (PTRZ), Triple codec (H.265/H.264/MJPEG), IR Viewable Length: 15m(49.21ft) / 30m(98.43ft) based on scene, USB port for easy installation, Day & Night (ICR), extremeWDR (120dB), DIS with built-in Gyro sensor, Handover, Hard-coated dome bubble, Analytics events based on AI engine: Object detection(Person/Face/Vehicle/License plate), IVA (Virtual line/Area, Enter/Exit, Loitering, direction, intrusion), Analytics events : Defocus detection, Motion detection, Tampering, Fog detection, Audio detection, Sound classification (with NW I/O box), Shock detection, Appear/Disappear, FIPS 140-2, 2x micro SD card (512GB x2), IP66, IP67, IP6K9K, NEMA4X, IK10+, Operating temperature: -50°C~+55°C(-58°F ~ +131°F), Power: PoE+/12VDC, Metal shielded RJ-45. OnCloud Compatible.","2685.5","CAD","Software and licensing","active"
"XNV-9083R","Powered by WN7, X-Plus series, Outdoor Network AI IR Vandal Dome Camera, 4K resolution @ 30FPS, 4.4~9.3mm(2.1x) (112.1°~47.5°) motorized varifocal lens, Triple codec (H.265/H.264/MJPEG), IR viewable length 50m (164ft), USB port for easy installation, USB port for easy installation, Day & Night (ICR), extremeWDR (120dB), DIS with built-in Gyro sensor, Handover, Hard-coated dome bubble, Analytics events based on AI engine: Object detection(Person/Face/Vehicle/License plate), IVA (Virtual line/Area, Enter/Exit, Loitering, direction, intrusion), Analytics events : Defocus detection, Motion detection, Tampering, Fog detection, Audio detection, Sound classification, Shock detection, Appear/Disappear, FIPS 140-2, 2x micro SD card (512GB x2), P66, IP67, NEMA4X, IK10+, Operating temperature: -50°C~+55°C(-58°F ~ +131°F), Power: PoE+/12VDC, Metal shielded RJ-45. OnCloud Compatible.","2554.5","CAD","Software and licensing","active"
"XND-9082RF","Wisenet 7 X-plus series network IR flush mount camera (plenum), 4K (8MP Max) @ 30fps, motorized vari-focal lens 3x (2.8~8.4mm), triple codec H.265/H.264/MJPEG with WiseStreamII technology, Extreme WDR, USB and CVBS port for easy installation, advanced video analytics, sound classification and business analytics, high powered IR LEDs range of 131.23', shock detection, audio playback, true D/N, dual SD cards slots, hallway view, HLC, defog detection, DIS (Gyro), 12VDC/PoE, IP52, IK10, -25°C ~ +60°C (-13°F ~ +140°F). OnCloud Compatible.","1965.0","CAD","Audio and power accessories","active"
"XND-9082RV","Wisenet 7 X-plus series network IR vandal indoor camera, 4K (8MP Max) @ 30fps, motorized vari-focal lens 3x (2.8~8.4mm), triple codec H.265/H.264/MJPEG with WiseStreamII technology, Extreme WDR, USB and CVBS port for easy installation, advanced video analytics, sound classification and business analytics, high powered IR LEDs range of 131.23', shock detection, audio playback, true D/N, dual SD cards slots, hallway view, HLC, defog detection, DIS (Gyro), 12VDC/PoE, IP52, IK10, -25°C ~ +60°C (-13°F ~ +140°F). OnCloud Compatible.","1965.0","CAD","Audio and power accessories","active"
"XNB-9003","Powered by WN7,  X-Plus series, Box Camera, 8MP resolution @ 30FPS, Triple codec (H.265/H.264/MJPEG), USB port for easy installation, Day & Night (ICR), extremeWDR (120dB), DIS with built-in Gyro sensor, Handover, Analytics events based on AI engine: Object detection(Person/Face/Vehicle/License plate), IVA (Virtual line/Area, Enter/Exit, Loitering, direction, intrusion), Analytics events : Defocus detection, Motion detection, Tampering, Fog detection, Audio detection, Sound classification, Shock detection, Appear/Disappear, FIPS 140-2, 2x micro SD card (512GB x2), Operating temperature: -10 °C ~ 55 °C(14°F ~ +131°F), Power: PoE+/12VDC, Metal shielded RJ-45. OnCloud Compatible.","1506.5","CAD","Software and licensing","active"
"XNF-9010RS","Stainless steel Fisheye, powered by WN7, 1/2.3"" 12MP CMOS, Max resolution 3008x3008 @ 30FPS, 1.08mm fixed focal lends, Stereo graphic type lens, enhanced resolution for the peripheral regions, H.265, H.264, MJPEG codec supported, Fisheye, Single panorama, Double panorama, Quad view, On board dewarping, Digital PTZ, extreme WDR (120dB), WiseStreamⅡ support, Wise IR, IR viewable length 26.2' (8m),  Virtual channel support, selectable I/O port, Video Analytics, Heatmap, People counting, Queue management, Nylon dome, Handover, IP66/IP67/IP6K9K/IK10/NEMA4X, PoE, 12VDC. OnCloud Compatible.","2816.5","CAD","Cameras","active"
"XNF-9013RV","Powered by WN7, 1/2.3"" 12MP CMOS, Max resolution 3008x3008 @ 30FPS, 1.08mm fixed focal lens, Stereo graphic type lens, enhanced resolution for the peripheral regions, H.265, H.264, MJPEG codec supported, Fisheye, Single panorama, Double panorama, Quad view, On board dewarping, Digital PTZ, extreme WDR (120dB), WiseStream III support, Wise NR II, IR viewable length 42' (13m), Analytics events based on AI engine: Object detection (Person/Face/Vehicle/License plate), IVA (Virtual line/Area, Enter/Exit, Loitering, direction, intrusion), Virtual channel support, selectable I/O port, Video Analytics, Heatmap, People counting, Queue management, Hard coated dome cover, Handover, IP66/IK10/NEMA4X, PoE+ (Wise Power), 12VDC. OnCloud Compatible.","1807.8","CAD","Software and licensing","active"
"QNF-C9010","Q Series Network Indoor Fisheye Dome Camera, 12MP sensor, Max resolution 3008x3008 @ 20fps, 1.76mm fixed lens, H185°/V185°, H.265/H.264/MJPEG codec, WiseStreamIII (Based on AI engine), WiseNR Ⅱ (Based on AI engine), extremeWDR (120dB), Digital rotation, AI based motion detection, Classified object type: Person/Vehicle, Object attributes (Person: Top/Bottom Clothing Color, Vehicle: Color), IVA events based on AI engine: Virtual line (Crossing/Direction), Virtual area (Loitering/Intrusion/Enter/Exit/(Dis)Appear), BestShot, Analytics events (Defocus, Tampering), AI-based business intelligence (Heatmap, Queue management, People counting), Built-in microSD Card slot (Up to 256GB), IP42, Operating temp: -10°C~+40°C (+14°F~+104°F), Power: PoE, RJ45. OnCloud Compatible.","1244.5","CAD","Cameras","active"
"QNF-C9010V","Q Series Network Outdoor Fisheye Dome Camera, 12MP sensor,  Max resolution 3008x3008 @ 20fps, 1.76mm fixed lens, H185°/V185°, H.265/H.264/MJPEG codec, WiseStreamIII (Based on AI engine), WiseNR Ⅱ (Based on AI engine), extremeWDR (120dB), Digital rotation, AI based motion detection, Classified object type: Person/Vehicle, Object attributes (Person: Top/Bottom Clothing Color, Vehicle: Color), IVA events based on AI engine: Virtual line (Crossing/Direction), Virtual area (Loitering/Intrusion/Enter/Exit/(Dis)Appear), BestShot, Analytics events (Defocus, Tampering), AI-based business intelligence (Heatmap, Queue management, People counting), Built-in microSD Card slot (Up to 256GB), IP66, IK10, NEMA 4X, Operating temp: -40°C~+55°C (-40°F~+131°F), Power: PoE, RJ45. OnCloud Compatible.","1441.0","CAD","Cameras","active"
"XNF-9010RV","Powered by WN7, 1/2.3"" 12MP CMOS, Max resolution 3008x3008 @ 30FPS, 1.08mm fixed focal lends, Stereo graphic type lens, enhanced resolution for the peripheral regions, H.265, H.264, MJPEG codec supported, Fisheye, Single panorama, Double panorama, Quad view, On board dewarping, Digital PTZ, extreme WDR (120dB), WiseStreamⅡ support, Wise IR, IR viewable length 32.8' (10m),  Virtual channel support, Plugin support, selectable I/O port, Video Analytics, Heatmap, People counting, Queue management, Hard coated dome cover, Handover, IP66/IK10/NEMA4X, PoE, 12VDC. OnCloud Compatible.","1572.0","CAD","Cameras","active"
"XNF-9010RVM","Powered by WN7, 1/2.3"" 12MP CMOS, Max resolution 3008x3008 @ 30FPS, 1.08mm fixed focal lends, Stereo graphic type lens, enhanced resolution for the peripheral regions, H.265, H.264, MJPEG codec supported, Fisheye, Single panorama, Double panorama, Quad view, On board dewarping, Digital PTZ, extreme WDR (120dB), WiseStreamⅡ support, Wise IR, IR viewable length 32.8' (10m),  Virtual channel support, Plugin support, selectable I/O port, Video Analytics, Heatmap, People counting, Queue management, Hard coated dome cover, Handover, IP66/IK10/NEMA4X, EN50155 class T3, PoE, 12VDC, supports M12, Special order. OnCloud Compatible.","1650.6","CAD","Cameras","active"
"TNS-9050IBC","Wisenet T network BCR (Barcode Reader Camera) for Barcode Reading and Video Monitoring. Mono: 4K, Color: 4K.  Max 20fps @ 4K MONO/COLOR each. 25mm machine vision lens.  Removable and replaceable LED module (32 LEDs module is default) Track barcodes on high speed conveyor belt moving at 2m/s (6.5ft/s). Preinstalled WiseBCR App support Barcode recognition. Currently 1D/2D Bar Code can be recognized(Code128 / Codabar / Interleaved 2 of 5) , M12 8pin Ethernet connect, Humidity control with AIR vent. EN 60068-2-6 (vibration resistance), EN 60068-2-27 (shock resistance). Operating temperature -40°C~+55°C, IP67, IK10, 24VDC.","12445.0","CAD","Recorder accessories","active"
"QNV-C9083R","Wisenet Q network outdoor vandal dome camera, 4K @ 30fps, motorized vari-focal lens 3.2~10.2mm (H: 104°~31° / V: 55°~17°), triple codec H.265/H.264/MJPEG with Wisestream III (Based on AI engine), WiseNRⅡ(Based on AI engine), WDR 120dB, IR viewable length 30m (98ft), WiseMD based on AI engine, Classified object type: Person/Vehicle (vehicle type: car/bus/truck/motorcycle/bicycle); IVA events based on AI engine: Virtual line (Crossing/Direction), Virtual area (Loitering/Intrusion/Enter/Exit/(Dis)Appear), *Audio: Selectable(mic in/line in), defocus detection, hallway View,  built-in SD card slot (1x256GB), video analytics, USB for easy installation, open platform, IP66, IK10, PoE, Operating temperature -30°C~+55°C(-22°F ~ +131°F) white color. * Alarm I/O and audio is supported through an optional cable (SPP-C7400). OnCloud Compatible.","1218.3","CAD","Audio and power accessories","active"
"QNO-C9083R","Wisenet Q network outdoor vandal bullet camera, 4K @ 30fps, motorized vari-focal lens 3.2~10.2mm (H: 104°~31° / V: 55°~17°), triple codec H.265/H.264/MJPEG with Wisestream III (Based on AI engine), WiseNRⅡ(Based on AI engine), WDR 120dB, IR viewable length 30m (98ft), WiseMD based on AI engine, Classified object type: Person/Vehicle (vehicle type: car/bus/truck/motorcycle/bicycle); IVA events based on AI engine: Virtual line (Crossing/Direction), Virtual area (Loitering/Intrusion/Enter/Exit/(Dis)Appear), Audio: Selectable(mic in/line in), defocus detection, hallway View,  built-in SD card slot (1x256GB), video analytics, USB for easy installation, open platform, IP66, IK10, PoE, Operating temperature -30°C~+55°C(-22°F ~ +131°F) white color. OnCloud Compatible.","1218.3","CAD","Audio and power accessories","active"
"QNV-C9011R","Wisenet Q mini network outdoor vandal dome camera, 4K @ 30fps, fix lens 3mm (H:108°/V: 59°),  triple codec H.265/H.264/MJPEG with Wisestream III (Based on AI engine), WiseNRⅡ(Based on AI engine), WDR 120dB, IR viewable length 20m(65.62ft), WiseMD based on AI engine, Classified object type: Person/Vehicle (vehicle type: car/bus/truck/motorcycle/bicycle); IVA events based on AI engine: Virtual line (Crossing/Direction), Virtual area (Loitering/Intrusion/Enter/Exit/(Dis)Appear), defocus detection, hallway View,  built-in SD card slot (1x256GB), video analytics, USB for easy installation, open platform, IP66, IK10, NEMA4X, PoE, Operating temperature -40°C~+55°C(-40°F ~ +131°F) white color. OnCloud Compatible.","850.19","CAD","Cameras","active"
"QNF-9010","Wisenet Q series network Indoor fisheye dome camera, 12MP CMOS sensor, max resolution 3008x3008 @ 30fps, triple codec H.265/H.264/MJPEG with WiseStream II technology, WDR 120dB, business analytics (heatmap and people counting), built-in SD card slot (1x256GB), PoE","1244.5","CAD","Cameras","active"
"XNP-C8303RW","Powered by WN7 PTZ Plus with AI, 6MP @ 30FPS resolution, 5mm~150mm (30x) lens, build in wiper and adaptive Wise IR (200m),  extreme WDR 120dB, Day & Night ICR, H.265, H.264, MJPEG codec support, Analytics events based on AI engine: Object detection (Person/Face/Vehicle/License plate), IVA (Virtual line/Area, Enter/Exit, Loitering, direction, intrusion), Analytics events: Defocus detection, Motion detection, Tampering, Fog detection, Audio detection, Sound classification (with NW I/O box), Object auto-tracking (Person/Vehicle), Target lock track, BLC, HLC, SSDR, lens heater for water/snow removal, built-in SD card slot (2x512GB), IP66, IK10, NEMA4X, NEMA-TS 2(2.2.7, 2.2.8, 2.2.9),  FIPS 140-2, PoE++/HPoE injector included, Operating Temperature -40°C~+55°C(-40°F ~ +131°F), (Compatible with I/O Box SPM-4210). OnCloud Compatible.","6222.5","CAD","Software and licensing","active"
"XNP-C8253R","Powered by WN7 PTZ Plus with AI, 6MP @ 30FPS resolution, 5mm~125mm (25x) lens, adaptive Wise IR (200m), extreme WDR 120dB, Day & Night ICR, H.265, H.264, MJPEG codec support, Analytics events based on AI engine: Object detection (Person/Face/Vehicle/License plate), IVA (Virtual line/Area, Enter/Exit, Loitering, direction, intrusion), Analytics events: Defocus detection, Motion detection, Tampering, Fog detection, Audio detection, Sound classification (with NW I/O box), Object auto-tracking (Person/Vehicle), Target lock track, BLC, HLC, SSDR, lens heater for water/snow removal, built-in SD card slot (2x512GB), IP66, IK10, NEMA4X, NEMA-TS 2(2.2.7, 2.2.8, 2.2.9),  FIPS 140-2, PoE++/HPoE injector included, Operating Temperature -40°C~+55°C(-40°F ~ +131°F), (Compatible with I/O Box SPM-4210). OnCloud Compatible.","5829.5","CAD","Software and licensing","active"
"XNP-C8253","Powered by WN7 PTZ Plus with AI, 6MP @ 30FPS resolution, 5mm~125mm (25x) lens, extreme WDR 120dB, Day & Night ICR, H.265, H.264, MJPEG codec support, Analytics events based on AI engine: Object detection (Person/Face/Vehicle/License plate), IVA (Virtual line/Area, Enter/Exit, Loitering, direction, intrusion), Analytics events: Defocus detection, Motion detection, Tampering, Fog detection, Audio detection, Sound classification (with NW I/O box), Object auto-tracking (Person/Vehicle), Target lock track, BLC, HLC, SSDR, lens heater for water/snow removal, built-in SD card slot (2x512GB), IP66, IK10, NEMA4X, NEMA-TS 2(2.2.7, 2.2.8, 2.2.9),  FIPS 140-2, Power: PoE+, Operating Temperature -40°C~+55°C(-40°F ~ +131°F), (Compatible with I/O Box SPM-4210). OnCloud Compatible.","5502.0","CAD","Software and licensing","active"
"XNP-8250","Powered by WN7, 6MP @ 30FPS resolution, 5mm~125mm (25x) lens, extreme WDR 120dB, Day & Night ICR, H.265, H.264, MJPEG codec support, Intelligent Analytics, Object auto tracking (Person/Vehicle), Target lock track, BLC, HLC, SSDR, built-in SD card slot (2x512GB),  IP66, IK10, NEMA4X, NEMA-TS 2 (2.2.7, 2.2.8, 2.2.9), Power: PoE+, Operating Temperature -40°C~+55°C(-40°F ~ +131°F), (Compatible with I/O Box SPM-4210)","5240.0","CAD","Access","active"
"XNO-C8083R","Powered by WN7, Outdoor Network AI IR Bullet Camera, 6MP resolution @ 30FPS, 4.4~9.3mm(2.1x) (112.1°~47.5°) motorized varifocal lens, Triple codec (H.265/H.264/MJPEG), IR viewable length 40m (131.2ft), USB port for easy installation, Day & Night (ICR), extremeWDR (120dB), DIS with built-in Gyro sensor, Handover, Hard-coated window, Analytics events based on AI engine: Object detection(Person/Face/Vehicle/Licence plate), IVA (Virtual line/Area, Enter/Exit, Loitering, direction, intrusion), Analytics events : Defocus detection, Motion detection, Tampering, Fog detection, Audio detection, Sound classification, Shock detection, Appear/Disappear, UL CAP certified, P66, IP67, NEMA4X, IK10, Operating temperature: -40°C~+55°C(-40°F ~ +131°F), Power: PoE/12VDC, Metal shielded RJ-45. OnCloud Compatible.","2030.5","CAD","Software and licensing","active"
"XNO-8083R","Powered by WN7, X-Plus series, Outdoor Network AI IR Bullet Camera, 6MP resolution @ 30FPS, 4.4~9.3mm(2.1x) (112.1°~47.5°) motorized varifocal lens, Triple codec (H.265/H.264/MJPEG), IR viewable length 50m (164ft), USB port for easy installation, Day & Night (ICR), extremeWDR (120dB), DIS with built-in Gyro sensor, Handover, Hard-coated window, Analytics events based on AI engine: Object detection(Person/Face/Vehicle/License plate), IVA (Virtual line/Area, Enter/Exit, Loitering, direction, intrusion), Analytics events : Defocus detection, Motion detection, Tampering, Fog detection, Audio detection, Sound classification, Shock detection, Appear/Disappear, FIPS 140-2, 2x micro SD card (512GB x2), P66, IP67, NEMA4X, IK10, Operating temperature: -50°C~+60°C(-58°F ~ +140°F), Power: PoE+/12VDC, Metal shielded RJ-45. OnCloud Compatible.","2292.5","CAD","Software and licensing","active"
"XNO-8082R","Wisenet 7 X series network IR bullet camera, 6MP @ 30fps, motorized vari-focal lens 3x (2.8~8.4mm), triple codec H.265/H.264/MJPEG with WiseStreamII technology, Extreme WDR, USB and CVBS port for easy installation, advanced video analytics, sound classification and business analytics, high powered IR LEDs range of 131.23', shock detection, audio playback, true D/N, dual SD cards slots, hallway view, HLC, defog detection, DIS (Gyro), 12VDC/24VAC/PoE, IP67/IP66, IK10, Nema 4X, -50°C ~ +60°C (-58°F ~ +140°F). OnCloud Compatible.","2030.5","CAD","Audio and power accessories","active"
"XNV-C8083R","Powered by WN7, Outdoor Network AI IR Vandal Dome Camera, 6MP resolution @ 30FPS, 4.4~9.3mm(2.1x) (112.1°~47.5°) motorized varifocal lens, Triple codec (H.265/H.264/MJPEG), IR viewable length 40m (131.2ft), USB port for easy installation, Day & Night (ICR), extremeWDR (120dB), DIS with built-in Gyro sensor, Handover, Hard-coated dome bubble, Analytics events based on AI engine: Object detection(Person/Face/Vehicle/License plate), IVA (Virtual line/Area, Enter/Exit, Loitering, direction, intrusion), Analytics events : Defocus detection, Motion detection, Tampering, Fog detection, Audio detection, Sound classification, Shock detection, Appear/Disappear, P66, IP67, NEMA4X, IK10, Operating temperature: -40°C~+55°C(-40°F ~ +131°F), Power: PoE/12VDC, Metal shielded RJ-45. OnCloud Compatible.","2030.5","CAD","Software and licensing","active"
"XNV-8093R","Powered by WN7, X-Plus series, Outdoor Network AI IR Vandal Dome Camera, 6MP resolution @ 30FPS, 10.9~29mm(2.7x) (42°~15°) motorized varifocal lens, Triple codec (H.265/H.264/MJPEG), IR viewable length 70m (229.66ft), USB port for easy installation, Day & Night (ICR), extremeWDR (120dB), DIS with built-in Gyro sensor, Handover, Hard-coated dome bubble, Analytics events based on AI engine: Object detection(Person/Face/Vehicle/License plate), IVA (Virtual line/Area, Enter/Exit, Loitering, direction, intrusion), Analytics events : Defocus detection, Motion detection, Tampering, Fog detection, Audio detection, Sound classification, Shock detection, Appear/Disappear, FIPS 140-2, 2x micro SD card (512GB x2), P66, IP67, NEMA4X, IK10+, Operating temperature: -50°C~+55°C(-58°F ~ +131°F), Power: PoE+/12VDC, Metal shielded RJ-45. OnCloud Compatible.","2620.0","CAD","Software and licensing","active"
"XNV-8083RZ","Powered by WN7, X-Plus series, Outdoor Network AI IR Vandal Dome Camera, 6MP resolution @ 30FPS, 4.4~9.3mm (4.3x) (113°~47°) motorized varifocal lens, Remote lens adjustment (PTRZ), Triple codec (H.265/H.264/MJPEG), IR Viewable Length: 15m(49.21ft) / 30m(98.43ft) based on scene, USB port for easy installation, Day & Night (ICR), extremeWDR (120dB), DIS with built-in Gyro sensor, Handover, Hard-coated dome bubble, Analytics events based on AI engine: Object detection(Person/Face/Vehicle/License plate), IVA (Virtual line/Area, Enter/Exit, Loitering, direction, intrusion), Analytics events : Defocus detection, Motion detection, Tampering, Fog detection, Audio detection, Sound classification (with NW I/O box), Shock detection, Appear/Disappear, FIPS 140-2, 2x micro SD card (512GB x2), IP66, IP67, IP6K9K,NEMA4X, IK10+, Operating temperature: -50°C~+55°C(-58°F ~ +131°F), Power: PoE+/12VDC, Metal shielded RJ-45. OnCloud Compatible.","2423.5","CAD","Software and licensing","active"
"XNV-8083RX","Powered by WN7, X-Plus series, Network AI IR Outdoor Camera Module, 6MP resolution @ 30FPS, 4.4~9.3mm(2.1x) (112.1°~47.5°) motorized varifocal lens, Triple codec (H.265/H.264/MJPEG), IR viewable length 50m (164ft), USB port for easy installation, Day & Night (ICR), extremeWDR (120dB), DIS with built-in Gyro sensor, Handover, Hard-coated dome bubble, Analytics events based on AI engine: Object detection(Person/Face/Vehicle/License plate), IVA (Virtual line/Area, Enter/Exit, Loitering, direction, intrusion), Analytics events : Defocus detection, Motion detection, Tampering, Fog detection, Audio detection, Sound classification, Shock detection, Appear/Disappear, FIPS 140-2, 2x micro SD card (512GB x2), Operating temperature: -50°C~+55°C(-58°F ~ +131°F), Power: PoE+/12VDC, Metal shielded RJ-45. OnCloud Compatible.","1978.1","CAD","Software and licensing","active"
"XNV-8083R","Powered by WN7, X-Plus series, Outdoor Network AI IR Vandal Dome Camera, 6MP resolution @ 30FPS, 4.4~9.3mm(2.1x) (112.1°~47.5°) motorized varifocal lens, Triple codec (H.265/H.264/MJPEG), IR viewable length 50m (164ft), USB port for easy installation, Day & Night (ICR), extremeWDR (120dB), DIS with built-in Gyro sensor, Handover, Hard-coated dome bubble, Analytics events based on AI engine: Object detection(Person/Face/Vehicle/License plate), IVA (Virtual line/Area, Enter/Exit, Loitering, direction, intrusion), Analytics events : Defocus detection, Motion detection, Tampering, Fog detection, Audio detection, Sound classification, Shock detection, Appear/Disappear, FIPS 140-2, 2x micro SD card (512GB x2), P66, IP67, NEMA4X, IK10+, Operating temperature: -50°C~+55°C(-58°F ~ +131°F), Power: PoE+/12VDC, Metal shielded RJ-45. OnCloud Compatible.","2292.5","CAD","Software and licensing","active"
"XNV-8082R","Wisenet 7 X-plus series network IR vandal outdoor camera, 6MP @ 30fps, motorized vari-focal lens 3x (2.8~8.4mm), triple codec H.265/H.264/MJPEG with WiseStreamII technology, Extreme WDR, USB and CVBS port for easy installation, advanced video analytics, sound classification and business analytics, high powered IR LEDs range of 131.23', shock detection, audio playback, true D/N, dual SD cards slots, hallway view, HLC, defog detection, DIS (Gyro), 12VDC/24VAC/PoE, IP67/IP66/IP6K9K, IK10, Nema 4X, -50°C ~ +60°C (-58°F ~ +140°F). OnCloud Compatible.","2030.5","CAD","Audio and power accessories","active"
"XND-C8083RV","Powered by WN7, Indoor Network AI IR Dome Camera, 6MP resolution @ 30FPS, 4.4~9.3mm(2.1x) (112.1°~47.5°) motorized varifocal lens, Triple codec (H.265/H.264/MJPEG), IR viewable length 40m (131.2ft), USB port for easy installation, Day & Night (ICR), extremeWDR (120dB), DIS with built-in Gyro sensor, Handover, Hard-coated dome bubble, Analytics events based on AI engine: Object detection(Person/Face/Vehicle/License plate), IVA (Virtual line/Area, Enter/Exit, Loitering, direction, intrusion), Analytics events : Defocus detection, Motion detection, Tampering, Fog detection, Audio detection, Sound classification, Shock detection, Appear/Disappear, IP52, IK08, Operating temperature: -10 °C ~ 50 °C(14°F ~ +122°F), Power: PoE/12VDC. OnCloud Compatible.","1768.5","CAD","Software and licensing","active"
"XND-8093RV","Powered by WN7, X-Plus series, Indoor Network AI IR Dome Camera, 6MP resolution @ 30FPS, 10.9~29mm(2.7x) (42°~15°) motorized varifocal lens, Triple codec (H.265/H.264/MJPEG), IR viewable length 70m (229.66ft), USB port for easy installation, Day & Night (ICR), extremeWDR (120dB), DIS with built-in Gyro sensor, Handover, Hard-coated dome bubble, Analytics events based on AI engine: Object detection(Person/Face/Vehicle/License plate), IVA (Virtual line/Area, Enter/Exit, Loitering, direction, intrusion), Analytics events : Defocus detection, Motion detection, Tampering, Fog detection, Audio detection, Sound classification, Shock detection, Appear/Disappear, FIPS 140-2, 2x micro SD card (512GB x2), IP52, IK10, Operating temperature: -25 °C ~ 50 °C(-13°F ~ +122°F), Power: PoE+/12VDC, Metal shielded RJ-45. OnCloud Compatible.","2358.0","CAD","Software and licensing","active"
"XND-8083RVX","Powered by WN7, X-Plus series, Network AI IR Indoor Camera Module, 6MP resolution @ 30FPS, 4.4~9.3mm(2.1x) (112.1°~47.5°) motorized varifocal lens, Triple codec (H.265/H.264/MJPEG), IR viewable length 50m (164ft), USB port for easy installation, Day & Night (ICR), extremeWDR (120dB), DIS with built-in Gyro sensor, Handover, Hard-coated dome bubble, Analytics events based on AI engine: Object detection(Person/Face/Vehicle/License plate), IVA (Virtual line/Area, Enter/Exit, Loitering, direction, intrusion), Analytics events : Defocus detection, Motion detection, Tampering, Fog detection, Audio detection, Sound classification, Shock detection, Appear/Disappear, FIPS 140-2, 2x micro SD card (512GB x2), Operating temperature: -25 °C ~ 50 °C(-13°F ~ +122°F), Power: PoE+/12VDC. OnCloud Compatible.","1978.1","CAD","Software and licensing","active"
"XND-8083RV","Powered by WN7, X-Plus series, Indoor Network AI IR Dome Camera, 6MP resolution @ 30FPS, 4.4~9.3mm(2.1x) (112.1°~47.5°) motorized varifocal lens, Triple codec (H.265/H.264/MJPEG), IR viewable length 50m (164ft), USB port for easy installation, Day & Night (ICR), extremeWDR (120dB), DIS with built-in Gyro sensor, Handover, Hard-coated dome bubble, Analytics events based on AI engine: Object detection(Person/Face/Vehicle/License plate), IVA (Virtual line/Area, Enter/Exit, Loitering, direction, intrusion), Analytics events : Defocus detection, Motion detection, Tampering, Fog detection, Audio detection, Sound classification, Shock detection, Appear/Disappear, FIPS 140-2, 2x micro SD card (512GB x2), IP52, IK10, Operating temperature: -25 °C ~ 50 °C(-13°F ~ +122°F), Power: PoE+/12VDC. OnCloud Compatible.","2030.5","CAD","Software and licensing","active"
"XND-8082RF","Wisenet 7 X-plus series network IR flush mount camera (plenum), 6MP @ 30fps, motorized vari-focal lens 3x (2.8~8.4mm), triple codec H.265/H.264/MJPEG with WiseStreamII technology, Extreme WDR, USB and CVBS port for easy installation, advanced video analytics, sound classification and business analytics, high powered IR LEDs range of 131.23', shock detection, audio playback, true D/N, dual SD cards slots, hallway view, HLC, defog detection, DIS (Gyro), 12VDC/PoE, IP52, IK10, -25°C ~ +60°C (-13°F ~ +140°F). OnCloud Compatible.","1768.5","CAD","Audio and power accessories","active"
"XND-8082RV","Wisenet 7 X-plus series network IR vandal indoor camera, 6MP @ 30fps, motorized vari-focal lens 3x (2.8~8.4mm), triple codec H.265/H.264/MJPEG with WiseStreamII technology, Extreme WDR, USB and CVBS port for easy installation, advanced video analytics, sound classification and business analytics, high powered IR LEDs range of 131.23', shock detection, audio playback, true D/N, dual SD cards slots, hallway view, HLC, defog detection, DIS (Gyro), 12VDC/PoE, IP52, IK10, -25°C ~ +60°C (-13°F ~ +140°F). OnCloud Compatible.","1768.5","CAD","Audio and power accessories","active"
"XNB-8003","Powered by WN7,  X-Plus series, Box Camera, 6MP resolution @ 30FPS, Triple codec (H.265/H.264/MJPEG), USB port for easy installation, Day & Night (ICR), extremeWDR (120dB), DIS with built-in Gyro sensor, Handover, Analytics events based on AI engine: Object detection(Person/Face/Vehicle/License plate), IVA (Virtual line/Area, Enter/Exit, Loitering, direction, intrusion), Analytics events : Defocus detection, Motion detection, Tampering, Fog detection, Audio detection, Sound classification, Shock detection, Appear/Disappear, FIPS 140-2, 2x micro SD card (512GB x2), Operating temperature: -10 °C ~ 55 °C(14°F ~ +131°F), Power: PoE+/12VDC, Metal shielded RJ-45. OnCloud Compatible.","1375.5","CAD","Software and licensing","active"
"XND-8081REV","Wisenet X powered by Wisenet 5 network IR indoor dome camera with PoE Extender, PoE+ in PoE out, 5MP @30fps, Motorized Varifocal Lens (3.9mm ~9.4mm), triple codec H.265/H.264/MJPEG with WiseStream II technology,WDR 120dB, USB port for easy installation, advanced video analytics and sound classification, true D/N, dual SD card, hallway view, HLC, defog detection, DIS(Gyro), PoE/PoE+ , IP52, IK10, -25°C ~ +60°C (-13°F ~ +140°F)","2096.0","CAD","Cameras","active"
"XNV-8081RE","Wisenet X powered by Wisenet 5 network IR outdoor vandal dome camera with PoE Extender, PoE+ in PoE out, 5MP @30fps, Motorized Varifocal Lens (3.9mm ~9.4mm), triple codec H.265/H.264/MJPEG with WiseStream II technology,WDR 120dB, USB port for easy installation, advanced video analytics and sound classification, true D/N, dual SD card, hallway view, HLC, defog detection, DIS(Gyro), PoE/PoE+ , IP66/IP67/IP6K9K, IK10+, NEMA4X,  -50°C ~ +60°C (-58°F ~ +140°F)","2423.5","CAD","Cameras","active"
"XNV-8081R","Wisenet X series Plus powered by Wisenet 5 IR network outdoor vandal dome camera, modular structure, 5MP @ 30fps, motorized vari-focal lens 2.6x (3.6~9.4mm) (102.5°~38.7°), triple codec H.265/H.264/MJPEG with WiseStream II technology, 120dB WDR, USB port for easy installation, advanced video analytics, sound classification and business analytics, high powered IR LEDs range of 164', shock detection, audio playback, true D/N, dual SD card, hallway view, HLC, defog detection, DIS (Gyro), 12VDC/PoE, optional 24VAC,  IP67/IP66/IP6K9K, IK10+, Nema 4X, -50°C ~ +60°C (-58°F ~ +140°F), white color, ivory skin included, optional black skin cover","2358.0","CAD","Audio and power accessories","active"
"XND-8081RV","Wisenet X series Plus powered by Wisenet 5 IR network indoor vandal dome camera, modular structure, 5MP @ 30fps, motorized vari-focal lens 2.6x (3.6~9.4mm) (102.5°~38.7°), triple codec H.265/H.264/MJPEG with WiseStream II technology, 120dB WDR, USB port for easy installation, advanced video analytics, sound classification and business analytics, high powered IR LEDs range of 164', shock detection, audio playback, built-in mic, true D/N, dual SD card, hallway view, HLC, defog detection, DIS (Gyro), 12VDC/PoE, IP52, IK10, white color, ivory skin included, optional black skin cover","2030.5","CAD","Audio and power accessories","active"
"XNV-8081Z","Wisenet X series Plus powered by Wisenet 5 network outdoor vandal dome camera, modular structure, 5MP @ 30fps, motorized vari-focal lens 2.6x (3.6~9.4mm) (102.5°~38.7°), PTRZ, triple codec H.265/H.264/MJPEG with WiseStream II technology, 120dB WDR, USB port for easy installation, advanced video analytics, sound classification and business analytics, shock detection, audio playback, true D/N, dual SD card, hallway view, HLC, defog detection, DIS (Gyro), 12VDC/PoE, optional 24VAC,  IP67/IP66/IP6K9K, IK10+, Nema 4X, -50°C ~ +60°C (-58°F ~ +140°F), white color, ivory skin included, optional black skin cover","2423.5","CAD","Audio and power accessories","active"
"XNF-8010R","Wisenet X powered by Wisenet 5 network indoor fisheye, 6MP CMOS sensor, 2048x2048 @ 30fps, 1.6mm fixed lens (192°), triple codec H.265/H.264/MJPEG with WiseStream II technology, 120dB WDR, USB port for easy installation, advanced video, sound classification and business analytics, high powered IR LEDs range of 49', simple focus, dual SD card, HLC, defog detection, DIS, 12VDC/PoE","1244.5","CAD","Cameras","active"
"XNF-8010RW","Wisenet X powered by Wisenet 5 network indoor fisheye (white color), 6MP CMOS sensor, 2048x2048 @ 30fps, 1.6mm fixed lens (192°), triple codec H.265/H.264/MJPEG with WiseStream II technology, 120dB WDR, USB port for easy installation, advanced video, sound classification and business analytics, high powered IR LEDs range of 49', simple focus, dual SD card, HLC, defog detection, DIS, 12VDC/PoE, white color","1244.5","CAD","Cameras","active"
"XNF-8010RV","Wisenet X powered by Wisenet 5 network outdoor vandal fisheye, 6MP CMOS sensor, 2048x2048 @ 30fps, 1.6mm fixed lens (192°), triple codec H.265/H.264/MJPEG with WiseStream II technology, 120dB WDR, USB port for easy installation, advanced video, sound classification and business analytics, high powered IR LEDs range of 49', simple focus, dual SD card, HLC, defog detection, DIS, 12VDC/PoE, IP66, IK10, -40°C ~ +55°C (-40°F ~ +131°F)","1375.5","CAD","Cameras","active"
"XNF-8010RVM","Wisenet X powered by Wisenet 5 network mobile vandal fisheye, 6MP CMOS sensor, 2048x2048 @ 30fps, 1.6mm fixed lens (192°), triple codec H.265/H.264/MJPEG with WiseStream II technology, 120dB WDR, USB port for easy installation, advanced video, sound classification and business analytics, high powered IR LEDs range of 49', simple focus, dual SD card, HLC, defog detection, DIS, For Mobile Application (M12 Connector) RJ45 to M12 adapter is NOT included, 12VDC/PoE, IP66, IK10, -40°C ~ +55°C (-40°F ~ +131°F)","1506.5","CAD","Cameras","active"
"XNV-8080RSA","Wisenet X powered by Wisenet 5 network IR stainless steel dome camera, 5MP @30fps, motorized vari-focal lens 2.4x (3.9~9.4mm) (92.1°~38.7°), triple codec H.265/H.264/MJPEG with WiseStream II technology, 120dB WDR, USB port for easy installation, advanced video analytics and sound classification, high powered IR LEDs range of 164', true D/N, dual SD card, hallway view, HLC, defog detection, DIS, 12VDC/24VAC/PoE, IP67/IP6K9K/ IK10, Nema 4X, IP6K9K,_x000D_ -40°C ~ +55°C (-40°F ~ +131°F)","2882.0","CAD","Cameras","active"
"XNV-A8084R","Powered by WN9, Outdoor Network AI IR Vandal Dome Camera, 5MP resolution @ 30FPS, 3.3~9.3mm (2.8x), (113°~47°) motorized varifocal lens, H.265/H.264/MJPEG codec, IR viewable length 40m (131.2ft), USB-C port for easy installation, Day & Night (ICR), extremeWDR (120dB), Hard-coated dome bubble, DIS with built-in gyro sensor, Handover, AI-based WiseStream, WiseNR Ⅱ (using AI engine), Dynamic privacy mask, IVA events based on AI engine (Motion & Object detection, Line crossing, IVA area, Slip & Fall, Sound classification), Classified object types (Person/Face/Vehicle/License plate), Object attributes (Person: Gender/Top/Bottom clothing color/Bag, Face: Age/Gender/Mask/Glasses, Vehicle: type/color), BestShot, Analytics events (Defocus, Motion, Tampering, Fog, Audio & Shock detection), AI-based business intelligence (People/Vehicle/Crowd counting, Queue management, Heatmap), Secure element with FIPS 140-3 level3, Built-in microSD card slot (Up to 1TB), IP66/IP67, IK10, NEMA 4X, NEMA-TS 2(2.2.7.2-8, 2.2.8, 2.2.9), Operating temp: -40°C~+50°C (-40°F~+122°F), Power: PoE, Metal shielded RJ-45.","1899.5","CAD","Software and licensing","active"
"XNV-8080R","Wisenet X powered by Wisenet 5 network IR outdoor vandal dome camera, 5MP @30fps, motorized vari-focal lens 2.4x (3.9~9.4mm) (92.1°~38.7°), triple codec H.265/H.264/MJPEG with WiseStream II technology, 120dB WDR, USB port for easy installation, advanced video analytics and sound classification, high powered IR LEDs range of 164', true D/N, dual SD card, hallway view, HLC, defog detection, DIS, 12VDC/24VAC/PoE, IP67, IK10, Nema 4X, -40°C ~ +55°C (-40°F ~ +131°F)","2030.5","CAD","Cameras","active"
"XNV-8020R","Wisenet X powered by Wisenet 5 network IR outdoor vandal dome camera, 5MP @30fps, 3.7mm fixed focal lens (97.5°), triple codec H.265/H.264/MJPEG with WiseStream II technology, 120dB WDR, USB port for easy installation, advanced video analytics and sound classification and business analytics, high powered IR LEDs range of 98', true D/N, dual SD card, hallway view, HLC, defog detection, DIS, 12VDC/PoE, IP67, IK10 ","1179.0","CAD","Cameras","active"
"XNV-8030R","Wisenet X powered by Wisenet 5 network IR outdoor vandal dome camera, 5MP @30fps, 4.6mm fixed focal lens (77.9°), triple codec H.265/H.264/MJPEG with WiseStream II technology, 120dB WDR, USB port for easy installation, advanced video analytics and sound classification and business analytics, high powered IR LEDs range of 98', true D/N, dual SD card, hallway view, HLC, defog detection, DIS, 12VDC/PoE, IP67, IK10","1179.0","CAD","Cameras","active"
"XNV-8040R","Wisenet X powered by Wisenet 5 network IR outdoor vandal dome camera, 5MP @30fps, 7mm fixed focal lens (50.7°), triple codec H.265/H.264/MJPEG with WiseStream II technology, 120dB WDR, USB port for easy installation, advanced video analytics and sound classification and business analytics, high powered IR LEDs range of 98', true D/N, dual SD card, hallway view, HLC, defog detection, DIS, 12VDC/PoE, IP67, IK10","1179.0","CAD","Cameras","active"
"XNO-A8084R","Powered by WN9, Outdoor Network AI IR Vandal Bullet Camera, 5MP resolution @ 30FPS, 3.3~9.3mm (2.8x) (113°~47°) motorized varifocal lens, H.265/H.264/MJPEG codec, IR viewable length 40m (131.2ft), USB-C port for easy installation, Day & Night (ICR), extremeWDR (120dB), Hard-coated dome bubble, DIS with built-in gyro sensor, Handover, AI-based WiseStream, WiseNR Ⅱ (using AI engine), Dynamic privacy mask, IVA events based on AI engine (Motion & Object detection, Line crossing, IVA area, Slip & Fall, Sound classification), Classified object types (Person/Face/Vehicle/License plate), Object attributes (Person: Gender/Top/Bottom clothing color/Bag, Face: Age/Gender/Mask/Glasses, Vehicle: type/color), BestShot, Analytics events (Defocus, Motion, Tampering, Fog, Audio & Shock detection), AI-based business intelligence (People/Vehicle/Crowd counting, Queue management, Heatmap), Secure element with FIPS 140-3 level3, Built-in microSD card slot (Up to 1TB), IP66/IP67, IK10, NEMA 4X, NEMA-TS 2(2.2.7.2-8, 2.2.8, 2.2.9), Operating temp: -40°C~+60°C (-40°F~+140°F), Power: PoE, Metal shielded RJ-45.","1899.5","CAD","Software and licensing","active"
"XNO-8080R","Wisenet X powered by Wisenet 5 network IR outdoor bullet camera, 5MP @30fps, motorized vari-focal lens 2.4x (3.7~9.4mm) (100.2°~38.7°), triple codec H.265/H.264/MJPEG with WiseStream II technology, 120dB WDR, USB port for easy installation, advanced video analytics and sound classification, high powered IR LEDs range of 164', true D/N, dual SD card, hallway view, HLC, defog detection, DIS, backbox included, 12VDC/24VAC/PoE, IP67, IK10, Nema 4X, -40°C ~ +55°C (-40°F ~ +131°F)","2030.5","CAD","Cameras","active"
"XNO-8020R","Wisenet X powered by Wisenet 5 network outdoor vandal bullet camera, 5MP @30fps, 3.7mm fixed lens (97.5°), triple codec H.265/H.264/MJPEG with WiseStream II technology, 120dB WDR, USB port for easy installation, advanced video analytics and sound classification and business analytics, high powered IR LEDs range of 98', true D/N, dual SD card, hallway view, HLC, defog detection, DIS, backbox included, 12VDC/PoE, IP67, IK10, Nema 4X","1179.0","CAD","Cameras","active"
"XNO-8030R","Wisenet X powered by Wisenet 5 network outdoor vandal bullet camera, 5MP @30fps, 4.6mm fixed lens (77.9°), triple codec H.265/H.264/MJPEG with WiseStream II technology, 120dB WDR, USB port for easy installation, advanced video analytics and sound classification and business analytics, high powered IR LEDs range of 98', true D/N, dual SD card, hallway view, HLC, defog detection, DIS, backbox included, 12VDC/PoE, IP67, IK10, Nema 4X","1179.0","CAD","Cameras","active"
"XNO-8040R","Wisenet X powered by Wisenet 5 network outdoor vandal bullet camera, 5MP @30fps, 7mm fixed lens (50.7°), triple codec H.265/H.264/MJPEG with WiseStream II technology, 120dB WDR, USB port for easy installation, advanced video analytics and sound classification and business analytics, high powered IR LEDs range of 98', true D/N, dual SD card, hallway view, HLC, defog detection, DIS, backbox included, 12VDC/PoE, IP67, IK10, Nema 4X","1179.0","CAD","Cameras","active"
"XND-A8084RV","Powered by WN9, Indoor Network AI IR Dome Camera, 5MP resolution @ 30FPS, 3.3~9.3mm (2.8x), (99°~31°) motorized varifocal lens, H.265/H.264/MJPEG codec, IR viewable length 40m (131.2ft), USB-C port for easy installation, Day & Night (ICR), extremeWDR (120dB), Hard-coated dome bubble, DIS with built-in gyro sensor, Handover, AI-based WiseStream, WiseNR Ⅱ (using AI engine), Dynamic privacy mask, IVA events based on AI engine (Motion & Object detection, Line crossing, IVA area, Slip & Fall, Sound classification), Classified object types (Person/Face/Vehicle/License plate), Object attributes (Person: Gender/Top/Bottom clothing color/Bag, Face: Age/Gender/Mask/Glasses, Vehicle: type/color), BestShot, Analytics events (Defocus, Motion, Tampering, Fog, Audio & Shock detection), AI-based business intelligence (People/Vehicle/Crowd counting, Queue management, Heatmap), Secure element with FIPS 140-3 level3, Built-in microSD card slot (Up to 1TB), IP52, IK10, Operating temperature: -10°C~+50°C (14°F~+122°F), Power: PoE, Metal shielded RJ-45.  ","1637.5","CAD","Software and licensing","active"
"XND-8080RV","Wisenet X powered by Wisenet 5 network IR indoor vandal dome camera, 5MP @30fps, motorized vari-focal lens 2.4x (3.9~9.4mm) (92.1°~38.7°), triple codec H.265/H.264/MJPEG with WiseStream II technology, 120dB WDR, USB port for easy installation, advanced video analytics and sound classification, high powered IR LEDs range of 98', true D/N, dual SD card, hallway view, HLC, defog detection, DIS, 12VDC/PoE, IK08","1768.5","CAD","Cameras","active"
"XND-8020R","Wisenet X powered by Wisenet 5 network IR indoor vandal dome camera, 5MP @30fps, 3.7mm fixed focal lens (97.5°), triple codec H.265/H.264/MJPEG with WiseStream II technology, 120dB WDR, USB port for easy installation, advanced video analytics and sound classification and business analytics, high powered IR LEDs range of 98', true D/N, dual SD card, hallway view, HLC, defog detection, DIS, 12VDC/PoE, IK08","1015.25","CAD","Cameras","active"
"XND-8030R","Wisenet X powered by Wisenet 5 network IR indoor vandal dome camera, 5MP @30fps, 4.6mm fixed focal lens (77.9°), triple codec H.265/H.264/MJPEG with WiseStream II technology, 120dB WDR, USB port for easy installation, advanced video analytics and sound classification and business analytics, high powered IR LEDs range of 98', true D/N, dual SD card, hallway view, HLC, defog detection, DIS, 12VDC/PoE, IK08","1015.25","CAD","Cameras","active"
"XND-8040R","Wisenet X powered by Wisenet 5 network IR indoor vandal dome camera, 5MP @30fps, 7mm fixed focal lens (50.7°), triple codec H.265/H.264/MJPEG with WiseStream II technology, 120dB WDR, USB port for easy installation, advanced video analytics and sound classification and business analytics, high powered IR LEDs range of 98', true D/N, dual SD card, hallway view, HLC, defog detection, DIS, 12VDC/PoE, IK08","1015.25","CAD","Cameras","active"
"XND-8020F","Wisenet X powered by Wisenet 5 network flush mount dome camera, 5MP @ 30fps, 3.7mm fixed lens (97.5°), triple codec H.265/H.264/MJPEG with WiseStream II technology, 120dB WDR, USB port for easy installation, advanced video analytics and sound classification and business analytics, built-in Mic, magnetic cover, electronic D/N, SD card, hallway view, HLC, defog detection, DIS, PoE only","786.0","CAD","Recorder accessories","active"
"XNB-8000","Wisenet X powered by Wisenet 5 network box camera, 5MP @30fps, simple focus, triple codec H.265/H.264/MJPEG with WiseStream II technology, 120dB WDR, USB port for easy installation, advanced video analytics and sound classification and business analytics, true D/N, dual SD card, hallway view, HLC, defog detection, DIS using a Gyro sensor, 12VDC/24VAC/PoE","1244.5","CAD","Cameras","active"
"QNO-8010R","Wisenet Q network outdoor vandal bullet camera, 5MP @ 30fps, 2.8mm fixed focal lens (104°), triple codec H.265/H.264/MJPEG with Wisestream II, 120dB WDR, IR LEDs range 65', defocus detection, hallway View,  built-in SD card slot (1x128GB), video analytics, CVBS, open platform, IP66, IK10, PoE","615.7","CAD","Cameras","active"
"QNO-8020R","Wisenet Q network outdoor vandal bullet camera, 5MP @ 30fps, 4.0mm fixed focal lens (79°), triple codec H.265/H.264/MJPEG with Wisestream II, 120dB WDR, IR LEDs range 82', defocus detection, hallway View, built-in SD card slot (1x128GB), video analytics, CVBS, open platform, IP66, IK10, PoE","615.7","CAD","Cameras","active"
"QNO-C8013R","Wisenet Q network outdoor vandal bullet camera, 5MP @ 30fps, fix lens 3mm (H:100°/V: 73°), triple codec H.265/H.264/MJPEG with WiseStream III technology, WiseNRⅡ(Based on AI engine), WDR 120dB, IR viewable length 25m(82.02ft), Motion detection based on AI engine, Analytics events based on AI engine: Classified object type: [Person/Vehicle]; Attributes: Vehicle [Type and color: (car/bus/truck/motorcycle/bicycle)], Person [upper and bottom clothing color]; BestShot, Virtual line, Virtual area], defocus detection, hallway view, Dynamic privacy masking, built-in SD card slot (1x256GB), video analytics, USB for easy installation, open platform, IP66, IK10, PoE, Operating temperature -30°C~+55°C(-22°F ~ +131°F) white color. OnCloud Compatible.","786.0","CAD","Audio and power accessories","active"
"QNO-C8023R","Wisenet Q network outdoor vandal bullet camera, 5MP @ 30fps, fix lens 4mm (H:80°/V: 59°), triple codec H.265/H.264/MJPEG with WiseStream III technology, WiseNRⅡ(Based on AI engine), WDR 120dB, IR viewable length 30m(98.42ft), Motion detection based on AI engine, Analytics events based on AI engine: Classified object type: [Person/Vehicle]; Attributes: Vehicle [Type and color: (car/bus/truck/motorcycle/bicycle)], Person [upper and bottom clothing color]; BestShot, Virtual line, Virtual area], defocus detection, hallway view, Dynamic privacy masking, built-in SD card slot (1x256GB), video analytics, USB for easy installation, open platform, IP66, IK10, PoE, Operating temperature -30°C~+55°C(-22°F ~ +131°F) white color. OnCloud Compatible.","786.0","CAD","Audio and power accessories","active"
"QNO-C8083R","Wisenet Q network outdoor vandal bullet camera,  5MP @ 30fps, motorized vari-focal lens 3.2~10.2mm (H: 95°~29° / V: 69°~21°), triple codec H.265/H.264/MJPEG with Wisestream III (Based on AI engine), WiseNRⅡ(Based on AI engine), WDR 120dB, IR viewable length  30m (98ft), WiseMD based on AI engine, Classified object type: Person/Vehicle (vehicle type: car/bus/truck/motorcycle/bicycle); IVA events based on AI engine: Virtual line (Crossing/Direction), Virtual area (Loitering/Intrusion/Enter/Exit/(Dis)Appear), *Audio: Selectable(mic in/line in), defocus detection, hallway View, built-in SD card slot (1x256GB), video analytics, USB for easy installation, open platform, IP66, IK10, PoE, Operating temperature -30°C~+55°C(-22°F ~ +131°F) white color. OnCloud Compatible.","1034.9","CAD","Audio and power accessories","active"
"QNO-8080R","Wisenet Q network outdoor vandal bullet camera, 5MP @ 30fps, motorized vari-focal lens 3.1x (3.2 ~ 10.0mm) (100°~31°), triple codec H.265/H.264/MJPEG with Wisestream II, 120dB WDR, IR LEDs range 98', defocus detection, hallway View, built-in SD card slot (1x128GB), video analytics, CVBS, open platform, IP66, IK10, PoE","890.8","CAD","Cameras","active"
"QNV-C8011R","Wisenet Q mini network outdoor vandal dome camera, 5MP @ 30fps, fix lens 3mm (H:100°/V: 73°),  triple codec H.265/H.264/MJPEG with Wisestream III (Based on AI engine), WiseNRⅡ(Based on AI engine), WDR 120dB, IR viewable length 20m(65.62ft), WiseMD based on AI engine, Classified object type: Person/Vehicle (vehicle type: car/bus/truck/motorcycle/bicycle); IVA events based on AI engine: Virtual line (Crossing/Direction), Virtual area (Loitering/Intrusion/Enter/Exit/(Dis)Appear), defocus detection, hallway View, built-in SD card slot (1x256GB), video analytics, USB for easy installation, open platform, IP66, IK10, NEMA4X, PoE, Operating temperature -40°C~+55°C(-40°F ~ +131°F) white color. OnCloud Compatible.","719.19","CAD","Cameras","active"
"QNV-C8012","Wisenet Q mini network outdoor vandal dome camera, 5MP @ 30fps, fix lens 2.4mm (H:123°/V: 91°),  triple codec H.265/H.264/MJPEG with Wisestream III (Based on AI engine), WiseNRⅡ(Based on AI engine), WDR 120dB, WiseMD based on AI engine, Classified object type: Person/Vehicle (vehicle type: car/bus/truck/motorcycle/bicycle); IVA events based on AI engine: Virtual line (Crossing/Direction), Virtual area (Loitering/Intrusion/Enter/Exit/(Dis)Appear), defocus detection, hallway View, built-in SD card slot (1x256GB), video analytics, USB for easy installation, open platform, IP66, IK10, NEMA4X, PoE, Operating temperature -40°C~+55°C(-40°F ~ +131°F) white color.","719.19","CAD","Cameras","active"
"QNV-C8013R","Wisenet Q mini network outdoor vandal dome camera, 5MP @ 30fps, fix lens 3mm (H:100°/V: 73°), triple codec H.265/H.264/MJPEG with WiseStream III technology, WiseNRⅡ(Based on AI engine), WDR 120dB, IR viewable length 25m(82.02ft), Motion detection based on AI engine, Analytics events based on AI engine: Classified object type: [Person/Vehicle]; Attributes: Vehicle [Type and color: (car/bus/truck/motorcycle/bicycle)], Person [upper and bottom clothing color]; BestShot, Virtual line, Virtual area], defocus detection, hallway view, Dynamic privacy masking, built-in SD card slot (1x256GB), video analytics, USB for easy installation, open platform, IP66, IK10, PoE, Operating temperature -30°C~+55°C(-22°F ~ +131°F) white color. * Alarm I/O and audio is supported through an optional cable (SPP-C7400)","786.0","CAD","Audio and power accessories","active"
"QNV-C8023R","Wisenet Q mini network outdoor vandal dome camera, 5MP @ 30fps, fix lens 4mm (H:80°/V: 59°), triple codec H.265/H.264/MJPEG with WiseStream III technology, WiseNRⅡ(Based on AI engine), WDR 120dB, IR viewable length 30m(98.42ft), Motion detection based on AI engine, Analytics events based on AI engine: Classified object type: [Person/Vehicle]; Attributes: Vehicle [Type and color: (car/bus/truck/motorcycle/bicycle)], Person [upper and bottom clothing color]; BestShot, Virtual line, Virtual area], defocus detection, hallway view, Dynamic privacy masking, built-in SD card slot (1x256GB), video analytics, USB for easy installation, open platform, IP66, IK10, PoE, Operating temperature -30°C~+55°C(-22°F ~ +131°F) white color. * Alarm I/O and audio is supported through an optional cable (SPP-C7400). OnCloud Compatible.","786.0","CAD","Audio and power accessories","active"
"QNV-8010R","Wisenet Q network outdoor vandal dome camera, 5MP @ 30fps, 2.8mm fixed focal lens (104°), triple codec H.265/H.264/MJPEG with Wisestream II, 120dB WDR, IR LEDs range 65', defocus detection, hallway View, built-in SD card slot (1x128GB), video analytics, CVBS, open platform, IP66, IK10, PoE, white color","615.7","CAD","Cameras","active"
"QNV-8020R","Wisenet Q network outdoor vandal dome camera, 5MP @ 30fps, 4.0mm fixed focal lens (79°), triple codec H.265/H.264/MJPEG with Wisestream II, 120dB WDR, IR LEDs range 82', defocus detection, hallway View, built-in SD card slot (1x128GB), video analytics, CVBS, open platform, IP66, IK10, PoE, white color","615.7","CAD","Cameras","active"
"QNV-C8083R","Wisenet Q network outdoor vandal dome camera, 5MP @ 30fps, motorized vari-focal lens 3.2~10.2mm (H: 95°~29° / V: 69°~21°), triple codec H.265/H.264/MJPEG with Wisestream III (Based on AI engine), WiseNRⅡ(Based on AI engine), WDR 120dB, IR viewable length 30m (98ft), WiseMD based on AI engine, Classified object type: Person/Vehicle (vehicle type: car/bus/truck/motorcycle/bicycle); IVA events based on AI engine: Virtual line (Crossing/Direction), Virtual area (Loitering/Intrusion/Enter/Exit/(Dis)Appear), *Audio: Selectable(mic in/line in), defocus detection, hallway View, built-in SD card slot (1x256GB), video analytics, USB for easy installation, open platform, IP66, IK10, PoE, Operating temperature -30°C~+55°C(-22°F ~ +131°F) white color. * Alarm I/O and audio is supported through an optional cable (SPP-C7400). OnCloud Compatible.","1034.9","CAD","Audio and power accessories","active"
"QNV-8080R","Wisenet Q network outdoor vandal dome camera, 5MP @ 30fps, motorized vari-focal lens 3.1x (3.2 ~ 10.0mm) (100°~31°), triple codec H.265/H.264/MJPEG with Wisestream II, 120dB WDR, IR LEDs range 98', defocus detection, hallway View, built-in SD card slot (1x128GB), video analytics, CVBS, open platform, IP66, IK10, PoE, white color","890.8","CAD","Cameras","active"
"QND-8010R","Wisenet Q network indoor dome camera, 5MP @ 30fps, 2.8mm fixed focal lens (104°), triple codec H.265/H.264/MJPEG with Wisestream II, 120dB WDR, IR LEDs range 65', defocus detection, hallway View, built-in SD card slot (1x128GB), video analytics, CVBS, open platform, PoE, white color","484.7","CAD","Cameras","active"
"QND-8020R","Wisenet Q network indoor dome camera, 5MP @ 30fps, 4.0mm fixed focal lens (79°), triple codec H.265/H.264/MJPEG with Wisestream II, 120dB WDR, IR LEDs range 65', defocus detection, hallway View, built-in SD card slot (1x128GB), video analytics, CVBS, open platform, PoE, white color","484.7","CAD","Cameras","active"
"QND-8080R","Wisenet Q network indoor dome camera, 5MP @ 30fps, motorized vari-focal lens 3.1x (3.2 ~ 10.0mm) (100°~31°), triple codec H.265/H.264/MJPEG with Wisestream II, 120dB WDR, IR LEDs range 98', defocus detection, hallway View, built-in SD card slot (1x128GB), video analytics, CVBS, open platform, PoE, white color","805.65","CAD","Cameras","active"
"QND-8011","Wisenet Q mini network indoor dome camera, 5MP @ 30fps, 2.8mm fixed focal lens (104°), triple codec H.265/H.264/MJPEG with Wisestream II, 120dB WDR, defocus detection, hallway View, built-in SD card slot (1x128GB), people counting, open platform, IP42, IK08, PoE, white color","484.7","CAD","Cameras","active"
"QND-8021","Wisenet Q mini network indoor dome camera, 5MP @ 30fps, 4.0mm fixed focal lens (80°), triple codec H.265/H.264/MJPEG with Wisestream II, 120dB WDR, defocus detection, hallway View, built-in SD card slot (1x128GB), people counting, open platform, IP42, IK08, PoE, white color","484.7","CAD","Cameras","active"
"QND-C8013R","Wisenet Q network indoor dome camera, 5MP @ 30fps, fix lens 3mm (H:100°/V: 73°), triple codec H.265/H.264/MJPEG with WiseStream III technology, WiseNRⅡ(Based on AI engine), WDR 120dB, IR viewable length 25m(82.02ft), built-in mic, Motion detection based on AI engine, Analytics events based on AI engine: Classified object type: [Person/Vehicle]; Attributes: Vehicle [Type and color: (car/bus/truck/motorcycle/bicycle)], Person [upper and bottom clothing color]; BestShot, Virtual line, Virtual area], defocus detection, hallway view, Dynamic privacy masking, built-in SD card slot (1x256GB) , video analytics, USB for easy installation, open platform, PoE, Operating temperature -10°C~+45°C(+14°F ~ +113°F) white color. * Alarm I/O is supported through an optional cable (SPP-C7200). OnCloud Compatible.","628.8","CAD","Audio and power accessories","active"
"QND-C8023R","Wisenet Q network indoor dome camera, 5MP @ 30fps, fix lens 4mm (H:80°/V: 59°),  triple codec H.265/H.264/MJPEG with WiseStream III technology, WiseNRⅡ(Based on AI engine), WDR 120dB, IR viewable length 30m(98.42ft), built-in mic, Motion detection based on AI engine, Analytics events based on AI engine: Classified object type: [Person/Vehicle]; Attributes: Vehicle [Type and color: (car/bus/truck/motorcycle/bicycle)], Person [upper and bottom clothing color]; BestShot, Virtual line, Virtual area], defocus detection, hallway view, Dynamic privacy masking, built-in SD card slot (1x256GB) , video analytics, USB for easy installation, open platform, PoE, Operating temperature -10°C~+45°C(+14°F ~ +113°F) white color. * Alarm I/O is supported through an optional cable (SPP-C7200). OnCloud Compatible.","628.8","CAD","Audio and power accessories","active"
"QNE-C9013RL","Wisenet Q network outdoor flat-eye camera, 4K @ 30fps, 3mm fixed focal lens (H: 108°/ V: 59°), triple codec H.265/H.264/MJPEG with Wisestream III, 120dB WDR, Dual Light – White LED range 30m (98ft), IR viewable length 30m (98ft), Motion Detection based on AI engine, Classified object type: Person/Vehicle (vehicle type: car/bus/truck/motorcycle/bicycle); IVA events based on AI engine: Virtual line (Crossing/Direction), Virtual area (Loitering/Intrusion/Enter/Exit/(Dis)Appear), defocus detection, hallway View, built-in SD card slot (1x256GB), video analytics, IP66/IP67, IK10, PoE, Operating temperature -40°C~+60°C(-40°F ~ +140°F) white color. OnCloud Compatible.","982.5","CAD","Cameras","active"
"QNE-C8013RL","Wisenet Q network outdoor flat-eye camera, 5MP @ 30fps, 3mm fixed focal lens (H: 97° / V: 53°), triple codec H.265/H.264/MJPEG with Wisestream III, 120dB WDR, Dual Light – White LED range 30m (98ft), IR viewable length 30m (98ft), Motion Detection based on AI engine, Classified object type: Person/Vehicle (vehicle type: car/bus/truck/motorcycle/bicycle); IVA events based on AI engine: Virtual line (Crossing/Direction), Virtual area (Loitering/Intrusion/Enter/Exit/(Dis)Appear), defocus detection, hallway View, built-in SD card slot (1x256GB), video analytics, IP66/IP67, IK10, PoE, Operating temperature -40°C~+60°C(-40°F ~ +140°F) white color. OnCloud Compatible.","864.6","CAD","Cameras","active"
"QNE-8011R","Wisenet Q mini network outdoor flateye camera, 5MP @ 30fps, 2.8mm fixed focal lens (104°), triple codec H.265/H.264/MJPEG with Wisestream II, 120dB WDR, IR LEDs range 65', defocus detection, hallway View, built-in SD card slot (1x128GB), video analytics, open platform, IP67, IK10, PoE, white color","615.7","CAD","Cameras","active"
"QNF-8010","Wisenet Q series network Indoor fisheye dome camera, 6MP CMOS sensor, max resolution 2048x2048 @ 30fps, triple codec H.265/H.264/MJPEG with WiseStream II technology, WDR 120dB, business analytics (heatmap and people counting), built-in SD card slot (1x256GB), PoE ","884.25","CAD","Cameras","active"
"TNV-C8014RM","T Series, Mobile IR vandal dome camera, 5MP, (2592x1944) 30fps, fixed focal Lens 3mm (H:100°/V: 73°), triple codec H.265/H.264/MJPEG with WiseStream III technology, WiseNRⅡ(Based on AI engine), built-in mic, 120dB WDR, IR viewable length 30m (98.43ft), Motion detection based on AI engine, Analytics events based on AI engine: Classified object type: [Person/Vehicle]; Attributes: Vehicle [Type and color: (car/bus/truck/motorcycle/bicycle)], Person [upper and bottom clothing color]; BestShot, Virtual line, Virtual area], defocus detection, shock detection, hallway view, Heater, DIS with built-in Gyro sensor, Dynamic privacy masking, built-in SD card slot (1x256GB), IP66, IK10, Operating temperature: -40°C~+55°C(-40°F~+131°F), M12 Network connector (M12 to RJ-45 adaptor is not included). OnCloud Compatible.","1021.8","CAD","Audio and power accessories","active"
"TNV-C8034RM","T Series, Mobile IR vandal dome camera, 5MP, (2592x1944) 30fps, fixed focal Lens 6mm (H:50°/V: 37°), triple codec H.265/H.264/MJPEG with WiseStream III technology, WiseNRⅡ(Based on AI engine), built in mic, 120dB WDR, IR viewable length 30m(98.43ft), Motion detection based on AI engine, Analytics events based on AI engine: Classified object type: [Person/Vehicle]; Attributes: Vehicle [Type and color: (car/bus/truck/motorcycle/bicycle)], Person [upper and bottom clothing color]; BestShot, Virtual line, Virtual area], defocus detection, shock detection, hallway view, Heater, DIS with built-in Gyro sensor, Dynamic privacy masking, built-in SD card slot (1x256GB), IP66, IK10, Operating temperature: -40°C~+55°C(-40°F~+131°F), M12 Network connector (M12 to RJ-45 adaptor is not included). OnCloud Compatible.","1021.8","CAD","Audio and power accessories","active"
"TNV-C8011RW","T Series, wall mount AI panoramic camera, 5MP @ 30 FPS, 1.6mm fixed focal lens (HFoV: 175°, VFoV: 125°), Triple CODEC (H.265/H.264/MJPEG) with WiseStream III (based on AI engine) support, 120dB WDR, IR viewable length 15m (49ft),WiseMD based on AI engine, Classified object type: Person/Vehicle (vehicle type: car/bus/truck/motorcycle/bicycle); IVA events based on AI engine: Virtual line (Crossing/Direction), Virtual area [Loitering/Intrusion/Enter/Exit/(Dis), Appear], virtual area (intrusion/enter/exit), virtual Line (crossing/ direction), Business analytics: People Counting, Queue Management, Heatmap, Occupancy, Tamper detection, built-in mic, built-in SD card slot (1x256GB) , IP66, PoE, white color","1126.6","CAD","Audio and power accessories","active"
"TNV-8011C","Compact corner mount camera, 5MP @ 30fps, triple codec,  WDR 120dB, 2.3mm fixed, USB and CVBS, true D/N, built-in SD card slot (1x128GB), hallway view, HLC, defog detection, PoE, Audio-in/Audio-out, Wisenet open platform IP66, IP6K9K, IK10, video analytics- Defocus, Directional, Motion, Enter/Exit, Tampering, Virtual line, Audio","1113.5","CAD","Audio and power accessories","active"
"PNM-C7083RVD","Network vandal outdoor 2CH AI IR dome camera, (2MP X 2 sensors) 4MP @ 30fps, 3~6mm(2x) (107°~56.3°) motorized varifocal lens, Triple codec (H.265/H.264/MJPEG), IR viewable length 25m (82ft), USB port for easy installation, Day & Night (ICR), extremeWDR (120dB), DIS, Handover, Analytics events based on AI engine: Object detection(Person/Face/Vehicle/License plate), IVA (Virtual line/Area, Enter/Exit, Loitering, direction, intrusion), Analytics events : Defocus detection, Motion detection, Tampering, Audio detection, Sound classification, Appear/Disappear, FIPS 140-2, micro SD card 512GB, IP66, NEMA4X, IK10, Operating temperature: -40°C~+55°C(-40°F ~ +131°F), Power: PoE+, Metal shielded RJ-45, Hard-coated dome bubble","2292.5","CAD","Software and licensing","active"
"XNP-C7310R","Powered by WN7 and AI,4MP @ 30FPS resolution, 6.91mm~214.64mm (31x) lens with Wise AF intelligent autofocus, adaptive Wise IR (300m), extreme WDR 120dB, Day & Night ICR, H.265, H.264, MJPEG triple codec with WiseStream III (based on AI engine) support, Analytics events based on AI engine:Object detection (Person/Face/ Vehicle/License plate), Virtual line (Crossing/ Direction), Virtual area (Loitering/Intrusion/Enter/Exit), Analytics events: Defocus detection, Motion detection, Tampering, Fog detection, Audio detection, Sound classification (with NW I/O box), AI object auto-tracking (Person/Vehicle) with target lock tracking, BLC, HLC, SSDR, lens heater for water/snow removal, built-in SD card slot (2x512GB), IP66, IP67, IK10, NEMA4X, NEMA-TS 2(2.2.7, 2.2.8, 2.2.9),  FIPS 140-2, PoE++/HPoE injector included, Operating Temperature -50°C~+55°C(-58°F ~ +131°F), (Compatible with I/O Box SPM-4210). OnCloud Compatible.","5567.5","CAD","Software and licensing","active"
"PNM-7082RVD","Network vandal outdoor 2CH IR dome camera, (2MP X 2 sensors) 4MP @ 30fps, 3~6mm(2x) (107°~56.3°) motorized varifocal lens, Triple codec (H.265/H.264/MJPEG), IR viewable length 25m (82ft), USB port for easy installation, Day & Night (ICR), extremeWDR (150dB), DIS, Handover, IVA (Virtual line/Area, Enter/Exit, Loitering, direction, intrusion), Analytics events : Defocus detection, Directional detection, Motion detection, Appear/Disappear, Enter/Exit, Loitering, Tampering, Virtual line, Audio detection, Sound classification, FIPS 140-2, micro SD card 512GB, IP66, NEMA4X, IK10, Operating temperature: -40°C~+55°C(-40°F ~ +131°F), Power: PoE+, Metal shielded RJ-45, Hard-coated dome bubble","1834.0","CAD","Audio and power accessories","active"
"ANO-L7012R","Wisenet A Series bullet camera, 4MP @ 30 FPS, 3mm fixed focal lens,  WiseStream II, triple codec (H.265/H.264/MJPEG),120dB WDR, IR LEDs 20m(65.62ft), day & night (ICR), FoV H: 98.3° / V: 54.2°, virtual area (intrusion/enter/exit), virtual Line (crossing/ direction), motion detection, tampering, hallway view, built-in SD card slot (1x128GB), IP66, PoE, white.","288.2","CAD","Cameras","active"
"ANO-L7022R","Wisenet A Series bullet camera, 4MP @ 30 FPS, 4mm fixed focal lens, WiseStreamII,  triple codec (H.265/H.264/MJPEG), 120dB WDR, IR LEDs  25m(82.02ft), day & night (ICR), FOV H: 78.3° / V: 42.9°, virtual area (intrusion/enter/exit), virtual Line (crossing/ direction), motion detection, tampering, hallway view, built-in SD card slot (1x128GB), IP66, PoE, white.","288.2","CAD","Cameras","active"
"ANO-L7082R","Wisenet A Series bullet camera, 4MP @ 30 FPS, motorized varifocal lens 3.1x (3.3~10.3mm) (94.8° ~ 28.1°) , WiseStream II, triple codec (H.265/H.264/MJPEG), 120dB WDR, IR LEDs 30m (98.43ft), day & night (ICR), virtual area (intrusion/enter/exit), virtual Line (crossing/ direction), motion detection, tampering, hallway view, built-in SD card slot (1x128GB), IP66, PoE, white.","393.0","CAD","Cameras","active"
"ANV-L7012R","Wisenet A Series outdoor vandal dome camera, 4MP @ 30 FPS, 3mm fixed focal lens, WiseStreamII,  triple codec (H.265/H.264/MJPEG), 120dB WDR, IR LEDs 20m(65.62ft), day & night (ICR), FoV H: 98.3° / V: 54.2°, virtual area (intrusion/enter/exit), virtual Line (crossing/ direction), motion detection, tampering, hallway view, built-in SD card slot (1x128GB), IP66, IK10, PoE, white.","288.2","CAD","Cameras","active"
"ANV-L7082R","Wisenet A Series outdoor vandal dome camera, 4MP @ 30 FPS,  motorized varifocal lens 3.1x (3.3~10.3mm) (94.8° ~ 28.1°), WiseStream II, triple codec (H.265/H.264/MJPEG), 120dB WDR, IR LEDs 30m (98.43ft), day & night (ICR), virtual area (intrusion/enter/exit), virtual Line (crossing/ direction), motion detection, tampering, hallway view, built-in SD card slot (1x128GB), IP66, IK10, PoE, white.","393.0","CAD","Cameras","active"
"ANE-L7012L","Wisenet A Series White Light turret camera, 4MP @ 30 FPS, 3mm fixed focal lens, WiseStream II, Triple codec (H.265/H.264/MJPEG),  120dB WDR, 24h Color mode, FoV H: 98.3° / V: 54.2°, virtual area (intrusion/enter/exit), virtual Line (crossing/ direction), motion detection, tampering, hallway view, built-in SD card slot (1x128GB), IP66, PoE, white.","353.7","CAD","Cameras","active"
"ANE-L7012R","Wisenet A Series turret camera, 4MP @ 30 FPS, 3mm fixed focal lens, WiseStream II, Triple codec (H.265/H.264/MJPEG),  120dB WDR, IR LEDs 20m(65.62ft), day & night (ICR), FoV H: 98.3° / V: 54.2°, virtual area (intrusion/enter/exit), virtual Line (crossing/ direction), motion detection, tampering, hallway view, built-in SD card slot (1x128GB), IP66, PoE, white.","353.7","CAD","Cameras","active"
"QND-7012R","Wisenet Q network indoor dome camera, 4MP @30fps, 2.8mm fixed focal lens (107°), triple codec H.265/H.264/MJPEG with Wisestream II, 120dB WDR, IR LEDs range 65', motion detection, tampering, defocus detection, hallway View, one way audio, built-in SD card slot (1x128GB), PoE/12VDC, white color","444.09","CAD","Audio and power accessories","active"
"QND-7022R","Wisenet Q network indoor dome camera, 4MP @30fps, 4mm fixed focal lens (78°), triple codec H.265/H.264/MJPEG with Wisestream II, 120dB WDR, IR LEDs range 65', motion detection, tampering, defocus detection, hallway View, one way audio, built-in SD card slot (1x128GB), PoE/12VDC, white color","444.09","CAD","Audio and power accessories","active"
"QND-7032R","Wisenet Q network indoor dome camera, 4MP @30fps, 6mm fixed focal lens (49°), triple codec H.265/H.264/MJPEG with Wisestream II, 120dB WDR, IR LEDs range 65', motion detection, tampering, defocus detection, hallway View, one way audio, built-in SD card slot (1x128GB), PoE/12VDC, white color","444.09","CAD","Audio and power accessories","active"
"QND-7082R","Wisenet Q network indoor dome camera, 4MP @30fps, motorized vari-focal lens 3.1x (3.2 ~ 10.0mm) (109°~33.2°), triple codec H.265/H.264/MJPEG with Wisestream II, 120dB WDR, IR LEDs range 20m (65.62'), Motion detection, Tampering, Defocus detection, Hallway view, LDC support, Built-in mic (One way audio), built-in SD card slot (1x128GB), PoE/12VDC (White color)","732.29","CAD","Audio and power accessories","active"
"QNV-7012R","Wisenet Q network outdoor vandal dome camera, 4MP @30fps, 2.8mm fixed focal lens (107°), triple codec H.265/H.264/MJPEG with Wisestream II, 120dB WDR, IR LEDs range 65', motion detection, tampering, defocus detection, hallway View, one way audio, built-in SD card slot (1x128GB), IP66, IK10, PoE/12VDC, white color","561.99","CAD","Audio and power accessories","active"
"QNV-7022R","Wisenet Q network outdoor vandal dome camera, 4MP @30fps, 4mm fixed focal lens (78°), triple codec H.265/H.264/MJPEG with Wisestream II, 120dB WDR, IR LEDs range 82', motion detection, tampering, defocus detection, hallway View, one way audio, built-in SD card slot (1x128GB), IP66, IK10, PoE/12VDC, white color","561.99","CAD","Audio and power accessories","active"
"QNV-7032R","Wisenet Q network outdoor vandal dome camera, 4MP @30fps, 6mm fixed focal lens (49°), triple codec H.265/H.264/MJPEG with Wisestream II, 120dB WDR, IR LEDs range 98', motion detection, tampering, defocus detection, hallway View, one way audio, built-in SD card slot (1x128GB), IP66, IK10, PoE/12VDC, white color","561.99","CAD","Audio and power accessories","active"
"QNV-7082R","Wisenet Q network outdoor vandal dome camera, 4MP @30fps, motorized vari-focal lens 3.1x (3.2 ~ 10.0mm) (109°~33.2°), triple codec H.265/H.264/MJPEG with Wisestream II, 120dB WDR, IR LEDs range 30m (98.42'), Motion detection, Tampering, Defocus detection, Hallway view, LDC support, One way audio - Line in, built-in SD card slot (1x128GB), IP66, IK10, PoE/12VDC (White color)","810.89","CAD","Audio and power accessories","active"
"QNO-7012R","Wisenet Q network outdoor vandal bullet camera, 4MP @30fps, 2.8mm fixed focal lens (107°), triple codec H.265/H.264/MJPEG with Wisestream II, 120dB WDR, IR LEDs range 65', motion detection, tampering, defocus detection, hallway View, one way audio, built-in SD card slot (1x128GB), IP66, IK10, PoE/12VDC","561.99","CAD","Audio and power accessories","active"
"QNO-7022R","Wisenet Q network outdoor vandal bullet camera, 4MP @30fps, 4mm fixed focal lens (78°), triple codec H.265/H.264/MJPEG with Wisestream II, 120dB WDR, IR LEDs range 82', motion detection, tampering, defocus detection, hallway View, one way audio, built-in SD card slot (1x128GB), IP66, IK10, PoE/12VDC","561.99","CAD","Audio and power accessories","active"
"QNO-7032R","Wisenet Q network outdoor vandal bullet camera, 4MP @30fps, 6mm fixed focal lens (49°), triple codec H.265/H.264/MJPEG with Wisestream II, 120dB WDR, IR LEDs range 98', motion detection, tampering, defocus detection, hallway View, one way audio, built-in SD card slot (1x128GB), IP66, IK10, PoE/12VDC","561.99","CAD","Audio and power accessories","active"
"QNO-7082R","Wisenet Q network outdoor vandal bullet camera, 4MP @30fps, motorized vari-focal lens 3.1x (3.2 ~ 10.0mm) (109°~33.2°), triple codec H.265/H.264/MJPEG with Wisestream II, 120dB WDR, IR LEDs range 30m (98.42'), Motion detection, Tampering, Defocus detection, Hallway view, LDC support, One way audio - Line in, built-in SD card slot (1x128GB), IP66, IK10, PoE/12VDC","810.89","CAD","Audio and power accessories","active"
"XND-C7083RV","Powered by WN7, Indoor Network AI IR Dome Camera, 4MP resolution @ 60FPS (WDR off)/30FPS (WDR on), 2.8~10mm(3.6x) (109.7°~30.4°) motorized varifocal lens, Triple codec (H.265/H.264/MJPEG), IR viewable length 40m (131.2ft), USB port for easy installation, Day & Night (ICR), extremeWDR (120dB), DIS with built-in Gyro sensor, Handover, Hard-coated dome bubble, Analytics events based on AI engine: Object detection(Person/Face/Vehicle/Licence plate), IVA (Virtual line/Area, Enter/Exit, Loitering, direction, intrusion), Analytics events : Defocus detection, Motion detection, Tampering, Fog detection, Audio detection, Sound classification, Shock detection, Appear/Disappear, IP52, IK08, Operating temperature: -10 °C ~ 50 °C(14°F ~ +122°F), Power: PoE/12VDC, Metal shielded RJ-45. OnCloud Compatible.","1703.0","CAD","Software and licensing","active"
"XNO-C7083R","Powered by WN7, Outdoor Network AI IR Bullet Camera, 4MP resolution @ 60FPS (WDR off)/30FPS (WDR on), 2.8~10mm(3.6x) (109.7°~30.4°) motorized varifocal lens, Triple codec (H.265/H.264/MJPEG), IR viewable length 40m (131.2ft), USB port for easy installation, Day & Night (ICR), extremeWDR (120dB), DIS with built-in Gyro sensor, Handover, Hard-coated window, Analytics events based on AI engine: Object detection(Person/Face/Vehicle/Licence plate), IVA (Virtual line/Area, Enter/Exit, Loitering, direction, intrusion), Analytics events : Defocus detection, Motion detection, Tampering, Fog detection, Audio detection, Sound classification, Shock detection, Appear/Disappear, UL CAP certified, P66, IP67, NEMA4X, IK10, Operating temperature 40°C~+55°C(-40°F ~ +131°F), Power: PoE/12VDC, Metal shielded RJ-45. OnCloud Compatible.","1834.0","CAD","Software and licensing","active"
"XNV-C7083R","Powered by WN7, Outdoor Network AI IR Vandal Dome Camera, 4MP resolution @ 60FPS (WDR off)/30FPS (WDR on), 2.8~10mm(3.6x) (109.7°~30.4°) motorized varifocal lens, Triple codec (H.265/H.264/MJPEG), IR viewable length 40m (131.2ft), USB port for easy installation, Day & Night (ICR), extremeWDR (120dB), DIS with built-in Gyro sensor, Handover, Hard-coated dome bubble, Analytics events based on AI engine : Object detection(Person/Face/Vehicle/Licence plate), IVA (Virtual line/Area, Enter/Exit, Loitering, direction, intrusion), Analytics events : Defocus detection, Motion detection, Tampering, Fog detection, Audio detection, Sound classification, Shock detection, Appear/Disappear, P66, IP67, NEMA4X, IK10, Operating temperature: -40°C~+55°C(-40°F ~ +131°F), Power: PoE/12VDC, Metal shielded RJ-45. OnCloud Compatible.","1834.0","CAD","Software and licensing","active"
"TNV-C7013RC","Wisenet T network outdoor AI, IR corner mount camera, 3MP @ 30fps, fixed lens 2.39mm (H:128°, V:100°), 940nm Wise IR 15m(49.21ft), built-in mic, triple codec H.265/H.264/MJPEG with, extreamWDR 120dB, Improve image quality based on AI (WiseStreamIII, WiseNRII, prefer shutter control) Classified object type: Person/Face/License Plate/Vehicle (car, truck, bus, bicycle, motorcycle), Analytics events based on AI engine: IVA (Virtual line/Area, Enter/Exit, Loitering, Direction, Intrusion), Clothes color detection, built-in SD card slot (1x1TB), HLC, defog detection, DIS, PoE, IP66, IP6K9K, IK10+, Anti-ligature design, Operating Temperature -10°C ~ +55°C (14°F ~ +131°F). OnCloud Compatible.","1965.0","CAD","Software and licensing","active"
"TNV-7011RC","Wisenet T powered by Wisenet 5 network outdoor IR corner mount camera, 3MP, 2048*1536 @ 30fps, 2.8mm fixed lens (102°*75°), 940nm IR 32', built-in mic, triple codec H.265/H.264/MJPEG with WiseStream II technology, 120dB WDR, advanced video analytics and business analytics, single SD card, HLC, defog detection, DIS, PoE, IP66, Nema 4X, IK10","1965.0","CAD","Recorder accessories","active"
"PND-A6081RF","2MP Network AI IR Dome Camera, Max. 2MP resolution, Up to 120fps, 0.007Lux@F1.3 (Color), 0Lux (B/W, IR LED on), IR Viewable Length 40m(131.23ft), Wise IR,  Day & Night (ICR), WDR (120dB), WiseNRⅡ (Using AI engine), H.265, H.264, MJPEG, WiseStreamⅡ, WiseStreamⅢ (Using AI engine), Video Analytics based on AI [ Object detection and classification (Person, Face, Vehicle, License Plate), Face mask detection, Social distancing detection, Attribute, BestShot] People counting, Heatmap, Queue management based on AI, TPM with FIPS 140-2 level2, Secure boot, Verify firmware forgery, Hard-coated dome bubble, IP52, IK10, Plenum rate,  Modular structure for easy Install, PoE+. OnCloud Compatible.","1925.7","CAD","Software and licensing","active"
"PND-A6081RV","2MP Network AI IR Dome Camera, Max. 2MP resolution, Up to 120fps, 0.007Lux@F1.3 (Color), 0Lux (B/W, IR LED on), IR Viewable Length 40m(131.23ft), Wise IR, Day & Night (ICR), WDR (120dB), WiseNRⅡ (Using AI engine), H.265, H.264, MJPEG, WiseStreamⅡ, WiseStreamⅢ (Using AI engine), Video Analytics based on AI [ Object detection and classification (Person, Face, Vehicle, License Plate), Face mask detection, Social distancing detection, Attribute, BestShot] People counting, Heatmap, Queue management based on AI, TPM with FIPS 140-2 level2, Secure boot, Verify firmware forgery, Hard-coated dome bubble, IP52, IK10, Modular structure for easy Install, PoE+. OnCloud Compatible.","1925.7","CAD","Software and licensing","active"
"PNV-A6081R-E2T","2MP Network AI IR Vandal Dome Camera with built-in 2TB SSD and pre-installed WAVE server and ability to record up to 5 additional cameras. Max. 2MP resolution, Up to 120fps, 0.007Lux@F1.3 (Color), 4.38~9.33mm(2.13x) motorized varifocal lens, 0Lux (B/W, IR LED on), IR Viewable Length 40m(131.23ft), Wise IR, Day & Night (ICR), WDR (120dB), WiseNRⅡ, H.265, H.264, MJPEG, WiseStreamⅡ, People counting, Heatmap, Queue management, TPM with FIPS 140-2 level2, Secure boot, Verify firmware forgery, Hard-coated dome bubble/IP66, IP67, IP6K9K, IK10+, NEMA4X, Modular structure for easy Install, PoE+; 2TB SSD included, Pre-Installed WAVE server with 1CH Pro license","4061.0","CAD","Software and licensing","active"
"PNV-A6081R-E1T","2MP Network AI IR Vandal Dome Camera with built-in 1TB SSD and pre-installed WAVE server and ability to record up to 5 additional cameras. Max. 2MP resolution, Up to 120fps, 0.007Lux@F1.3 (Color), 4.38~9.33mm(2.13x) motorized varifocal lens, 0Lux (B/W, IR LED on), IR Viewable Length 40m(131.23ft), Wise IR, Day & Night (ICR), WDR (120dB), WiseNRⅡ, H.265, H.264, MJPEG, WiseStreamⅡ, People counting, Heatmap, Queue management, TPM with FIPS 140-2 level2, Secure boot, Verify firmware forgery, Hard-coated dome bubble/IP66, IP67, IP6K9K, IK10+, NEMA4X, Modular structure for easy Install, PoE+; 1TB SSD included, Pre-Installed WAVE server with 1CH Pro license","3602.5","CAD","Software and licensing","active"
"PNV-A6081R","2MP Network AI IR Vandal Dome Camera, Max. 2MP resolution, Up to 120fps, 0.007Lux@F1.3 (Color), 0Lux (B/W, IR LED on), IR Viewable Length 40m(131.23ft), Wise IR, Day & Night (ICR), WDR (120dB), WiseNRⅡ (Using AI engine), H.265, H.264, MJPEG, WiseStreamⅡ, WiseStreamⅢ (Using AI engine), Video Analytics based on AI [ Object detection and classification (Person, Face, Vehicle, License Plate), Face mask detection, Social distancing detection, Attribute, BestShot] People counting, Heatmap, Queue management based on AI, TPM with FIPS 140-2 level2, Secure boot, Verify firmware forgery, Hard-coated dome bubble/IP66, IP67, IP6K9K, IK10+, NEMA4X, Modular structure for easy Install, PoE+. OnCloud Compatible.","2187.7","CAD","Software and licensing","active"
"PNO-A6081R","2MP Network AI IR Bullet Camera, Max. 2MP resolution, Up to 120fps, 0.007Lux@F1.3 (Color), 0Lux (B/W, IR LED on), IR Viewable Length 40m(131.23ft), Wise IR, Day & Night (ICR), WDR (120dB), WiseNRⅡ (Using AI engine), H.265, H.264, MJPEG, WiseStreamⅡ, WiseStreamⅢ (Using AI engine), Video Analytics based on AI [ Object detection and classification (Person, Face, Vehicle, License Plate), Face mask detection, Social distancing detection, Attribute, BestShot] People counting, Heatmap, Queue management based on AI, TPM with FIPS 140-2 level2, Secure boot, Verify firmware forgery, IP66, IP67, IK10, NEMA4X, PoE+. OnCloud Compatible.","2056.7","CAD","Software and licensing","active"
"PNB-A6001","2MP Network AI Box Camera, Max. 2MP resolution, Up to 120fps, 0.006Lux@F1.2, (Color), 0.0006Lux@F1.2, 1/30sec. (B/W), Day & Night (ICR), WDR (120dB), WiseNRⅡ (Using AI engine), H.265, H.264, MJPEG, WiseStreamⅡ, WiseStreamⅢ (Using AI engine), Video Analytics based on AI [ Object detection and classification (Person, Face, Vehicle, License Plate), Face mask detection, Social distancing detection, Attribute, BestShot] People counting, Heatmap, Queue management based on AI, TPM with FIPS 140-2 level2, Secure boot, Verify firmware forgery, PoE+. OnCloud Compatible.","1467.2","CAD","Software and licensing","active"
"XND-C6083RV","Powered by WN7, Indoor Network AI IR Dome Camera, 2MP resolution @ 60FPS, 2.8~12mm(4.3x) (119.5°~27.9°) motorized varifocal lens, Triple codec (H.265/H.264/MJPEG), IR viewable length 40m (131.2ft), USB port for easy installation, Day & Night (ICR), extremeWDR (150dB), DIS with built-in Gyro sensor, Handover, Hard-coated dome bubble, Analytics events based on AI engine : Object detection(Person/Face/Vehicle/License plate), IVA (Virtual line/Area, Enter/Exit, Loitering, direction, intrusion), Analytics events : Defocus detection, Motion detection, Tampering, Fog detection, Audio detection, Sound classification, Shock detection, Appear/Disappear, IP52, IK08, Operating temperature: -10 °C ~ 50 °C(14°F ~ +122°F), Power: PoE/12VDC, Metal shielded RJ-45. OnCloud Compatible.","1375.5","CAD","Software and licensing","active"
"XNV-C6083R","Powered by WN7, Outdoor Network AI IR Vandal Dome Camera, 2MP resolution @ 60FPS, 2.8~12mm(4.3x) (119.5°~27.9°) motorized varifocal lens, Triple codec (H.265/H.264/MJPEG), IR viewable length 40m (131.2ft), USB port for easy installation, Day & Night (ICR), extremeWDR (150dB), DIS with built-in Gyro sensor, Handover, Hard-coated dome bubble, Analytics events based on AI engine: Object detection(Person/Face/Vehicle/License plate), IVA (Virtual line/Area, Enter/Exit, Loitering, direction, intrusion), Analytics events : Defocus detection, Motion detection, Tampering, Fog detection, Audio detection, Sound classification, Shock detection, Appear/Disappear, P66, IP67, NEMA4X, IK10, Operating temperature: -40°C~+55°C(-40°F ~ +131°F), Power: PoE/12VDC, Metal shielded RJ-45. OnCloud Compatible.","1572.0","CAD","Software and licensing","active"
"XND-6083RV","Powered by WN7, X-Plus series, Indoor Network AI IR Dome Camera, 2MP resolution @ 120FPS, 2.8~12mm(4.3x) (119.5°~27.9°) motorized varifocal lens, Triple codec (H.265/H.264/MJPEG), IR viewable length 50m (164ft), USB port for easy installation, Day & Night (ICR), extremeWDR (150dB), DIS with built-in Gyro sensor, Handover, Hard-coated dome bubble, Analytics events based on AI engine : Object detection(Person/Face/Vehicle/License plate), IVA (Virtual line/Area, Enter/Exit, Loitering, direction, intrusion), Analytics events : Defocus detection, Motion detection, Tampering, Fog detection, Audio detection, Sound classification, Shock detection, Appear/Disappear, FIPS 140-2, 2x micro SD card (512GB x2), IP52, IK10, Operating temperature: -25 °C ~ 60 °C(-13°F ~ +140°F), Power: PoE+/12VDC, Metal shielded RJ-45","1572.0","CAD","Software and licensing","active"
"XNV-6083RZ","Powered by WN7, X-Plus series, Outdoor Network AI IR Vandal Dome Camera, 2MP resolution @ 120FPS, 2.8~12mm (4.3x) (120°~27°) motorized varifocal lens, Remote lens adjustment (PTRZ), Triple codec (H.265/H.264/MJPEG), IR Viewable Length: 15m(49.21ft) / 30m(98.43ft) based on scene, USB port for easy installation, Day & Night (ICR), extremeWDR (150dB), DIS with built-in Gyro sensor, Handover, Hard-coated dome bubble, Analytics events based on AI engine: Object detection(Person/Face/Vehicle/License plate), IVA (Virtual line/Area, Enter/Exit, Loitering, direction, intrusion), Analytics events : Defocus detection, Motion detection, Tampering, Fog detection, Audio detection, Sound classification (with NW I/O box), Shock detection, Appear/Disappear, FIPS 140-2, 2x micro SD card (512GB x2), IP66, IP67, IP6K9K, NEMA4X, IK10+, Operating temperature: -50°C~+55°C(-58°F ~ +131°F), Power: PoE+/12VDC, Metal shielded RJ-45. OnCloud Compatible.","1899.5","CAD","Software and licensing","active"
"XNV-6083R","Powered by WN7, X-Plus series, Outdoor Network AI IR Vandal Dome Camera, 2MP resolution @ 120FPS, 2.8~12mm(4.3x) (119.5°~27.9°) motorized varifocal lens, Triple codec (H.265/H.264/MJPEG), IR viewable length 50m (164ft), USB port for easy installation, Day & Night (ICR), extremeWDR (150dB), DIS with built-in Gyro sensor, Handover, Hard-coated dome bubble, Analytics events based on AI engine: Object detection(Person/Face/Vehicle/License plate), IVA (Virtual line/Area, Enter/Exit, Loitering, direction, intrusion), Analytics events : Defocus detection, Motion detection, Tampering, Fog detection, Audio detection, Sound classification, Shock detection, Appear/Disappear, FIPS 140-2, 2x micro SD card (512GB x2), P66, IP67, NEMA4X, IK10+, Operating temperature: -50°C~+55°C(-58°F ~ +131°F), Power: PoE+/12VDC, Metal shielded RJ-45","1834.0","CAD","Software and licensing","active"
"XNB-6003","Powered by WN7,  X-Plus series, Box Camera, 2MP resolution @ 120FPS, Triple codec (H.265/H.264/MJPEG), USB port for easy installation, Day & Night (ICR), extremeWDR (150dB), DIS with built-in Gyro sensor, Handover, Analytics events based on AI engine: Object detection(Person/Face/Vehicle/License plate), IVA (Virtual line/Area, Enter/Exit, Loitering, direction, intrusion), Analytics events : Defocus detection, Motion detection, Tampering, Fog detection, Audio detection, Sound classification, Shock detection, Appear/Disappear, FIPS 140-2, 2x micro SD card (512GB x2), Operating temperature: -10 °C ~ 55 °C(14°F ~ +131°F), Power: PoE+/12VDC, Metal shielded RJ-45","1179.0","CAD","Software and licensing","active"
"XNP-C6403RW","Powered by WN7 PTZ Plus with AI, 2MP @ 60FPS resolution, 4.25mm~170mm (40x) lens, build in wiper and adaptive Wise IR (200m), extreme WDR 150dB, Day & Night ICR, H.265, H.264, MJPEG codec support, Analytics events based on AI engine: Object detection (Person/Face/Vehicle/License plate), IVA (Virtual line/Area, Enter/Exit, Loitering, direction, intrusion), Analytics events: Defocus detection, Motion detection, Tampering, Fog detection, Audio detection, Sound classification (with NW I/O box), Object auto-tracking (Person/Vehicle), Target lock track, BLC, HLC, SSDR, lens heater for water/snow removal, built-in SD card slot (2x512GB), IP66, IK10, NEMA4X, NEMA-TS 2(2.2.7, 2.2.8, 2.2.9),  FIPS 140-2, PoE++/HPoE injector included, Operating Temperature -40°C~+55°C(-40°F ~ +131°F), (Compatible with I/O Box SPM-4210). OnCloud Compatible.","5371.0","CAD","Software and licensing","active"
"XNP-6400RW","Powered by WN7, 2MP @ 60FPS resolution, 4.25mm~170mm (40x) lens, build in wiper and Wise IR (200m),  extreme WDR 150dB, Day & Night ICR, H.265, H.264, MJPEG codec support, Intelligent Analytics, Object auto tracking(Person/Vehicle), Target lock track, BLC, HLC, SSDR, lens heater for water/snow removal, built-in SD card slot (2x512GB), IP66, IK10(Camera body only), NEMA4X, NEMA-TS 2(2.2.7, 2.2.8, 2.2.9), PoE++/HPoE injector included, Operating Temperature -40°C~+55°C(-40°F ~ +131°F), (Compatible with I/O Box SPM-4210)","5109.0","CAD","Power Supply","active"
"XNP-C6403R","Powered by WN7 PTZ Plus with AI, 2MP @ 60FPS resolution, 4.25mm~170mm (40x) lens, adaptive Wise IR (200m), extreme WDR 150dB, Day & Night ICR, H.265, H.264, MJPEG codec support, Analytics events based on AI engine: Object detection (Person/Face/Vehicle/License plate), IVA (Virtual line/Area, Enter/Exit, Loitering, direction, intrusion), Analytics events: Defocus detection, Motion detection, Tampering, Fog detection, Audio detection, Sound classification (with NW I/O box), Object auto-tracking (Person/Vehicle), Target lock track, BLC, HLC, SSDR, lens heater for water/snow removal, built-in SD card slot (2x512GB), IP66, IK10, NEMA4X, NEMA-TS 2(2.2.7, 2.2.8, 2.2.9),  FIPS 140-2, PoE++/HPoE injector included, Operating Temperature -40°C~+55°C(-40°F ~ +131°F), (Compatible with I/O Box SPM-4210). OnCloud Compatible.","4978.0","CAD","Software and licensing","active"
"XNP-6400R","Powered by WN7, 2MP @ 60FPS resolution, 4.25mm~170mm (40x) lens, Wise IR (200m), extreme WDR 150dB, Day & Night ICR, H.265, H.264, MJPEG codec support, Intelligent Analytics, Object auto tracking(Person/Vehicle), Target lock track, BLC, HLC, SSDR, lens heater for water/snow removal, built-in SD card slot (2x512GB), IP66, IK10(Camera body only), NEMA4X, NEMA-TS 2 (2.2.7, 2.2.8, 2.2.9), PoE++/HPoE injector included, Operating Temperature -40°C~+55°C(-40°F ~ +131°F), (Compatible with I/O Box SPM-4210)","4716.0","CAD","Power Supply","active"
"XNP-C6403","Powered by WN7 PTZ Plus with AI, 2MP @ 60FPS resolution, 4.25mm~170mm (40x) lens, extreme WDR 150dB, Day & Night ICR, H.265, H.264, MJPEG codec support, Analytics events based on AI engine: Object detection (Person/Face/Vehicle/License plate), IVA (Virtual line/Area, Enter/Exit, Loitering, direction, intrusion), Analytics events: Defocus detection, Motion detection, Tampering, Fog detection, Audio detection, Sound classification (with NW I/O box), Object auto-tracking (Person/Vehicle), Target lock track, BLC, HLC, SSDR, lens heater for water/snow removal, built-in SD card slot (2x512GB), IP66, IK10, NEMA4X, NEMA-TS 2(2.2.7, 2.2.8, 2.2.9),  FIPS 140-2, Power: PoE+, Operating Temperature -40°C~+55°C(-40°F ~ +131°F), (Compatible with I/O Box SPM-4210). OnCloud Compatible.","4650.5","CAD","Software and licensing","active"
"XNP-6400","Powered by WN7, 2MP @ 60FPS resolution, 4.25mm~170mm (40x) lens, extreme WDR 150dB, Day & Night ICR, H.265, H.264, MJPEG codec support, Intelligent Analytics, Object auto tracking (Person/Vehicle), Target lock track, BLC, HLC, SSDR, lens heater for water/snow removal, built-in SD card slot (2x512GB), IP66, IK10, NEMA4X, NEMA-TS 2 (2.2.7, 2.2.8, 2.2.9), Power: PoE+, Operating Temperature -40°C~+55°C(-40°F ~ +131°F), (Compatible with I/O Box SPM-4210)","4388.5","CAD","Access","active"
"XND-6081REV","Wisenet X powered by Wisenet 5 network IR indoor dome camera with PoE Extender, PoE+ in PoE out, 2MP @60fps, Motorized Varifocal Lens (2.8mm ~12mm), triple codec H.265/H.264/MJPEG with WiseStream II technology,WDR 150dB, USB port for easy installation, advanced video analytics and sound classification, true D/N, dual SD card, hallway view, HLC, defog detection, DIS(Gyro), PoE/PoE+ , IP52, IK10, -25°C ~ +60°C (-13°F ~ +140°F)","1637.5","CAD","Cameras","active"
"XNV-6081RE","Wisenet X powered by Wisenet 5 network IR outdoor vandal dome camera with PoE Extender, PoE+ in PoE out, 2MP @60fps, Motorized Varifocal Lens (2.8mm ~12mm), triple codec H.265/H.264/MJPEG with WiseStream II technology,WDR 150dB, USB port for easy installation, advanced video analytics and sound classification, true D/N, dual SD card, hallway view, HLC, defog detection, DIS(Gyro), PoE/PoE+ , IP66/IP67/IP6K9K, IK10+, NEMA4X,  -50°C ~ +60°C (-58°F ~ +140°F)","1768.5","CAD","Cameras","active"
"XNV-6081R","Wisenet X series Plus powered by Wisenet 5 IR network outdoor vandal dome camera, modular structure, 2MP, Full HD(1080p) @ 60fps, motorized vari-focal lens 4.3x (2.8~12mm) (119.5°~27.9°), triple codec H.265/H.264/MJPEG with WiseStream II technology, 150dB WDR, USB port for easy installation, advanced video analytics, sound classification and business analytics, high powered IR LEDs range of 164', shock detection, audio playback, true D/N, dual SD card, hallway view, HLC, defog detection, DIS (Gyro), 12VDC/PoE, optional 24VAC, IP67/IP66/IP6K9K, IK10+, Nema 4X, -50°C ~ +60°C (-58°F ~ +140°F), white color, ivory skin included, optional black skin cover","1703.0","CAD","Audio and power accessories","active"
"XND-6081RF","Wisenet X series Plus powered by Wisenet 5 IR network indoor flush mount vandal dome camera, modular structure, 2MP, Full HD(1080p) @ 60fps, motorized vari-focal lens 4.3x (2.8~12mm) (119.5°~27.9°), triple codec H.265/H.264/MJPEG with WiseStream II technology, 150dB WDR, USB port for easy installation, advanced video analytics, sound classification and business analytics, high powered IR LEDs range of 164', shock detection, audio playback, true D/N, dual SD card, hallway view, HLC, defog detection, DIS (Gyro), 12VDC/PoE, IP52, plenum housing","1572.0","CAD","Audio and power accessories","active"
"XND-6081RV","Wisenet X series Plus powered by Wisenet 5 IR network indoor vandal dome camera, modular structure, 2MP, Full HD(1080p) @ 60fps, motorized vari-focal lens 4.3x (2.8~12mm) (119.5°~27.9°), triple codec H.265/H.264/MJPEG with WiseStream II technology, 150dB WDR, USB port for easy installation, advanced video analytics, sound classification and business analytics, high powered IR LEDs range of 164', shock detection, audio playback, built-in mic, true D/N, dual SD card, hallway view, HLC, defog detection, DIS (Gyro), 12VDC/PoE, IP52, IK10, white color, ivory skin included, optional black skin cover","1572.0","CAD","Audio and power accessories","active"
"XNV-6081","Wisenet X series Plus powered by Wisenet 5 network outdoor vandal dome camera, modular structure, 2MP, Full HD(1080p) @ 60fps, motorized vari-focal lens 4.3x (2.8~12mm) (119.5°~27.9°), triple codec H.265/H.264/MJPEG with WiseStream II technology, 150dB WDR, USB port for easy installation, advanced video analytics, sound classification and business analytics, shock detection, audio playback, true D/N, dual SD card, hallway view, HLC, defog detection, DIS (Gyro), 12VDC/PoE, optional 24VAC, IP67/IP66/IP6K9K, IK10+, Nema 4X, -50°C ~ +60°C (-58°F ~ +140°F), white color, ivory skin included, optional black skin cover","1572.0","CAD","Audio and power accessories","active"
"XND-6081V","Wisenet X series Plus powered by Wisenet 5 network indoor vandal dome camera, modular structure, 2MP, Full HD(1080p) @ 60fps, motorized vari-focal lens 4.3x (2.8~12mm) (119.5°~27.9°), triple codec H.265/H.264/MJPEG with WiseStream II technology, 150dB WDR, USB port for easy installation, advanced video analytics, sound classification and business analytics, shock detection, audio playback, built-in mic, true D/N, dual SD card, hallway view, HLC, defog detection, DIS (Gyro), 12VDC/PoE, IP52, IK10, white color, ivory skin included, optional black skin cover","1441.0","CAD","Audio and power accessories","active"
"XND-6081FZ","Wisenet X series Plus powered by Wisenet 5 network indoor flush mount vandal dome camera, modular structure, 2MP, Full HD(1080p) @ 60fps, motorized vari-focal lens 4.3x (2.8~12mm) (119.5°~27.9°), PTRZ, triple codec H.265/H.264/MJPEG with WiseStream II technology, 150dB WDR, USB port for easy installation, advanced video analytics, sound classification and business analytics, shock detection, audio playback, true D/N, dual SD card, hallway view, HLC, defog detection, DIS (Gyro), 12VDC/PoE, IP52, plenum housing","1637.5","CAD","Audio and power accessories","active"
"XNP-6550RH","Wisenet X powered by Wisenet 5 network outdoor PTZ camera, 2MP, Full HD(1080p) @ 60fps, 55X optical zoom lens (4.75mm ~ 261.4mm) (58.6º ~ 1.23º), Pan: 360° endless. Tilt: -5°~ 185°, triple codec H.265/H.264/MJPEG with WiseStream II technology, 120dB WDR, built-in IR 1640ft (500m),  USB port for easy installation, advanced video analytics and sound classification, true D/N, built-in SD card slot (2x512GB), HLC, defog (optical) DIS(Gyro),24VAC/HPoE, IP66/IK10, -58°F ~ +131°F W/ 24VAC power supply","6550.0","CAD","Power Supply","active"
"XNP-6120HW","Wisenet X powered by Wisenet 5 network outdoor PTZ camera, 2MP, Full HD(1080p) @ 60fps, 12X optical zoom lens (5.2mm ~62.4mm) (54.58º ~ 5.30º), Pan: 360° endless. Tilt: -5°~ 185°, triple codec H.265/H.264/MJPEG with WiseStream II technology, 150dB WDR, USB port for easy installation, advanced video analytics and sound classification, true D/N, built-in SD card slot (1x256GB), HLC, defog detection, DIS(Gyro), 12VDC/PoE, IP66, IK10, -22°F ~ 131°F, White","2227.0","CAD","Cameras","active"
"XNP-6040H","Wisenet X powered by Wisenet 5 network outdoor PTZ camera, 2MP, Full HD(1080p) @ 60fps, 4.3X optical zoom lens (2.8mm ~12mm) (119.5º ~ 27.9º), Pan: 0°~350°. Tilt: 0°~ 90°, triple codec H.265/H.264/MJPEG with WiseStream II technology, 150dB WDR, USB port for easy installation, advanced video analytics and sound classification, true D/N, dual SD card, HLC, defog detection, DIS(Gyro), 12VDC/PoE, IP66, IK10, -22°F ~ 131°F, Ivory","1572.0","CAD","Cameras","active"
"XNP-6040HW","Wisenet X powered by Wisenet 5 network outdoor PTZ camera, 2MP, Full HD(1080p) @ 60fps, 4.3X optical zoom lens (2.8mm ~12mm) (119.5º ~ 27.9º), Pan: 0°~350°. Tilt: 0°~ 90°, triple codec H.265/H.264/MJPEG with WiseStream II technology, 150dB WDR, USB port for easy installation, advanced video analytics and sound classification, true D/N, built-in SD card slot (1x256GB), HLC, defog detection, DIS(Gyro), 12VDC/PoE, IP66, IK10, -22°F ~ 131°F, White","1572.0","CAD","Cameras","active"
"XNO-6085R","Wisenet X powered by Wisenet 5 network IR outdoor vandal bullet camera, eXtraLUX features 1/2"" sensor with F0.94 Lens, back box, 2MP, Full HD(1080p) @60fps, motorized vari-focal lens 4.0x (4.1~16.4mm) (100°~26.2.9°), triple codec H.265/H.264/MJPEG with WiseStream II technology, 150dB WDR, USB port for easy installation, advanced video analytics and sound classification, high powered IR LEDs range of 229', true D/N, dual SD card, hallway view, HLC, defog detection, DIS (Gyro), backbox included, 12VDC/24VAC/PoE, IP67, IK10, Nema 4X, -40°C ~ +55°C (-40°F ~ +131°F)","1768.5","CAD","Cameras","active"
"XNV-6085","Wisenet X powered by Wisenet 5 network outdoor vandal dome camera, eXtraLUX features 1/2"" sensor with F0.94 Lens, PTRZ, 2MP, Full HD(1080p) @60fps, motorized vari-focal lens 4.0x (4.1~16.4mm) (100°~26.2.9°), triple codec H.265/H.264/MJPEG with WiseStream II technology, 150dB WDR, USB port for easy installation, advanced video analytics and sound classification, true D/N, dual SD card, hallway view, HLC, defog detection, DIS (Gyro), 12VDC/24VAC/PoE, IP67, IK10, Nema 4X, -40°C ~ +55°C (-40°F ~ +131°F)","1834.0","CAD","Cameras","active"
"XNB-6005","Wisenet X powered by Wisenet 5 network box camera, eXtraLUX features 1/2"" sensor, 2MP, Full HD(1080p) @60fps, triple codec H.265/H.264/MJPEG with WiseStream II technology, 150dB WDR, USB port for easy installation, advanced video analytics and sound classification and business analytics, true D/N, dual SD card, hallway view, HLC, defog detection, DIS (Gyro), 12VDC/24VAC/PoE","1244.5","CAD","Cameras","active"
"XNV-6123R","Powered by WN7, Outdoor Network AI IR 12x Zoom Vandal Dome Camera, 2MP @ 120 FPS, 5.2~62.4mm(12x) (54.58°~5.30°) zoom lens, Triple codec (H.265/H.264/MJPEG), IR viewable length 90m (295.28ft), USB port for easy installation, Day & Night (ICR), extremeWDR (150dB), DIS with built-in Gyro sensor, Handover, Hard-coated dome bubble, Analytics events based on AI engine: Object detection(Person/Face/Vehicle/Licence plate), IVA (Virtual line/Area, Enter/Exit, Loitering, direction, intrusion), Analytics events : Defocus detection, Motion detection, Tampering, Fog detection, Audio detection, Sound classification, Shock detection, Appear/Disappear, FIPS 140-2 certified, P66, IP67, NEMA4X, IK10, Power: PoE/12VDC, Metal shielded RJ-45. OnCloud Compatible.","2096.0","CAD","Software and licensing","active"
"XNV-6120R","Wisenet X powered by Wisenet 5 network IR outdoor vandal dome camera, 2MP, Full HD(1080p) @60fps, 12X optical zoom lens (5.2mm ~62.4mm) (54.58º ~ 5.30º), triple codec H.265/H.264/MJPEG with WiseStream II technology, 150dB WDR, USB port for easy installation, advanced video analytics and sound classification, high powered IR LEDs range of 229', true D/N, dual SD card, hallway view, HLC, defog detection, DIS(Gyro), 12VDC/24VAC/PoE, IP67, IK10, Nema 4X, -40°C ~ +55°C (-40°F ~ +131°F)","1965.0","CAD","Cameras","active"
"XNV-6120R/LPR","Wisenet X powered by Wisenet 5 network IR outdoor Low Speed LPR dome camera for Parking Lots; Drive-thrus; and Entry Gates up to 35MPH, 2MP, Full HD(1080p) @60fps, 12X optical zoom lens (5.2mm ~62.4mm) (54.58º ~ 5.30º), triple codec H.265/H.264/MJPEG with WiseStream II technology, 150dB WDR, USB port for easy installation, backbox included, 12VDC/24VAC/PoE, IP67, IK10, NEMA4X, -40°C ~ +55°C (-40°F ~ +131°F) CARE IS RECOMMENDED IN SELECTING MOUNTING LOCATION  –  See Quick Start Guide Step 1.  DEALER TRAINING OR HANWHA ENGINEER CONSULT RECOMMENDED BEFORE INSTALLING.  ","2620.0","CAD","Recorder accessories","active"
"XNV-6120","Wisenet X powered by Wisenet 5 network outdoor vandal dome camera, 2MP, Full HD(1080p) @60fps, 12X optical zoom lens (5.2mm ~62.4mm) (54.58º ~ 5.30º), triple codec H.265/H.264/MJPEG with WiseStream II technology, 150dB WDR, USB port for easy installation, advanced video analytics and sound classification, true D/N, dual SD card, hallway view, HLC, defog detection, DIS(Gyro), 12VDC/24VAC/PoE, IP67, IK10, Nema 4X, -40°C ~ +55°C (-40°F ~ +131°F)","1768.5","CAD","Cameras","active"
"XNO-6123R","Powered by WN7, Outdoor Network AI IR 12x Zoom Bullet Camera, 2MP @ 120 FPS, 5.2~62.4mm(12x) (54.58°~5.30°) zoom lens, Triple codec (H.265/H.264/MJPEG), IR viewable length 90m (295.28ft), USB port for easy installation, Day & Night (ICR), extremeWDR (150dB), DIS with built-in Gyro sensor, Handover, Hard-coated window, Analytics events based on AI engine: Object detection(Person/Face/Vehicle/Licence plate), IVA (Virtual line/Area, Enter/Exit, Loitering, direction, intrusion), Analytics events : Defocus detection, Motion detection, Tampering, Fog detection, Audio detection, Sound classification, Shock detection, Appear/Disappear, FIPS 140-2 certified, P66, IP67, NEMA4X, IK10, Power: PoE/12VDC, Metal shielded RJ-45. OnCloud Compatible.","2096.0","CAD","Software and licensing","active"
"XNO-6120R","Wisenet X powered by Wisenet 5 network IR outdoor bullet camera, 2MP, Full HD(1080p) @60fps, 12X optical zoom lens (5.2mm ~62.4mm) (54.58º ~ 5.30º), triple codec H.265/H.264/MJPEG with WiseStream II technology, 150dB WDR, USB port for easy installation, advanced video analytics and sound classification, high powered IR LEDs range of 229', true D/N, dual SD card, hallway view, HLC, defog detection, DIS(Gyro), backbox included, 12VDC/24VAC/PoE, IP67, IK10, Nema 4X, -40°C ~ +55°C (-40°F ~ +131°F)","1965.0","CAD","Cameras","active"
"XNO-6120R/LPR","Wisenet X powered by Wisenet 5 network IR outdoor Low Speed LPR bullet camera for Parking Lots; Drive-thrus; and Entry Gates up to 35MPH, 2MP, Full HD(1080p) @60fps, 12X optical zoom lens (5.2mm ~62.4mm) (54.58º ~ 5.30º), triple codec H.265/H.264/MJPEG with WiseStream II technology, 150dB WDR, USB port for easy installation, backbox included, 12VDC/24VAC/PoE, IP67, IK10, NEMA4X, -40°C ~ +55°C (-40°F ~ +131°F) CARE IS RECOMMENDED IN SELECTING MOUNTING LOCATION  –  See Quick Start Guide Step 1.  DEALER TRAINING OR HANWHA ENGINEER CONSULT RECOMMENDED BEFORE INSTALLING.  ","2620.0","CAD","Recorder accessories","active"
"XNV-6080RSA","Wisenet X powered by Wisenet 5 network IR stainless steel dome camera, 2MP, Full HD(1080p) @60fps, motorized vari-focal lens 4.3x (2.8~12mm) (119.5°~27.9°), triple codec H.265/H.264/MJPEG with WiseStream II technology, 150dB WDR, USB port for easy installation, advanced video analytics and sound classification, high powered IR LEDs range of 164', true D/N, dual SD card, hallway view, HLC, defog detection, DIS, 12VDC/24VAC/PoE, IP67, IK10, Nema 4X, IP6K9K, -40°C ~ +55°C (-40°F ~ +131°F)","2122.2","CAD","Cameras","active"
"XNV-6080R","Wisenet X powered by Wisenet 5 network IR outdoor vandal dome camera, 2MP, Full HD(1080p) @60fps, motorized vari-focal lens 4.3x (2.8~12mm) (119.5°~27.9°), triple codec H.265/H.264/MJPEG with WiseStream II technology, 150dB WDR, USB port for easy installation, advanced video analytics and sound classification, high powered IR LEDs range of 164', true D/N, dual SD card, hallway view, HLC, defog detection, DIS, 12VDC/24VAC/PoE, IP67, IK10, Nema 4X, -40°C ~ +55°C (-40°F ~ +131°F)","1506.5","CAD","Cameras","active"
"XNV-6080","Wisenet X powered by Wisenet 5 network outdoor vandal dome camera, 2MP, Full HD(1080p) @60fps, motorized vari-focal lens 4.3x (2.8~12mm) (119.5°~27.9°), triple codec H.265/H.264/MJPEG with WiseStream II technology, 150dB WDR, USB port for easy installation, advanced video analytics and sound classification, true D/N, dual SD card, hallway view, HLC, defog detection, DIS, 12VDC/24VAC/PoE, IP67, IK10, Nema 4X, -40°C ~ +55°C (-40°F ~ +131°F)","1375.5","CAD","Cameras","active"
"XNV-6010","Wisenet X powered by Wisenet 5 network outdoor vandal dome camera, 2MP, Full HD(1080p) @60fps, 2.4mm fixed lens (139°), triple codec H.265/H.264/MJPEG with WiseStream II technology, 150dB WDR, USB port for easy installation, advanced video analytics and sound classification and business analytics, true D/N, dual SD card, hallway view, HLC, defog detection, DIS, 12VDC/PoE, IP67, IK10","851.5","CAD","Cameras","active"
"XNV-6020R","Wisenet X powered by Wisenet 5 network outdoor vandal dome camera, 2MP, Full HD(1080p) @60fps, 4mm fixed lens (88.6°), triple codec H.265/H.264/MJPEG with WiseStream II technology, 150dB WDR, USB port for easy installation, advanced video analytics and sound classification and business analytics, high powered IR LEDs range of 98', true D/N, dual SD card, hallway view, HLC, defog detection, DIS, 12VDC/PoE, IP67, IK10","851.5","CAD","Cameras","active"
"XNV-6011","Wisenet X powered by Wisenet 5 network outdoor compact vandal dome camera, 2MP, Full HD(1080p) @60fps, 2.8mm fixed lens (112°), triple codec H.265/H.264/MJPEG with WiseStream II technology, 150dB WDR, USB port for easy installation, advanced video analytics and business analytics, single SD card, hallway view, HLC, defog detection, DIS, PoE, IP66,Nema 4X, IK10","522.69","CAD","Cameras","active"
"XNV-6011W","Wisenet X powered by Wisenet 5 network outdoor compact vandal dome camera (white color), 2MP, Full HD(1080p) @60fps, 2.8mm fixed lens (112°), triple codec H.265/H.264/MJPEG with WiseStream II technology, 150dB WDR, USB port for easy installation, advanced video analytics and business analytics, single SD card, hallway view, HLC, defog detection, DIS, PoE, IP66,Nema 4X, IK10, white color","522.69","CAD","Cameras","active"
"XNO-C6083R","Powered by WN7, Outdoor Network AI IR Bullet Camera, 2MP @ 60FPS, 2.8~12mm(4.3x) (119.5°~27.9°) motorized varifocal lens, Triple codec (H.265/H.264/MJPEG), IR viewable length 40m (131.2ft), USB port for easy installation, Day & Night (ICR), extremeWDR (150dB), DIS with built-in Gyro sensor, Handover, Hard-coated window, Analytics events based on AI engine: Object detection(Person/Face/Vehicle/Licence plate), IVA (Virtual line/Area, Enter/Exit, Loitering, direction, intrusion), Analytics events : Defocus detection, Motion detection, Tampering, Fog detection, Audio detection, Sound classification, Shock detection, Appear/Disappear, UL CAP certified, P66, IP67, NEMA4X, IK10, Power: PoE/12VDC, Metal shielded RJ-45. OnCloud Compatible.","1572.0","CAD","Software and licensing","active"
"XNO-6083R","Powered by WN7, X-Plus series, Outdoor Network AI IR Bullet Camera, 2MP @ 120FPS, 2.8~12mm(4.3x) (119.5°~27.9°) motorized varifocal lens, Triple codec (H.265/H.264/MJPEG), IR viewable length 50m (164ft), USB port for easy installation, Day & Night (ICR), extremeWDR (150dB), DIS with built-in Gyro sensor, Handover, Hard-coated window, Analytics events based on AI engine: Object detection(Person/Face/Vehicle/License plate), IVA (Virtual line/Area, Enter/Exit, Loitering, direction, intrusion), Analytics events : Defocus detection, Motion detection, Tampering, Fog detection, Audio detection, Sound classification, Shock detection, Appear/Disappear, FIPS 140-2, 2x micro SD card (512GB x2), P66, IP67, NEMA4X, IK10, Operating temperature: -50°C~+60°C(-58°F ~ +140°F), Power: PoE+/12VDC, Metal shielded RJ-45","1834.0","CAD","Software and licensing","active"
"XNO-6080R","Wisenet X powered by Wisenet 5 network IR outdoor vandal bullet camera, 2MP, Full HD(1080p) @60fps, motorized vari-focal lens 4.3x (2.8~12mm) (119.5°~27.9°), triple codec H.265/H.264/MJPEG with WiseStream II technology, 150dB WDR, USB port for easy installation, advanced video analytics and sound classification, high powered IR LEDs range of 164', true D/N, dual SD card, hallway view, HLC, defog detection, DIS, backbox included, 12VDC/24VAC/PoE, IP67, IK10, Nema 4X, -40°C ~ +55°C (-40°F ~ +131°F)","1506.5","CAD","Cameras","active"
"XNO-6010R","Wisenet X powered by Wisenet 5 network IR outdoor vandal bullet camera, 2MP, Full HD(1080p) @60fps, 2.4mm fixed focal lens (139°), triple codec H.265/H.264/MJPEG with WiseStream II technology, 150dB WDR, USB port for easy installation, advanced video analytics and sound classification and business analytics, high powered IR LEDs range of 65', true D/N, dual SD card, hallway view, HLC, defog detection, DIS, backbox included, 12VDC/PoE, IP67, IK10, Nema 4X","851.5","CAD","Cameras","active"
"XNO-6020R","Wisenet X powered by Wisenet 5 network IR outdoor vandal bullet camera, 2MP, Full HD(1080p) @60fps, 4mm fixed focal lens (88.6°), triple codec H.265/H.264/MJPEG with WiseStream II technology, 150dB WDR, USB port for easy installation, advanced video analytics and sound classification and business analytics, high powered IR LEDs range of 98', true D/N, dual SD card, hallway view, HLC, defog detection, DIS, backbox included, 12VDC/PoE, IP67, IK10, Nema 4X","851.5","CAD","Cameras","active"
"XND-6080RV","Wisenet X powered by Wisenet 5 network IR indoor vandal dome camera, 2MP, Full HD(1080p) @60fps, motorized vari-focal lens 4.3x (2.8~12mm) (119.5°~27.9°), triple codec H.265/H.264/MJPEG with WiseStream II technology, 150dB WDR, USB port for easy installation, advanced video analytics and sound classification, high powered IR LEDs range of 98', true D/N, dual SD card, hallway view, HLC, defog detection, DIS, 12VDC/PoE, IK08","1375.5","CAD","Cameras","active"
"XND-6080V","Wisenet X powered by Wisenet 5 network indoor vandal dome camera, 2MP, Full HD(1080p) @60fps, motorized vari-focal lens 4.3x (2.8~12mm) (119.5°~27.9°), triple codec H.265/H.264/MJPEG with WiseStream II technology, 150dB WDR, USB port for easy installation, advanced video analytics and sound classification, true D/N, dual SD card, hallway view, HLC, defog detection, DIS, 12VDC/PoE, IK08","1244.5","CAD","Cameras","active"
"XND-6010","Wisenet X powered by Wisenet 5 network indoor vandal dome camera, 2MP, Full HD(1080p) @60fps, 2.4mm fixed lens (139°), triple codec H.265/H.264/MJPEG with WiseStream II technology, 150dB WDR, USB port for easy installation, advanced video analytics and sound classification and business analytics, true D/N, dual SD card, hallway view, HLC, defog detection, DIS, 12VDC/PoE, IK08","786.0","CAD","Cameras","active"
"XND-6020R","Wisenet X powered by Wisenet 5 network indoor vandal dome camera, 2MP, Full HD(1080p) @60fps, 4mm fixed lens (88.6°), triple codec H.265/H.264/MJPEG with WiseStream II technology, 150dB WDR, USB port for easy installation, advanced video analytics and sound classification and business analytics and business analytics, high powered IR LEDs range of 98', true D/N, dual SD card, hallway view, HLC, defog detection, DIS, 12VDC/PoE, IK08","786.0","CAD","Cameras","active"
"XND-6011F","Wisenet X powered by Wisenet 5 network flush mount dome camera, 2MP, Full HD(1080p) @ 60fps, 2.8mm fixed lens (112°), triple codec H.265/H.264/MJPEG with WiseStream II technology, 150dB WDR, USB port for easy installation, advanced video analytics and sound classification and business analytics, built-in Mic, magnetic cover, electronic D/N, SD card, hallway view, HLC, defog detection, DIS, PoE only","655.0","CAD","Recorder accessories","active"
"XNV-6013M","Wisenet X powered by Wisenet 5 network outdoor vandal dome camera, 2MP, Full HD(1080p) @60fps, 2.8mm fixed lens (107.4°), triple codec H.265/H.264/MJPEG with WiseStream II technology, 150dB WDR, USB port for easy installation, advanced video analytics and sound classification, electrical D/N, single SD card, hallway view, HLC, defog detection, DIS, PoE, IP6K9K, IK10 NEMA 4X, -40°C ~ +60°C (-40°F ~ +140°F) This camera was designed to be mounted outside of the vehicle, M12 connector (M12 to RJ45 is not included)","1061.1","CAD","Recorder accessories","active"
"XNV-6012","Wisenet X powered by Wisenet 5 network outdoor vandal dome camera, 2MP, Full HD(1080p) @60fps, 2.4mm fixed lens (135.4°), triple codec H.265/H.264/MJPEG with WiseStream II technology, 150dB WDR, USB port for easy installation, advanced video analytics and sound classification, electrical D/N, single SD card, hallway view, HLC, defog detection, DIS, PoE, IP66, IK10 NEMA 4X","877.7","CAD","Cameras","active"
"XNV-6012M","Wisenet X powered by Wisenet 5 network outdoor vandal dome camera, 2MP, Full HD(1080p) @60fps, 2.4mm fixed lens (135.4°), triple codec H.265/H.264/MJPEG with WiseStream II technology, 150dB WDR, USB port for easy installation, advanced video analytics and sound classification, electrical D/N, single SD card, hallway view, HLC, defog detection, DIS, PoE, IP66, IK10 NEMA 4X, M12 connector (M12 to RJ45 is not included)","877.7","CAD","Cameras","active"
"XNV-6022R","Wisenet X powered by Wisenet 5 network outdoor vandal dome camera, 2MP, Full HD(1080p) @60fps, 3.6mm fixed lens (94.8°), triple codec H.265/H.264/MJPEG with WiseStream II technology, 150dB WDR, USB port for easy installation, advanced video analytics and sound classification, IR LEDs range of 49', true D/N, single SD card, hallway view, HLC, defog detection, DIS, PoE, IP66, IK10 NEMA 4X","969.4","CAD","Cameras","active"
"XNV-6022RM","Wisenet X powered by Wisenet 5 network outdoor vandal dome camera, 2MP, Full HD(1080p) @60fps, 3.6mm fixed lens (94.8°), triple codec H.265/H.264/MJPEG with WiseStream II technology, 150dB WDR, USB port for easy installation, advanced video analytics and sound classification, IR LEDs range of 49', true D/N, single SD card, hallway view, HLC, defog detection, DIS, PoE, IP66, IK10 NEMA 4X, M12 connector (M12 to RJ45 is not included)","969.4","CAD","Cameras","active"
"XNZ-6320A","Wisenet X powered by Wisenet 5 network zoom box camera, 2MP, Full HD(1080p) @60fps, 32X optical zoom lens (4.44mm ~ 142.6mm) (61.8º ~ 2.19º), triple codec H.265/H.264/MJPEG with WiseStream II technology, 150dB WDR, USB port for easy installation, SFP slot, advanced video analytics and sound classification, true D/N, dual SD card, HLC, defog detection, DIS(Gyro), 12VDC/PoE","1965.0","CAD","Cameras","active"
"XNZ-L6320A","Wisenet X powered by Wisenet 5 network zoom box camera, 2MP, Full HD(1080p) @60fps, 32X optical zoom lens (4.44mm ~ 142.6mm) (61.8º ~ 2.19º), triple codec H.265/H.264/MJPEG with WiseStream II technology, 120dB WDR, advanced video analytics and sound classification, true D/N, built in SD card slot, HLC, defog detection, 12VDC/PoE","1834.0","CAD","Cameras","active"
"XNB-6000","Wisenet X powered by Wisenet 5 network box camera, 2MP, Full HD(1080p) @60fps, simple focus, triple codec H.265/H.264/MJPEG with WiseStream II technology, 150dB WDR, USB port for easy installation, advanced video analytics and sound classification and business analytics, true D/N, dual SD card, hallway view, HLC, defog detection, DIS(Gyro), 12VDC/24VAC/PoE","1113.5","CAD","Cameras","active"
"XNB-6002","Powered by Wisenet 7 covert camera body, 2MP, full HD (1080p) 60fps, triple codec H.265/H.264/MJPEG with WiseStream II technology, 120dB WDR, micro SD/SDHC/SDXC, USB port for easy installation, advanced video analytics and sound classification and business analytics, hallway view, HLC, defog detection, DIS, 12VDC/PoE, +14°F ~ 131°F, lens module is not included, TPM 2.0 (FIPS 140-2 level 2) Compatible lens modules (SLA-T2480A, SLA-T2480AV, SLA-T4680A, SLA-T4680AV, SLA-T1080FA). OnCloud Compatible.","668.1","CAD","Cameras","active"
"XNB-6001","Wisenet X powered by Wisenet 5 covert camera body, 2MP, full HD(1080p) 60fps, triple codec H.265/H.264/MJPEG with WiseStream II technology, 120dB WDR, micro SD/SDHC/SDXC, USB port for easy installation, advanced video analytics and sound classification and business analytics, hallway view, HLC, defog detection, DIS, 12VDC/PoE, +14°F ~ 131°F, lens module is not included compatible lens modules (SLA-T2480, SLA-T2480V, SLA-T4680, SLA-T4680V, SLA-T1080F, SLA-T4680D, SLA-T4680DS, SLA-T4680DW)","668.1","CAD","Cameras","active"
"XNV-L6080","Wisenet X powered by Wisenet 5 network outdoor vandal dome camera, 2MP, Full HD(1080p) @60fps, motorized vari-focal lens 3.1x (3.2~10mm) (109°~33.2°), triple codec H.265/H.264/MJPEG with WiseStream II technology, 120dB WDR, USB port for easy installation, true D/N, single SD card, hallway view, HLC, defog detection, DIS, PoE, IP66, IK10, -40°C ~ +55°C (-40°F ~ +131°F)","1080.75","CAD","Cameras","active"
"XND-L6080RV","Wisenet X powered by Wisenet 5 network indoor vandal dome camera, 2MP, Full HD(1080p) @60fps, motorized vari-focal lens 3.1x (3.2~10mm) (109°~33.2°), triple codec H.265/H.264/MJPEG with WiseStream II technology, 120dB WDR, USB port for easy installation, high powered IR LEDs range of 98.43', true D/N, single SD card, hallway view, HLC, defog detection, DIS, PoE, IK08","1080.75","CAD","Cameras","active"
"XND-L6080V","Wisenet X powered by Wisenet 5 network indoor vandal dome camera, 2MP, Full HD(1080p) @60fps, motorized vari-focal lens 3.1x (3.2~10mm) (109°~33.2°), triple codec H.265/H.264/MJPEG with WiseStream II technology, 120dB WDR, USB port for easy installation, true D/N, single SD card, hallway view, HLC, defog detection, DIS, PoE, IK08","949.75","CAD","Cameras","active"
"XNO-L6080R","Wisenet X powered by Wisenet 5 network IR outdoor bullet camera, 2MP, Full HD(1080p) @60fps, motorized vari-focal lens 3.1x (3.2~10mm) (109°~33.2°), triple codec H.265/H.264/MJPEG with WiseStream II technology, 120dB WDR, USB port for easy installation, high powered IR LEDs range of 98.43', true D/N, single SD card, hallway view, HLC, defog detection, DIS, PoE, IP66, IK10, -40°C ~ +55°C (-40°F ~ +131°F)","1211.75","CAD","Cameras","active"
"TNB-6030","PVM camera powered by Wisenet 5, 1080p (1920x1080), micro HDMI output, 16:9 aspect ratio, face detection display for visual deterrent, customizable text overlay, 4.6mm fixed lens(73.8°H), 150dB WDR, H.265/H.264/MJPEG, WiseStream II compression technology, micro SD/SDHC/SDXC, bi-directional audio, hallway view mode","928.79","CAD","Audio and power accessories","active"
"TNO-6010M","Wisenet T network mobile front facing camera, 2MP @ 60fps, 2.8mm fixed focal lens  (113°), triple codec H.265/H.264/MJPEG with WiseStream II technology, 150dB WDR, USB port for easy installation, advanced video analytics, true D/N, built-in SD card slot (1x256GB), hallway view, HLC, defog detection, DIS (Gyro), PoE, IP66, IK10, M12 connector (M12 to RJ45 is not included)","982.5","CAD","Cameras","active"
"QNO-6012R","Wisenet Q network outdoor vandal bullet camera, 2MP @ 30fps, 2.8mm fixed focal lens (113°), triple codec H.265/H.264/MJPEG with Wisestream II, 120dB WDR, IR LEDs range 65', defocus detection, hallway View, one way audio, built-in SD card slot (1x128GB), video analytics, CVBS, open platform, IP66, IK10, PoE/12VDC","496.49","CAD","Audio and power accessories","active"
"QNO-6012R1","Wisenet Q network outdoor vandal bullet camera, 2MP @ 30fps, 2.8mm fixed focal lens (113°), triple codec H.265/H.264/MJPEG with Wisestream II, 120dB WDR, IR LEDs range 65', defocus detection, hallway View, no audio in/out, built-in SD card slot (1x128GB), video analytics, CVBS, open platform, IP66, IK10, PoE/12VDC","496.49","CAD","Audio and power accessories","active"
"QNO-6022R","Wisenet Q network outdoor vandal bullet camera, 2MP @ 30fps, 4.0mm fixed focal lens (87°), triple codec H.265/H.264/MJPEG with Wisestream II, 120dB WDR, IR LEDs range 82', defocus detection, hallway View, one way audio, built-in SD card slot (1x128GB), video analytics, CVBS, open platform, IP66, IK10, PoE/12VDC","496.49","CAD","Audio and power accessories","active"
"QNO-6022R1","Wisenet Q network outdoor vandal bullet camera, 2MP @ 30fps, 4.0mm fixed focal lens (87°), triple codec H.265/H.264/MJPEG with Wisestream II, 120dB WDR, IR LEDs range 82', defocus detection, hallway View, no audio in/out, built-in SD card slot (1x128GB), video analytics, CVBS, open platform, IP66, IK10, PoE/12VDC","496.49","CAD","Audio and power accessories","active"
"QNO-6082R","Wisenet Q network outdoor vandal bullet camera, 2MP @ 30fps, motorized vari-focal lens 3.1x (3.2 ~ 10.0mm) (109°~33°), triple codec H.265/H.264/MJPEG with Wisestream II, 120dB WDR, IR LEDs range 98', defocus detection, hallway View, one way audio, built-in SD card slot (1x128GB), video analytics, CVBS, open platform, IP66, IK10, PoE/12VDC","679.89","CAD","Audio and power accessories","active"
"QNO-C6083R","Wisenet Q network outdoor vandal bullet camera, 2MP @ 30fps, motorized vari-focal lens 3.2~10.2mm (H: 102.0°~32.2° / V: 54.2°~18.3°), triple codec H.265/H.264/MJPEG with Wisestream III (Based on AI engine), WiseNRⅡ(Based on AI engine), WDR 120dB, IR viewable length 40m (131.23ft), Motion Detection based on AI engine, Classified object type: Person/Vehicle (vehicle type: car/bus/truck/motorcycle/bicycle); IVA events based on AI engine: Virtual line (Crossing/Direction), Virtual area (Loitering/Intrusion/Enter/Exit/(Dis)Appear), *Audio: Selectable(mic in/line in), defocus detection, hallway View, built-in SD card slot (1x256GB), video analytics, USB for easy installation, open platform, IP66, IK10, PoE, Operating temperature -40°C~+55°C(-40°F ~ +131°F) white color. OnCloud Compatible.","812.2","CAD","Audio and power accessories","active"
"QNO-6082R1","Wisenet Q network outdoor vandal bullet camera, 2MP @ 30fps, motorized vari-focal lens 3.1x (3.2 ~ 10.0mm) (109°~33°), triple codec H.265/H.264/MJPEG with Wisestream II, 120dB WDR, IR LEDs range 98', defocus detection, hallway View, no audio in/out, built-in SD card slot (1x128GB), video analytics, CVBS, open platform, IP66, IK10, PoE/12VDC","679.89","CAD","Audio and power accessories","active"
"QNV-6012R","Wisenet Q network outdoor vandal dome camera, 2MP @ 30fps, 2.8mm fixed focal lens (113°), triple codec H.265/H.264/MJPEG with Wisestream II, 120dB WDR, IR LEDs range 65', defocus detection, hallway View, one way audio, built-in SD card slot (1x128GB), video analytics, CVBS, open platform, IP66, IK10, PoE/12VDC, white color","517.45","CAD","Audio and power accessories","active"
"QNV-6012R1","Wisenet Q network outdoor vandal dome camera, 2MP @ 30fps, 2.8mm fixed focal lens (113°), triple codec H.265/H.264/MJPEG with Wisestream II, 120dB WDR, IR LEDs range 65', defocus detection, hallway View, no audio in/out, built-in SD card slot (1x128GB), video analytics, CVBS, open platform, IP66, IK10, PoE/12VDC, white color","517.45","CAD","Audio and power accessories","active"
"QNV-6022R","Wisenet Q network outdoor vandal dome camera, 2MP @ 30fps, 4.0mm fixed focal lens (87°), triple codec H.265/H.264/MJPEG with Wisestream II, 120dB WDR, IR LEDs range 82', defocus detection, hallway View, one way audio, built-in SD card slot (1x128GB), video analytics, CVBS, open platform, IP66, IK10, PoE/12VDC, white color","517.45","CAD","Audio and power accessories","active"
"QNV-6022R1","Wisenet Q network outdoor vandal dome camera, 2MP @ 30fps, 4.0mm fixed focal lens (87°), triple codec H.265/H.264/MJPEG with Wisestream II, 120dB WDR, IR LEDs range 82', defocus detection, hallway View, no audio in/out, built-in SD card slot (1x128GB), video analytics, CVBS, open platform, IP66, IK10, PoE/12VDC, white color","517.45","CAD","Audio and power accessories","active"
"QNV-6024RM","Wisenet Q network Mobile IR vandal dome camera, 2MP, Full HD(1080p) 30fps, triple codec H.265/H.264/MJPEG with WiseStream technology, Fixed focal Lens 3.6mm, Built in Mic, M12 Network connectors (M12 connector to RJ-45 adaptor is not included), hallway View, 120dB WDR, built-in IR range of 32.8', true D/N, built-in SD card slot (1x128GB), IP66, IK10","522.69","CAD","Cameras","active"
"QNV-6082R","Wisenet Q network outdoor vandal dome camera, 2MP @ 30fps, motorized vari-focal lens 3.1x (3.2 ~ 10.0mm) (109°~33°), triple codec H.265/H.264/MJPEG with Wisestream II, 120dB WDR, IR LEDs range 98', defocus detection, hallway View, one way audio, built-in SD card slot (1x128GB), video analytics, CVBS, open platform, IP66, IK10, PoE/12VDC, white color","700.85","CAD","Audio and power accessories","active"
"QNV-C6083R","Wisenet Q network outdoor vandal dome camera, 2MP @ 30fps, motorized vari-focal lens 3.2~10.2mm (H: 102.0°~32.2° / V: 54.2°~18.3°), triple codec H.265/H.264/MJPEG with Wisestream III (Based on AI engine), WiseNRⅡ(Based on AI engine), WDR 120dB, IR viewable length 40m (131.23ft), Motion Detection based on AI engine, Classified object type: Person/Vehicle (vehicle type: car/bus/truck/motorcycle/bicycle); IVA events based on AI engine: Virtual line (Crossing/Direction), Virtual area (Loitering/Intrusion/Enter/Exit/(Dis)Appear), *Audio: Selectable(mic in/line in), defocus detection, hallway View, built-in SD card slot (1x256GB), video analytics, USB for easy installation, open platform, IP66, IK10, PoE, Operating temperature -40°C~+55°C(-40°F ~ +131°F) white color. * HDMI out supported through an optional cable (SPP-C1900) * Alarm I/O and audio is supported through an optional cable (SPP-C7400). OnCloud Compatible.","812.2","CAD","Audio and power accessories","active"
"QNV-6082R1","Wisenet Q network outdoor vandal dome camera, 2MP @ 30fps, motorized vari-focal lens 3.1x (3.2 ~ 10.0mm) (109°~33°), triple codec H.265/H.264/MJPEG with Wisestream II, 120dB WDR, IR LEDs range 98', defocus detection, hallway View, no audio in/out, built-in SD card slot (1x128GB), video analytics, CVBS, open platform, IP66, IK10, PoE/12VDC, white color","700.85","CAD","Audio and power accessories","active"
"QND-6012R","Wisenet Q network indoor dome camera, 2MP @ 30fps, 2.8mm fixed focal lens (113°), triple codec H.265/H.264/MJPEG with Wisestream II, 120dB WDR, IR LEDs range 65', defocus detection, hallway View, one way audio, built-in SD card slot (1x128GB), video analytics, CVBS, open platform, PoE/12VDC, white color","378.59","CAD","Audio and power accessories","active"
"QND-6012R1","Wisenet Q network indoor dome camera, 2MP @ 30fps, 2.8mm fixed focal lens (113°), triple codec H.265/H.264/MJPEG with Wisestream II, 120dB WDR, IR LEDs range 65', defocus detection, hallway View, no audio in/out, built-in SD card slot (1x128GB), video analytics, CVBS, open platform, PoE/12VDC, white color","378.59","CAD","Audio and power accessories","active"
"QND-6022R","Wisenet Q network indoor dome camera, 2MP @ 30fps, 4.0mm fixed focal lens (87°), triple codec H.265/H.264/MJPEG with Wisestream II, 120dB WDR, IR LEDs range 65', defocus detection, hallway View, one way audio, built-in SD card slot (1x128GB), video analytics, CVBS, open platform, PoE/12VDC, white color","378.59","CAD","Audio and power accessories","active"
"QND-6022R1","Wisenet Q network indoor dome camera, 2MP @ 30fps, 4.0mm fixed focal lens (87°), triple codec H.265/H.264/MJPEG with Wisestream II, 120dB WDR, IR LEDs range 65', defocus detection, hallway View, no audio in/out, built-in SD card slot (1x128GB), video analytics, CVBS, open platform, PoE/12VDC, white color","378.59","CAD","Audio and power accessories","active"
"QND-6082R","Wisenet Q network indoor dome camera, 2MP @ 30fps, motorized vari-focal lens 3.1x (3.2 ~ 10.0mm) (109°~33°), triple codec H.265/H.264/MJPEG with Wisestream II, 120dB WDR, IR LEDs range 98', defocus detection, hallway View, one way audio, built-in SD card slot (1x128GB), video analytics, CVBS, open platform, PoE/12VDC, white color","601.29","CAD","Audio and power accessories","active"
"QND-6082R1","Wisenet Q network indoor dome camera, 2MP @ 30fps, motorized vari-focal lens 3.1x (3.2 ~ 10.0mm) (109°~33°), triple codec H.265/H.264/MJPEG with Wisestream II, 120dB WDR, IR LEDs range 98', defocus detection, hallway View, no audio in/out, built-in SD card slot (1x128GB), video analytics, CVBS, open platform, PoE/12VDC, white color","601.29","CAD","Audio and power accessories","active"
"QND-6011","Wisenet Q mini network indoor dome camera, 2MP @ 30fps, 2.8mm fixed focal lens (113°), triple codec H.265/H.264/MJPEG with Wisestream II, 120dB WDR, defocus detection, hallway View, built-in SD card slot (1x128GB), people counting, open platform, IP42, IK08, PoE, white color","366.8","CAD","Cameras","active"
"QND-6021","Wisenet Q mini network indoor dome camera, 2MP @ 30fps, 4.0mm fixed focal lens (87°), triple codec H.265/H.264/MJPEG with Wisestream II, 120dB WDR, defocus detection, hallway View, built-in SD card slot (1x128GB), people counting, open platform, IP42, IK08, PoE, white color","366.8","CAD","Cameras","active"
"LND-6012R","L series indoor dome camera, 2MP @ 30fps,2.8mm fixed focal lens (102°), Double codec H.264/MJPEG, Wisestream II, 120dB WDR, IR LEDs, hallway view, SD card, PoE, White","273.79","CAD","Cameras","active"
"LND-6022R","L series indoor dome camera, 2MP @ 30fps,4mm fixed focal lens (80°), Double codec H.264/MJPEG, Wisestream II, 120dB WDR, IR LEDs, hallway view, SD card, PoE, White","273.79","CAD","Cameras","active"
"LNO-6072R","L series outdoor bullet camera, 2MP @ 30fps, vari-focal lens 3.1x (3.2 ~ 10mm) (101.6° ~31.3°), Double codec H.264/MJPEG, Wisestream II, 120dB WDR, IR LEDs, hallway view, SD card, IP66, PoE, White","470.29","CAD","Cameras","active"
"LNO-6012R","L series outdoor bullet camera, 2MP @ 30fps,2.8mm fixed focal lens (102°), Double codec H.264/MJPEG, Wisestream II, 120dB WDR, IR LEDs, hallway view, SD card, IP66, PoE, White","326.19","CAD","Cameras","active"
"ANO-L6012R","Wisenet A Series bullet camera, 2MP @ 30 FPS, 2.8mm fixed focal lens, FoV H: 113.7° / V: 61.5°, WiseStream II, triple codec (H.265/H.264/MJPEG), 120dB WDR, IR LEDs 30m(98.43ft), day & night (ICR), virtual area (intrusion/enter/exit), virtual Line (crossing/ direction), motion detection, tampering, hallway view, built-in SD card slot (1x32GB), IP66, PoE, white.","248.9","CAD","Cameras","active"
"ANO-L6022R","Wisenet A Series bullet camera, 2MP @ 30 FPS, 4mm fixed focal lens, FoV H: 84.3° / V: 45.6° WiseStream II, triple codec (H.265/H.264/MJPEG), 120dB WDR, IR LEDs 30m(98.43ft), day & night (ICR), virtual area (intrusion/enter/exit), virtual line (crossing/ direction), motion detection, tampering, hallway view, built-in SD card slot (1x32GB), IP66, PoE, white.","248.9","CAD","Cameras","active"
"ANO-L6082R","Wisenet A Series bullet camera, 2MP @30FPS, motorized varifocal lens 3.1x (3.3~10.3mm)  (105.2°~ 30.6°), WiseStream II, triple codec (H.265/H.264/MJPEG), 120dB WDR, IR LEDs 30m(98.43ft), day & night (ICR), virtual area (intrusion/enter/exit), virtual line (crossing/ direction), motion detection, tampering, hallway view, built-in SD card slot (1x32GB), IP66, PoE, white.","366.8","CAD","Cameras","active"
"ANV-L6012R","Wisenet A Series outdoor vandal dome camera, 2MP @ 30 FPS, 2.8mm fixed focal lens, FoV H: 113.7°/ V: 61.5°,    WiseStream II, triple codec (H.265/H.264/MJPEG),120dB WDR, IR LEDs 30m(98.43ft), day & night (ICR),  virtual area (intrusion/enter/exit), virtual line (crossing/ direction), motion detection, tampering, hallway view, built-in SD card slot (1x32GB), IP66, IK10, PoE, white.","248.9","CAD","Cameras","active"
"ANV-L6023R","Wisenet A Series outdoor vandal mini dome camera, 2MP @ 30 FPS, 3.6mm fixed focal lens, FoV H: 94.8°/ V: 49.3°,  WiseStream II, triple codec (H.265/H.264/MJPEG) , 120dB WDR, IR LEDs 15m(49.21ft) , day & night (ICR),  virtual area (intrusion/enter/exit), virtual line (crossing/ direction), motion detection, tampering, hallway view, built-in SD card slot (1x128GB), IP66, PoE, white.","340.6","CAD","Cameras","active"
"ANV-L6082R","Wisenet A Series outdoor vandal dome camera, 2MP @ 30fps, motorized vari-focal lens 3.1x (3.3~10.3mm) (105.2°~ 30.6°), WiseStream II, triple codec (H.265/H.264/MJPEG),120dB WDR, IR LEDs 30m(98.43ft), day & night (ICR),  virtual area (intrusion/enter/exit), virtual line (crossing/ direction), motion detection, tampering, hallway view, built-in SD card slot (1x32GB), IP66, IK10, PoE, white.","366.8","CAD","Cameras","active"
"ANE-L6012R","Wisenet A Series turret camera, 2MP @ 30 FPS, 3mm fixed focal lens, FoV H: 107.7° / V: 59.0°, WiseStream II, triple codec (H.265/H.264/MJPEG), 120dB WDR, IR LEDs 20m(65.62ft), day & night (ICR), virtual area (intrusion/enter/exit), virtual Line (crossing/ direction), motion detection, tampering, hallway view, built-in SD card slot (1x32GB), IP66, PoE, white.","327.5","CAD","Cameras","active"
"XNB-H6241A","Wisenet X powered by Wisenet 5 network ATM camera, 2MP, Full HD(1080p) 60fps, 2.4mm fixed lens (138°), triple codec H.265/H.264/MJPEG with WiseStream II technology, 120dB WDR, micro SD/SDHC/SDXC, USB port for easy installation, advanced video analytics and sound classification and business analytics, hallway view, HLC, defog detection, DIS, 12VDC/PoE, +14°F ~ 131°F, cable Length is 8m (26 feet).","1112.19","CAD","Cameras","active"
"XNB-H6244A","Wisenet X Powered by Wisenet 7 network camera, ATM kit, 2MP, Full HD(1080p) 60fps, 2.4mm fixed lens (138°), triple codec H.265/H.264/MJPEG with WiseStream II technology, 120dB WDR, micro SD/SDHC/SDXC, USB port for easy installation, advanced video analytics and sound classification and business analytics, hallway view, HLC, defog detection, DIS, 12VDC/PoE, +14°F ~ 131°F, TPM 2.0 (FIPS 140-2 level 2), cable Length is 1.5m (4.9 feet). (Package includes XNB-6002+SLA-T2415A+STB-2000)","1112.19","CAD","Cameras","active"
"XNB-H6240A","Wisenet X powered by Wisenet 5 network ATM camera, 2MP, Full HD(1080p) 60fps, 2.4mm fixed lens (138°), triple codec H.265/H.264/MJPEG with WiseStream II technology, 120dB WDR, micro SD/SDHC/SDXC, USB port for easy installation, advanced video analytics and sound classification and business analytics, hallway view, HLC, defog detection, DIS, 12VDC/PoE, +14°F ~ 131°F, cable Length is 1.5m (4.9 feet).","1112.19","CAD","Cameras","active"
"XNB-H6461H","Wisenet X powered by Wisenet 5 network pinhole camera with height strip housing, 2MP, Full HD(1080p) 60fps, 4.6mm fixed lens (73°), triple codec H.265/H.264/MJPEG with WiseStream II technology, 120dB WDR, micro SD/SDHC/SDXC, USB port for easy installation, advanced video analytics and sound classification and business analytics, hallway view, HLC, defog detection, DIS, 12VDC/PoE, +14°F ~ 131°F, cable Length is 8m (26 feet).","1382.05","CAD","Cameras","active"
"XNB-H6282B","Wisenet X Powered by Wisenet 7 network Bandit Barrier camera, 2MP, Full HD(1080p) 60fps, 2.8mm fixed lens (107.4°), triple codec H.265/H.264/MJPEG with WiseStream II technology, 120dB WDR, micro SD/SDHC/SDXC, USB port for easy installation, advanced video analytics and sound classification and business analytics, hallway view, HLC, defog detection, DIS, 12VDC/PoE, +14°F ~ 131°F, TPM 2.0 (FIPS 140-2 level 2), cable Length is 8m ( 26 feet).  (Package includes XNB-6002 and SLA-T2880BA)","1703.0","CAD","Cameras","active"
"XNB-H6280B","Wisenet X powered by Wisenet 5 network Bandit Barrier camera, 2MP, Full HD(1080p) 60fps, 2.8mm fixed lens (107.4°), triple codec H.265/H.264/MJPEG with WiseStream II technology, 120dB WDR, micro SD/SDHC/SDXC, USB port for easy installation, advanced video analytics and sound classification and business analytics, hallway view, HLC, defog detection, DIS, 12VDC/PoE, +14°F ~ 131°F, cable Length is 1.5m (4.9 feet).","1703.0","CAD","Cameras","active"
"QNP-6250","Wisenet Q network indoor PTZ camera, 2MP, Full HD(1080p) 60fps, triple codec H.265/H.264/MJPEG with WiseStream II technology, 4.44~111mm (25x) lens, 120dB WDR, Day & Night (ICR), DIS (Built-in gyro sensor), Intelligent Analytics, built-in SD card slot (1x256GB), Focus Save, white color","1965.0","CAD","Cameras","active"
"QNP-6250H","Wisenet Q network outdoor PTZ camera, 2MP, Full HD(1080p) 60fps, triple codec H.265/H.264/MJPEG with WiseStream II technology, 4.44~111mm (25x) lens, 120dB WDR, Day & Night (ICR), DIS (Built-in gyro sensor), Intelligent Analytics, built-in SD card slot (1x256GB), Focus Save, IP66, IK10, NEMA4X, white color","2227.0","CAD","Cameras","active"
"QNP-6250R","Wisenet Q network IR PTZ camera, IR range of up to 328ft, 2MP, Full HD(1080p) 60fps, triple codec H.265/H.264/MJPEG with WiseStream II technology, 4.44~111mm (25x) lens, 120dB WDR, Day & Night (ICR), DIS (Built-in gyro sensor), Intelligent Analytics, built-in SD card slot (1x256GB), Focus Save, IP66, IK10, NEMA4X, white color","2620.0","CAD","Cameras","active"
"QNP-6320","Wisenet Q network indoor PTZ camera, 2MP, Full HD(1080p) 60fps, triple codec H.265/H.264/MJPEG with WiseStream II technology, 4.44~142.6mm (32x) lens, 120dB WDR, Day & Night (ICR), DIS (Built-in gyro sensor), Intelligent Analytics, built-in SD card slot (1x256GB), Focus Save, white color","3013.0","CAD","Cameras","active"
"QNP-6320H","Wisenet Q network outdoor PTZ camera, 2MP, Full HD(1080p) 60fps, triple codec H.265/H.264/MJPEG with WiseStream II technology, 4.44~142.6mm (32x) lens, 120dB WDR, Day & Night (ICR), DIS (Built-in gyro sensor), Intelligent Analytics, built-in SD card slot (1x256GB), Focus Save, IP66, IK10, NEMA4X, white color","3275.0","CAD","Cameras","active"
"QNP-6320R","Wisenet Q network IR PTZ camera, IR range of up to 328ft, 2MP, Full HD(1080p) 60fps, triple codec H.265/H.264/MJPEG with WiseStream II technology, 4.44~142.6mm (32x) lens, 120dB WDR, Day & Night (ICR), DIS (Built-in gyro sensor), Intelligent Analytics, built-in SD card slot (1x256GB), Focus Save, IP66, IK10, NEMA4X, white color","3537.0","CAD","Cameras","active"
"QNP-6320HS","Wisenet Q stainless steel PTZ camera, 2MP, Full HD(1080p) 60fps, triple codec H.265/H.264/MJPEG with WiseStream II technology, 4.44~142.6mm (32x) lens, 120dB WDR, Day & Night (ICR), DIS (Built-in gyro sensor), Directional detection, Motion detection, Enter/Exit, Tampering, Virtual line, Audio detection* (with NW I/O Box), built-in SD card slot (1x256GB), Focus Save, IP66/IP67, IK10, NEMA4X, PoE+","6602.4","CAD","Audio and power accessories","active"
"TNU-6321","2MP Network Positioning Camera (1920 x 1080) resolution, 4.44 ~ 142.6mm (32x) varifocal lens, 60fps@2MP (H.264), 30fps@2MP (MJPEG), H.265, H.264, MJPEG codec support, 360˚ Endless, Tilt -90˚~40˚, Day & Night (ICR), WDR (120dB), Defog, Tampering, Virtual line, Enter / Exit, (Dis)Appear, Audio detection, Face detection, Motion detection,  built-in SD card slot (1x256GB), Power 24VAC (Optional IR illuminators: SPI-50)","6681.0","CAD","Audio and power accessories","active"
"PNB-A9092RLPH","4K Regular Speed (up to 74MPH)  LPR Box Camera Kit with Enclosure and IR, Licensed with Wisenet Road AI. Max. 4K resolution, 12-50 mm lens, H.265/H.264/MJPEG codec, WiseStream III, Includes PoE+ Camera enclosure with Wall mount and IR  LPR + MMCR: Make, Model & Color* Recognition on the Edge, 32GB Micro SD storage for up to 10,000 LPR/Vehicle images, Licensed open platform application for multiple regions/countries (USA, Canada, Mexico, Brazil, Uruguay, Paraguay, Argentina, Colombia, Chile) (* Color recognition only during day time)","6078.4","CAD","Software and licensing","active"
"PNB-A9091RLPH","4K Moderate Speed (up to 75MPH)  LPR Box Camera Kit with Enclosure and IR, Licensed with Wisenet Road AI. Max. 4K resolution, 12-50 mm lens,  H.265, H.264, MJPEG codec, WiseStream III, Includes PoE+ Camera enclosure with Wall mount and IR  LPR + MMCR: Make, Model & Color*  Recognition on the Edge. 32GB Micro SD storage for up to 10,000 LPR/Vehicle images, Licensed open platform application for multiple regions/countries (USA, Canada, Mexico, Brazil, Uruguay, Paraguay, Argentina, Colombia, Chile) (* Color recognition only during day time)","5056.6","CAD","Software and licensing","active"
"PNV-A9081RLP","4K Low-Moderate Speed LPR Vandal Dome Camera with Wisenet Road AI. Max. 4K resolution, 4.5~10mm(2.2x) M-Varifocal(4K) lens, 0.05Lux@F1.6 (Color), 0Lux (B/W, IR LED on), Day & Night(ICR), WDR(120dB), H.265, H.264, MJPEG codec, WiseStream III, POE+, IP66/67/IP6K9K, IK10+, NEMA4X LPR + MMCR: Make, Model & Color*  Recognition on the Edge. 32GB Micro SD storage for up to 10,000 LPR/Vehicle images, Licensed open platform application for multiple regions/countries.  (* Color recognition only during day time)","3995.5","CAD","Software and licensing","active"
"TNO-7180RLP","High Speed Global Shutter Camera with Road AI 3MP, Max 60fps @3MP, 6.8~1220mm (18x) motorized varifocal lens, 32GB industrial Micro SD, Embedded Wisenet Road AI application, Adaptive IR, IP66, IK10, NEMA 4X, NEMA TS. (No PoE switch included)","5895.0","CAD","Switches","active"
"PNO-A9311RLP","4K Low- Moderate Speed dedicated LPR Bullet Camera with Wisenet Road AI, Max. 4K resolution @ 30FPS, 0.05Lux@F1.6 (Color), 0Lux (B/W, IR LED on), WiseIR for LPR plate reads for approx. 200ft (61m), Day & Night(ICR), 6.91~214.64mm (31x) zoom lens, WDR(120dB) H.265, H.264, MJPEG codec, WiseStreamⅡ, WiseStream Ⅲ (Using AI engine). Operating temperature: -40°C~+55°C(-40°F ~ +131°F), Power: PoE+/12VDC, Metal shielded RJ-45, IP66/IP67, IK10, NEMA4X Road AI, LPR application is pre-installed and licensed on the camera that provides LPR + MMCR (Make, Model & Color*) Recognition on the Edge.  (* Color recognition only during day time)","4585.0","CAD","Software and licensing","active"
"PNO-A9081RLP","4K Low-Moderate Speed LPR Bullet Camera with Wisenet Road AI. Max. 4K resolution, 4.5~10mm(2.2x) M-Varifocal(4K) lens, 0.05Lux@F1.6 (Color), 0Lux (B/W, IR LED on), Day & Night(ICR), WDR(120dB), H.265, H.264, MJPEG codec, WiseStream III, POE+, IP66/67/IP6K9K, IK10+, NEMA4X LPR + MMCR: Make, Model & Color*  Recognition on the Edge. 32GB Micro SD storage for up to 10,000 LPR/Vehicle images, Licensed open platform application for multiple regions/countries.  (* Color recognition only during day time)","3864.5","CAD","Software and licensing","active"
"TNM-C2722TDR","Wisenet T network Bi-spectrum Early Fire Detection Camera, Thermal: 160 x 120 (uncooled) @ 8fps, <50mK (NETD), built-in 1.9mm fixed lens (57° HFoV / 44° VFoV), Visible: 3MP, built-in 4.46mm fixed lens (69° HFoV / 50.8° VFoV), Max. 2048 x 1536 resolution @ 30fps, Triple codec H.265/H.264/MJPEG with Wisestream II support, Analytics (thermal): temperature detection, temperature difference detection, motion detection, Analytics (visible): early fire detection, motion detection, audio detection, tampering, Alarm events: Image upload (e-mail/FTP), Notification (e-mail), Recording (edge/NAS), Alarm output, Handover (PTZ preset, HTTP/HTTPS/TCP message), Audio clip playback, MQTT (publication), Early fire detection: 3 user programmable quadrangle ROIs, Radiometric: 2 user programmable quadrangle ROIs, temperature detection range from -10°C to 450°C (-14°F to 842°F),  micro SD card (512GB x1), PoE (802.3af) ","3340.5","CAD","Audio and power accessories","active"
"TNM-C2712TDR","Wisenet T network Bi-spectrum Early Fire Detection Camera, Thermal: 160 x 120 (uncooled) @ 8fps, <50mK (NETD), built-in 1.2mm fixed lens (95° HFoV / 69° VFoV), Visible: 3MP, built-in 3.06mm fixed lens (100° HFoV / 73° VFoV), Max. 2048 x 1536 resolution @ 30fps, Triple codec H.265/H.264/MJPEG with Wisestream II support, Analytics (thermal): temperature detection, temperature difference detection, motion detection, Analytics (visible): early fire detection, motion detection, audio detection, tampering, Alarm events: Image upload (e-mail/FTP), Notification (e-mail), Recording (edge/NAS), Alarm output, Handover (PTZ preset, HTTP/HTTPS/TCP message), Audio clip playback, MQTT (publication), Early fire detection: 3 user programmable quadrangle ROIs, Radiometric: 2 user programmable quadrangle ROIs, temperature detection range from -10°C to 450°C (-14°F to 842°F), micro SD card (512GB x1), PoE (802.3af) ","3013.0","CAD","Audio and power accessories","active"
"TNM-C3620TDR","Wisenet T network Bi-spectrum AI Radiometric Camera, Thermal: 320 x 240 (uncooled) @ 30fps, <50mK (NETD), built-in 4.7mm fixed lens (HFoV: 50°), Visible: 2MP, built-in 4mm fixed (HFoV: 87.6°), Max. 1920 x 1080 resolution @ 30fps, Triple  triple codec H.265/H.264/MJPEG with Wisestream II support, extremeWDR 150dB, AI object detection (visible only) Person/Face, Analytics events: Directional detection, Motion detection, Enter/Exit, Tampering, Virtual line, Audio detection, detection shot, Alarm events: Image upload (e-mail/FTP), Notification (e-mail), Recording (edge/NAS), Alarm output, Handover (PTZ preset, HTTP/HTTPS/TCP message), Audio clip playback, MQTT (publication), Radiometric: whole FoV area or up to 6 user programmable quadrangle ROIs, temperature detection range from -20°C to 130°C (-4°F to 266°F),  FIPS 140-2, micro SD card (256GB x1), PoE+/12VDC This product is subject to the Thermal agreement. ","9956.0","CAD","Audio and power accessories","active"
"TNM-C3622TDR","Wisenet T network Bi-spectrum AI Radiometric Camera, Thermal: 320 x 240 (uncooled) @ 8fps, <50mK (NETD), built-in 4.7mm fixed lens (HFoV: 50°), Visible: 2MP, built-in 4mm fixed (HFoV: 87.6°), Max. 1920 x 1080 resolution @ 30fps, Triple codec H.265/H.264/MJPEG with Wisestream II support, extremeWDR 150dB, AI object detection (visible only) Person/Face, Analytics events: Directional detection, Motion detection, Enter/Exit, Tampering, Virtual line, Audio detection, detection shot, Alarm events: Image upload (e-mail/FTP), Notification (e-mail), Recording (edge/NAS), Alarm output, Handover (PTZ preset, HTTP/HTTPS/TCP message), Audio clip playback, MQTT (publication), Radiometric: whole FoV area or up to 6 user programmable quadrangle ROIs, temperature detection range from -20°C to 130°C (-4°F to 266°F),  FIPS 140-2, micro SD card (256GB x1), PoE+/12VDC","9956.0","CAD","Audio and power accessories","active"
"TNM-C4940TDR","Wisenet T network Bi-spectrum AI Radiometric Camera, Thermal: 640 x 480 (uncooled) @ 30fps, <60mK (NETD), built-in 9.1mm fixed lens (HFoV: 50°),Visible: 4K, built-in 4.4~9.3mm motorized varifocal lens (HFoV: 112.1°~47.5°), Max. 3840 x 2160 resolution @ 30fps, Triple  triple codec H.265/H.264/MJPEG with Wisestream II and WiseStream III (based on AI engine) support, WDR 120dB, IR viewable length 30m (98ft), AI object detection (thermal): Person/Vehicle, AI object detection (visible): Person/Face/Vehicle (car,bus,truck, motorcycle, bicycle)/License Plate, Analytics events based on AI engine: Virtual line (Crossing/ Direction), Virtual area (Loitering/Intrusion/Enter/Exit), Additional analytics events (thermal): Motion detection, Additional analytics events (visible): Motion detection, Defocus detection, Tampering, Audio detection, Sound classification, Shock detection, Virtual area(Appear/Disappear), Alarm events: Image upload (e-mail/FTP), Notification (e-mail), Recording (edge/NAS), Alarm output, Handover (PTZ preset, HTTP/HTTPS/TCP message), Audio clip playback, MQTT (publication), Radiometric: whole FoV area or up 10 user programmable quadrangle ROIs, temperature detection range from -20°C to 130°C (-4°F to 266°F),  FIPS 140-2, 2x micro SD card (512GB x2), IP66/IP67, IK10, NEMA4X, NEMA TS 2(2.2.8, 2.2.9), PoE+/12VDC This product is subject to the Thermal agreement. ","14999.5","CAD","Software and licensing","active"
"TNM-C4942TDR","Wisenet T network Bi-spectrum AI Radiometric Camera, Thermal: 640 x 480 (uncooled) @ 8fps, <60mK (NETD), built-in 9.1mm fixed lens (HFoV: 50°),Visible: 4K, built-in 4.4~9.3mm motorized varifocal lens (HFoV: 112.1°~47.5°), Max. 3840 x 2160 resolution @ 30fps, Triple codec H.265/H.264/MJPEG with Wisestream II and WiseStream III (based on AI engine) support, WDR 120dB, IR viewable length 30m (98ft), AI object detection (thermal): Person/Vehicle, AI object detection (visible): Person/Face/Vehicle (car,bus,truck, motorcycle, bicycle)/License Plate, Analytics events based on AI engine: Virtual line (Crossing/ Direction), Virtual area (Loitering/Intrusion/Enter/Exit), Additional analytics events (thermal): Motion detection, Additional analytics events (visible): Motion detection, Defocus detection, Tampering, Audio detection, Sound classification, Shock detection, Virtual area(Appear/Disappear), Alarm events: Image upload (e-mail/FTP), Notification (e-mail), Recording (edge/NAS), Alarm output, Handover (PTZ preset, HTTP/HTTPS/TCP message), Audio clip playback, MQTT (publication), Radiometric: whole FoV area or up  to 10 user programmable quadrangle ROIs, temperature detection range from -20°C to 130°C (-4°F to 266°F),  FIPS 140-2, 2x micro SD card (512GB x2), IP66/IP67, IK10, NEMA4X, NEMA TS 2(2.2.8, 2.2.9), PoE+/12VDC ","14999.5","CAD","Software and licensing","active"
"TNM-C4940TD","Wisenet T network Bi-spectrum AI Thermal Camera (uncooled), Dual sensor camera with VGA thermal and 4K visible video output, built-in 9.1mm fixed lens (FoV: 50° thermal) & 4.4~9.3mm motorized varifocal lens (FoV: 112.1°~47.5° visible), Triple codec (H.265/H.264/MJPEG), WiseStream II (thermal), WDR 120dB, IR viewable length 30m (98ft), Features Based on AI engine: WiseNR II, Wise Stream III (visible only), Analytics events based on AI engine (visible only): Object detection (Person/Face/Vehicle/License plate), IVA (Virtual line/Area, Enter/Exit, Loitering, direction, intrusion), Stopped vehicle, Traffic jam, FIPS 140-2, 2x micro SD card (512GB x2), IP66/IP67, IK10, NEMA4X, NEMA TS 2(2.2.8, 2.2.9), PoE+/12VDC This product is subject to the Thermal agreement. ","13624.0","CAD","Software and licensing","active"
"TNM-C4950TD","Wisenet T network Bi-spectrum AI Thermal Camera (uncooled), Dual sensor camera with VGA thermal and 4K visible video output, built-in 13.5mm fixed lens (FoV: 31.9° thermal) & 10.9~29mm motorized varifocal lens (FoV: 42°~15° visible), Triple codec (H.265/H.264/MJPEG), WiseStream II (thermal), WDR 120dB, Features Based on AI engine: WiseNR II, Wise Stream III (visible only), Analytics events based on AI engine (visible only): Object detection (Person/Face/Vehicle/License plate), IVA (Virtual line/Area, Enter/Exit, Loitering, direction, intrusion), Stopped vehicle, Traffic jam, FIPS 140-2, 2x micro SD card (512GB x2), IP66/IP67, IK10, NEMA4X, NEMA TS 2(2.2.8, 2.2.9), PoE+/12VDC This product is subject to the Thermal agreement. ","13755.0","CAD","Software and licensing","active"
"TNM-C4960TD","Wisenet T network Bi-spectrum AI Thermal Camera (uncooled), Dual sensor camera with VGA thermal and 4K visible video output, built-in 25mm fixed lens (FoV: 17.4° thermal) & 10.9~29mm motorized varifocal lens (FoV: 42°~15° visible), Triple codec (H.265/H.264/MJPEG), WiseStream II (thermal), WDR 120dB, Features Based on AI engine: WiseNR II, Wise Stream III (visible only), Analytics events based on AI engine (visible only): Object detection (Person/Face/Vehicle/License plate), IVA (Virtual line/Area, Enter/Exit, Loitering, direction, intrusion), Stopped vehicle, Traffic jam, FIPS 140-2, 2x micro SD card (512GB x2), IP66/IP67, IK10, NEMA4X, NEMA TS 2(2.2.8, 2.2.9), PoE+/12VDC This product is subject to the Thermal agreement. ","14344.5","CAD","Software and licensing","active"
"TNO-3010T","QVGA Thermal camera, Max. 320 x 240 resolution support, built-in 2.7mm fixed lens, H.265, H.264, MJPEG codec, Max. 30fps@all resolutions, full video and audio analytics, temperature detection, shock detection, micro SD Max. 256GB, Hallway View, WiseStreamII, PoE, 24VAC, 12VDC / IP66, NEMA4X, IK10 This product is subject to the Thermal agreement. ","5371.0","CAD","Audio and power accessories","active"
"TNO-3020T","QVGA Thermal camera, Max. 320 x 240 resolution support, built-in 4.3mm fixed lens, H.265, H.264, MJPEG codec, Max. 30fps@all resolutions, full video and audio analytics, temperature detection, shock detection, micro SD Max. 256GB, Hallway View, WiseStreamII, PoE, 24VAC, 12VDC / IP66, NEMA4X, IK10 This product is subject to the Thermal agreement. ","5371.0","CAD","Audio and power accessories","active"
"TNO-3030T","QVGA Thermal camera, Max. 320 x 240 resolution support, built-in 13.7mm fixed lens, H.265, H.264, MJPEG codec, Max. 30fps@all resolutions, full video and audio analytics, temperature detection, shock detection, micro SD Max. 256GB, Hallway View, WiseStreamII, PoE, 24VAC, 12VDC / IP66, NEMA4X, IK10 This product is subject to the Thermal agreement. ","5371.0","CAD","Audio and power accessories","active"
"TNO-L3030T","Wisenet T network outdoor vandal thermal bullet camera (uncooled), 320 x 240 @ 8fps, 13.7mm fixed focal lens (16°), triple codec H.265/H.264/MJPEG with Wisestream II,  built-in SD card slot (1x256GB), advanced video analytics and sound classification, PTZ handover, open platform, DIS(Gyro), integrated back box, IP66, IK10, PoE/12VDC/24VAC, white color","5371.0","CAD","Cameras","active"
"TNO-3040T","QVGA Thermal camera, Max. 320 x 240 resolution support, built-in 19mm fixed lens, H.265, H.264, MJPEG codec, Max. 30fps@all resolutions, full video and audio analytics, temperature detection, shock detection, micro SD Max. 256GB, Hallway View, WiseStreamII, PoE, 24VAC, 12VDC / IP66, NEMA4X, IK10 This product is subject to the Thermal agreement. ","6550.0","CAD","Audio and power accessories","active"
"TNO-3050T","QVGA Thermal camera, Max. 320 x 240 resolution support, built-in 35mm fixed lens, H.265, H.264, MJPEG codec, Max. 30fps@all resolutions, full video and audio analytics, temperature detection, shock detection, micro SD Max. 256GB, Hallway View, WiseStreamII, PoE, 24VAC, 12VDC / IP66, NEMA4X, IK10 This product is subject to the Thermal agreement. ","8541.2","CAD","Audio and power accessories","active"
"TNO-4030T","Wisenet T network outdoor vandal thermal bullet camera (uncooled), 640x480 @ 30fps, 13mm fixed focal lens (48.6°), triple codec H.265/H.264/MJPEG with Wisestream II,  built-in SD card slot (1x256GB), advanced video analytics and sound classification, PTZ handover, open platform, DIS(Gyro), integrated back box, IP66, IK10, PoE/12VDC/24VAC, white color This product is subject to the Thermal agreement. ","9170.0","CAD","Cameras","active"
"TNO-L4030T","Wisenet T network outdoor vandal thermal bullet camera (uncooled), 640x480 @ 8fps, 13mm fixed focal lens (48.6°), triple codec H.265/H.264/MJPEG with Wisestream II,  built-in SD card slot (1x256GB), advanced video analytics and sound classification, PTZ handover, open platform, DIS(Gyro), integrated back box, IP66, IK10, PoE/12VDC/24VAC, white color","9170.0","CAD","Cameras","active"
"TNO-4030TR","Wisenet T network outdoor vandal Radiometric bullet camera (uncooled), 640x480 @ 30fps, 13mm fixed focal lens (48.6°), triple codec H.265/H.264/MJPEG with Wisestream II,  built-in SD card slot (1x256GB), advanced video analytics and sound classification, PTZ handover, up to 6 user programmable temperature detection areas, temperature detection range is from (-4°F ~ 266°F) , open platform, DIS(Gyro), integrated back box, IP66, IK10, PoE/12VDC/24VAC, white color This product is subject to the Thermal agreement. ","11004.0","CAD","Cameras","active"
"TNO-L4030TR","Wisenet T network outdoor vandal Radiometric bullet camera (uncooled), 640x480 @ 8fps, 13mm fixed focal lens (48.6°), triple codec H.265/H.264/MJPEG with Wisestream II,  built-in SD card slot (1x256GB), advanced video analytics and sound classification, PTZ handover, up to 6 user programmable temperature detection areas, temperature detection range is from (-4°F ~ 266°F) , open platform, DIS(Gyro), integrated back box, IP66, IK10, PoE/12VDC/24VAC, white color","11004.0","CAD","Cameras","active"
"TNO-4040T","Wisenet T network outdoor vandal thermal bullet camera (uncooled), 640x480 @ 30fps, 19mm fixed focal lens (32°), triple codec H.265/H.264/MJPEG with Wisestream II,  built-in SD card slot (1x256GB), advanced video analytics and sound classification, PTZ handover, open platform, DIS(Gyro), integrated back box, IP66, IK10, PoE/12VDC/24VAC, white color This product is subject to the Thermal agreement. ","9170.0","CAD","Cameras","active"
"TNO-L4040T","Wisenet T network outdoor vandal thermal bullet camera (uncooled), 640x480 @ 8fps, 19mm fixed focal lens (32°), triple codec H.265/H.264/MJPEG with Wisestream II,  built-in SD card slot (1x256GB), advanced video analytics and sound classification, PTZ handover, open platform, DIS(Gyro), integrated back box, IP66, IK10, PoE/12VDC/24VAC, white color","9170.0","CAD","Cameras","active"
"TNO-4040TR","Wisenet T network outdoor vandal Radiometric bullet camera (uncooled), 640x480 @ 30fps, 19mm fixed focal lens (32°), triple codec H.265/H.264/MJPEG with Wisestream II,  built-in SD card slot (1x256GB), advanced video analytics and sound classification, PTZ handover, up to 6 user programmable temperature detection areas, temperature detection range is from (-4°F ~ 266°F) , open platform, DIS(Gyro), integrated back box, IP66, IK10, PoE/12VDC/24VAC, white color This product is subject to the Thermal agreement. ","11004.0","CAD","Cameras","active"
"TNO-L4040TR","Wisenet T network outdoor vandal Radiometric bullet camera (uncooled), 640x480 @ 8fps, 19mm fixed focal lens (32°), triple codec H.265/H.264/MJPEG with Wisestream II,  built-in SD card slot (1x256GB), advanced video analytics and sound classification, PTZ handover, up to 6 user programmable temperature detection areas, temperature detection range is from (-4°F ~ 266°F) , open platform, DIS(Gyro), integrated back box, IP66, IK10, PoE/12VDC/24VAC, white color","11004.0","CAD","Cameras","active"
"TNO-4050T","Wisenet T network outdoor vandal thermal bullet camera (uncooled), 640x480 @ 30fps, 35mm fixed focal lens (17.2°), triple codec H.265/H.264/MJPEG with Wisestream II,  built-in SD card slot (1x256GB), advanced video analytics and sound classification, PTZ handover, open platform, DIS(Gyro), integrated back box, IP66, IK10, PoE/12VDC/24VAC, white color This product is subject to the Thermal agreement. ","11004.0","CAD","Cameras","active"
"TNO-L4050T","Wisenet T network outdoor vandal thermal bullet camera (uncooled), 640x480 @ 8fps, 35mm fixed focal lens (17.2°), triple codec H.265/H.264/MJPEG with Wisestream II,  built-in SD card slot (1x256GB), advanced video analytics and sound classification, PTZ handover, open platform, DIS(Gyro), integrated back box, IP66, IK10, PoE/12VDC/24VAC, white color","11004.0","CAD","Cameras","active"
"TNU-4041T","Wisenet T network outdoor thermal positioning camera (uncooled), 640x480 @ 30fps, 19mm fixed focal lens (32°), pan: 360° endless, Tilt: -90°~ 40°, triple codec H.265/H.264/MJPEG with Wisestream II,  built-in SD card slot (1x256GB), advanced video analytics and sound classification, PTZ handover, open platform, DIS(Gyro), integrated back box, IP66, IK10, 24VAC, white color This product is subject to the Thermal agreement. ","18667.5","CAD","Cameras","active"
"TNU-4051T","Wisenet T network outdoor thermal positioning camera (uncooled), 640x480 @ 30fps, 35mm fixed focal lens (17.2°), pan: 360° endless, Tilt: -90°~ 40°, triple codec H.265/H.264/MJPEG with Wisestream II,  built-in SD card slot (1x256GB), advanced video analytics and sound classification, PTZ handover, open platform, DIS(Gyro), integrated back box, IP66, IK10, 24VAC, white color This product is subject to the Thermal agreement. ","20960.0","CAD","Cameras","active"
"TNO-C3010TRA","Wisenet T network AI Radiometric compact bullet camera  (uncooled), 384 x 288 @ 30fps, ＜30mK (NETD), 4.4mm fixed focal lens (HFoV: 90.0°), Triple  triple codec H.265/H.264/MJPEG with Wisestream II and WiseStream III (based on AI engine) support,  Analytics events based on AI engine: Object detection (Person/Vehicle), Virtual line (Crossing/ Direction), Virtual area (Loitering/Intrusion/Enter/Exit), Analytics events: Motion detection, Tampering, Audio detection, Sound classification, Shock detection, Virtual area(Appear/Disappear), PTZ handover, Radiometrics: whole FoV area or up 10 user programmable polygonal ROIs, temperature detection range from -40°C to 550°C (-40°F to 1022°F), built-in SD card slot (1x1TB) , integrated back box, IP66, NEMA4X, IK10, PoE/12VDC, white color This product is subject to the Thermal agreement. ","7401.5","CAD","Audio and power accessories","active"
"TNO-C3012TRA","Wisenet T network AI Radiometric compact bullet camera (uncooled), 384 x 288 @ 8fps,＜30mK (NETD), 4.4mm fixed focal lens (HFoV: 90.0°), Triple  triple codec H.265/H.264/MJPEG with Wisestream II and WiseStream III (based on AI engine) support,  Analytics events based on AI engine: Object detection (Person/Vehicle), Virtual line (Crossing/ Direction), Virtual area (Loitering/Intrusion/Enter/Exit), Analytics events: Motion detection, Tampering, Audio detection, Sound classification, Shock detection, Virtual area(Appear/Disappear), PTZ handover, Radiometrics: whole FoV area or up 10 user programmable polygonal ROIs, temperature detection range from -40°C to 550°C (-40°F to 1022°F), built-in SD card slot (1x1TB), integrated back box, IP66, NEMA4X, IK10, PoE/12VDC, white color","7401.5","CAD","Audio and power accessories","active"
"TNO-C3020TRA","Wisenet T network AI Radiometric compact bullet camera (uncooled), 384 x 288 @ 30fps, <30mK (NETD), 6.6mm fixed focal lens (HFoV: 60.0°), Triple  triple codec H.265/H.264/MJPEG with Wisestream II and WiseStream III (based on AI engine) support,  Analytics events based on AI engine: Object detection (Person/Vehicle), Virtual line (Crossing/ Direction), Virtual area (Loitering/Intrusion/Enter/Exit), Analytics events: Motion detection, Tampering, Audio detection, Sound classification, Shock detection, Virtual area(Appear/Disappear), PTZ handover, Radiometrics: whole FoV area or up 10 user programmable polygonal ROIs, temperature detection range from -40°C to 550°C (-40°F to 1022°F), built-in SD card slot (1x1TB), integrated back box, IP66, NEMA4X, IK10, PoE/12VDC, white color This product is subject to the Thermal agreement. ","7401.5","CAD","Audio and power accessories","active"
"TNO-C3022TRA","Wisenet T network AI Radiometric compact bullet camera (uncooled), 384 x 288 @ 8fps, ＜30mK (NETD), 6.6mm fixed focal lens (HFoV: 60.0°), Triple  triple codec H.265/H.264/MJPEG with Wisestream II and WiseStream III (based on AI engine) support,  Analytics events based on AI engine: Object detection (Person/Vehicle), Virtual line (Crossing/ Direction), Virtual area (Loitering/Intrusion/Enter/Exit), Analytics events: Motion detection, Tampering, Audio detection, Sound classification, Shock detection, Virtual area(Appear/Disappear), PTZ handover, Radiometrics: whole FoV area or up 10 user programmable polygonal ROIs, temperature detection range from -40°C to 550°C (-40°F to 1022°F), built-in SD card slot (1x1TB), integrated back box, IP66, NEMA4X, IK10, PoE/12VDC, white color","7401.5","CAD","Audio and power accessories","active"
"TNO-C3030TRA","Wisenet T network AI Radiometric compact bullet camera (uncooled), 384 x 288 @ 30fps, <30mK (NETD), 9.7mm fixed focal lens (HFoV: 37.9°), Triple  triple codec H.265/H.264/MJPEG with Wisestream II and WiseStream III (based on AI engine) support,  Analytics events based on AI engine: Object detection (Person/Vehicle), Virtual line (Crossing/ Direction), Virtual area (Loitering/Intrusion/Enter/Exit), Analytics events: Motion detection, Tampering, Audio detection, Sound classification, Shock detection, Virtual area(Appear/Disappear), PTZ handover, Radiometrics: whole FoV area or up 10 user programmable polygonal ROIs, temperature detection range from -40°C to 550°C (-40°F to 1022°F), built-in SD card slot (1x1TB), integrated back box, IP66, NEMA4X, IK10, PoE/12VDC, white color This product is subject to the Thermal agreement. ","7401.5","CAD","Audio and power accessories","active"
"TNO-C3082T","Wisenet T network thermal compact bullet camera, 384 x 288 (uncooled); ＜20mK (NETD), Max 768 x 576 @ 8fps resolution support, 60mm fixed focal lens (HFoV: 6.2o), Triple codec H.265/H.264/MJPEG with WiseStream III (based on AI engine) support, Analytics events based on AI engine: Object detection (Person/Vehicle), Virtual line (Crossing/ Direction), Virtual area (Loitering/Intrusion/Enter/Exit), Analytics events: Motion detection, Tampering, Audio detection, Sound classification, Shock detection, Virtual area(Appear/Disappear), PTZ handover, built-in SD card slot (1x1TB), integrated back box, IP66, NEMA4X, IK10, PoE/12VDC, white color","11724.5","CAD","Audio and power accessories","active"
"TNO-C3080T","Wisenet T network thermal compact bullet camera, 384 x 288 (uncooled); ＜20mK (NETD), Max 768 x 576 @ 30fps resolution support, 60mm fixed focal lens (HFoV: 6.2o), Triple codec H.265/H.264/MJPEG with WiseStream III (based on AI engine) support, Analytics events based on AI engine: Object detection (Person/Vehicle), Virtual line (Crossing/ Direction), Virtual area (Loitering/Intrusion/Enter/Exit), Analytics events: Motion detection, Tampering, Audio detection, Sound classification, Shock detection, Virtual area(Appear/Disappear), PTZ handover, built-in SD card slot (1x1TB), integrated back box, IP66, NEMA4X, IK10, PoE/12VDC, white color This product is subject to the thermal agreement. ","11724.5","CAD","Audio and power accessories","active"
"TNO-C3062T","Wisenet T network thermal compact bullet camera, 384 x 288 (uncooled); ＜20mK (NETD), Max 768 x 576 @ 8fps resolution support, 35mm fixed focal lens (HFoV: 10.7o), Triple codec H.265/H.264/MJPEG with WiseStream III (based on AI engine) support, Analytics events based on AI engine: Object detection (Person/Vehicle), Virtual line (Crossing/ Direction), Virtual area (Loitering/Intrusion/Enter/Exit), Analytics events: Motion detection, Tampering, Audio detection, Sound classification, Shock detection, Virtual area(Appear/Disappear), PTZ handover, built-in SD card slot (1x1TB), integrated back box, IP66, NEMA4X, IK10, PoE/12VDC, white color","8187.5","CAD","Audio and power accessories","active"
"TNO-C3060T","Wisenet T network thermal compact bullet camera, 384 x 288 (uncooled); ＜20mK (NETD), Max 768 x 576 @ 30fps resolution support, 35mm fixed focal lens (HFoV: 10.7o), Triple codec H.265/H.264/MJPEG with Wisestream II and WiseStream III (based on AI engine) support, Analytics events based on AI engine: Object detection (Person/Vehicle), Virtual line (Crossing/ Direction), Virtual area (Loitering/Intrusion/Enter/Exit), Analytics events: Motion detection, Tampering, Audio detection, Sound classification, Shock detection, Virtual area(Appear/Disappear), PTZ handover, built-in SD card slot (1x1TB), integrated back box, IP66, NEMA4X, IK10, PoE/12VDC, white color This product is subject to the thermal agreement. ","8187.5","CAD","Audio and power accessories","active"
"TNO-C3052T","Wisenet T network thermal compact bullet camera, 384 x 288 (uncooled); ＜20mK (NETD), Max 768 x 576 @ 8fps resolution support, 19mm fixed focal lens (HFoV: 19.3o), Triple codec H.265/H.264/MJPEG with WiseStream III (based on AI engine) support, Analytics events based on AI engine: Object detection (Person/Vehicle), Virtual line (Crossing/ Direction), Virtual area (Loitering/Intrusion/Enter/Exit), Analytics events: Motion detection, Tampering, Audio detection, Sound classification, Shock detection, Virtual area(Appear/Disappear), PTZ handover, built-in SD card slot (1x1TB), integrated back box, IP66, NEMA4X, IK10, PoE/12VDC, white color","5895.0","CAD","Audio and power accessories","active"
"TNO-C3050T","Wisenet T network thermal compact bullet camera, 384 x 288 (uncooled); ＜20mK (NETD), Max 768 x 576 @ 30fps resolution support, 19mm fixed focal lens (HFoV: 19.3o), Triple codec H.265/H.264/MJPEG with WiseStream III (based on AI engine) support, Analytics events based on AI engine: Object detection (Person/Vehicle), Virtual line (Crossing/ Direction), Virtual area (Loitering/Intrusion/Enter/Exit), Analytics events: Motion detection, Tampering, Audio detection, Sound classification, Shock detection, Virtual area(Appear/Disappear), PTZ handover, built-in SD card slot (1x1TB), integrated back box, IP66, NEMA4X, IK10, PoE/12VDC, white color This product is subject to the thermal agreement. ","5895.0","CAD","Audio and power accessories","active"
"TNO-C3042T","Wisenet T network thermal compact bullet camera, 384 x 288 (uncooled); ＜20mK (NETD), Max 768 x 576 @ 8fps resolution support, 13mm fixed focal lens (HFoV: 28.5o), Triple codec H.265/H.264/MJPEG with WiseStream III (based on AI engine) support, Analytics events based on AI engine: Object detection (Person/Vehicle), Virtual line (Crossing/ Direction), Virtual area (Loitering/Intrusion/Enter/Exit), Analytics events: Motion detection, Tampering, Audio detection, Sound classification, Shock detection, Virtual area(Appear/Disappear), PTZ handover, built-in SD card slot (1x1TB), integrated back box, IP66, NEMA4X, IK10, PoE/12VDC, white color","5764.0","CAD","Audio and power accessories","active"
"TNO-C3040T","Wisenet T network thermal compact bullet camera, 384 x 288 (uncooled); ＜20mK (NETD), Max 768 x 576 @ 30fps resolution support, 13mm fixed focal lens (HFoV: 28.5o), Triple codec H.265/H.264/MJPEG with WiseStream III (based on AI engine) support, Analytics events based on AI engine: Object detection (Person/Vehicle), Virtual line (Crossing/ Direction), Virtual area (Loitering/Intrusion/Enter/Exit), Analytics events: Motion detection, Tampering, Audio detection, Sound classification, Shock detection, Virtual area (Appear/Disappear), PTZ handover, built-in SD card slot (1x1TB), integrated back box, IP66, NEMA4X, IK10, PoE/12VDC, white color This product is subject to the thermal agreement. ","5764.0","CAD","Audio and power accessories","active"
"TNO-C3032TRA","Wisenet T network AI Radiometric compact bullet camera (uncooled), 384 x 288 @ 8fps, ＜30mK (NETD), 9.7mm fixed focal lens (HFoV: 37.9°), Triple  triple codec H.265/H.264/MJPEG with Wisestream II and WiseStream III (based on AI engine) support,  Analytics events based on AI engine: Object detection (Person/Vehicle), Virtual line (Crossing/ Direction), Virtual area (Loitering/Intrusion/Enter/Exit), Analytics events: Motion detection, Tampering, Audio detection, Sound classification, Shock detection, Virtual area(Appear/Disappear), PTZ handover, Radiometrics: whole FoV area or up 10 user programmable polygonal ROIs, temperature detection range from -40°C to 550°C (-40°F to 1022°F), built-in SD card slot (1x1TB), integrated back box, IP66, NEMA4X, IK10, PoE/12VDC, white color","7401.5","CAD","Audio and power accessories","active"
"TNU-X6320A2WT1-Z","Explosion proof positioning camera XP40B using the XNZ-6320A 110VAC Only, with Wiper, cLCus C1/D1 certification, -40°C ~ +60°C (-40°F ~ +140°F), IP66/IP67, ""-Z"" for cLCus C1/D1","43380.65","CAD","Cameras","active"
"TNU-X6320A2WT2-C","Explosion proof positioning camera XP40B using the XNZ-6320A 110VAC Only, with Wiper, cLCus C1/D1 certification, -60°C ~ +40°C (-67°F ~ +104°F), IP66/IP67, ""-C"" for cLC CSA","43380.65","CAD","Cameras","active"
"TNU-X6320A2F2WT1-Z","Explosion proof positioning camera XP40B using the XNZ-6320A 110VAC Only, Single Mode Fiber with Wiper, cLCus C1/D1 certification, -40°C ~ +60°C (-40°F ~ +140°F), IP66/IP67, ""-Z"" for cLCus C1/D1","45280.15","CAD","Cameras","active"
"TNU-X6320A2F2WT2-C","Explosion proof positioning camera XP40B using the XNZ-6320A, 110VAC Only, Single Mode Fiber with Wiper, cLCus C1/D1 certification, -60°C ~ +40°C (-67°F ~ +104°F), IP66/IP67, ""-C"" for cLC CSA ","46288.85","CAD","Cameras","active"
"TNU-X6320A2F2WT1-M","Explosion proof positioning camera XP40B using the XNZ-6320A, 110VAC Only, Single Mode Fiber with Wiper, cLCus C1/D1 certification, -40°C ~ +60°C (-40°F ~ +140°F), IP66/IP67, ""-M"" for INMETRO","45280.15","CAD","Cameras","active"
"TNU-X6320A1WT1-Z","Explosion proof positioning camera XP40B using the XNZ-6320A, 24VAC Only, with Wiper, cLCus C1/D1 certification, -40°C ~ +60°C (-40°F ~ +140°F), IP66/IP67, ""-Z"" for cLCus C1/D1","43380.65","CAD","Cameras","active"
"TNU-X6320A1WT2-C","Explosion proof positioning camera XP40B using the XNZ-6320A,  24VAC Only, with Wiper, cLCus C1/D1 certification, -60°C ~ +40°C (-67°F ~ +104°F), IP66/IP67, ""-C"" for cLC CSA ","44389.35","CAD","Cameras","active"
"TNU-X6320A1WT1-M","Explosion proof positioning camera XP40B using the XNZ-6320A, 24VAC Only, with Wiper, cLCus C1/D1 certification, -40°C ~ +60°C (-40°F ~ +140°F), IP66/IP67, ""-M"" for INMETRO","43380.65","CAD","Cameras","active"
"TNU-X6320A1F2WT1-Z","Explosion proof positioning camera XP40B using the XNZ-6320A, 24VAC Only, Single Mode Fiber with Wiper, cLCus C1/D1 certification, -40°C ~ +60°C (-40°F ~ +140°F), IP66/IP67, ""-Z"" for cLCus C1/D1","45280.15","CAD","Cameras","active"
"TNU-X6320A1F2WT2-C","Explosion proof positioning camera XP-40B using the XNZ-6320A, 24VAC Only, Single Mode Fiber with Wiper, cLCus C1/D1 certification, -60°C ~ +40°C (-67°F ~ +104°F), IP66/IP67, ""-C"" for cLC CSA","46288.85","CAD","Cameras","active"
"TNU-X6320A1F2WT1-M","Explosion proof positioning camera XP40B using the XNZ-6320A,  24VAC Only, Single Mode Fiber with Wiper, cLCus C1/D1 certification, -40°C ~ +60°C (-40°F ~ +140°F), IP66/IP67, ""-M"" for INMETRO ","45280.15","CAD","Cameras","active"
"TNO-X6320EPT0-Z","Explosion proof housing using the XNZ-6320A PoE Only (No Wiper), cLCus C1/D1 certification, -10°C ~ +55°C (+14°F ~ +131°F), IP66/IP67,IP68, ""-Z"" for cLCus C1/D1","10997.45","CAD","Cameras","active"
"TNO-X6320EPT0-C","Explosion proof housing using the XNZ-6320A PoE Only (No Wiper), cLCus C1/D1 certification, -10°C ~ +55°C (+14°F ~ +131°F), IP66/IP67,IP68, ""-C"" for cLC CSA","10997.45","CAD","Cameras","active"
"TNO-X6320EPT0-M","Explosion proof housing using the XNZ-6320A PoE Only (No Wiper), cLCus C1/D1 certification, -10°C ~ +55°C (+14°F ~ +131°F), IP66/IP67,IP68, ""-M"" for INMETRO","10997.45","CAD","Cameras","active"
"TNO-X6320E1WT1-Z","Explosion proof housing using the XNZ-6320A 24VAC Only  with wiper, cLCus C1/D1 certification, -40°C ~ +60°C (-40°F ~ +140°F), IP66/IP67,IP68, ""-Z"" for cLCus C1/D1","14953.65","CAD","Cameras","active"
"TNO-X6320E1WT1-C","Explosion proof housing using the XNZ-6320 24VAC Only  with wiper, cLCus C1/D1 certification, -40°C ~ +60°C (-40°F ~ +140°F), IP66/IP67,IP68, ""-C"" for cLC CSA","14953.65","CAD","Cameras","active"
"TNO-X6320E1WT2-C","Explosion proof housing using the XNZ-6320A 24VAC Only  with wiper, cLCus C1/D1 certification, -60°C ~ +40°C (-67°F ~ +104°F), IP66/IP67,IP68, ""-C"" for cLC CSA","15962.35","CAD","Cameras","active"
"TNO-X6320E1WT1-M","Explosion proof housing using the XNZ-6320A 24VAC Only  with wiper, cLCus C1/D1 certification, -40°C ~ +60°C (-40°F ~ +140°F), IP66/IP67,IP68, ""-M"" for INMETRO","14953.65","CAD","Cameras","active"
"TNO-X6320E2F2T1-Z","Explosion proof housing using the XNZ-6320A 110VAC Only, Single Mode Fiber (No Wiper), cLCus C1/D1 certification, -40°C ~ +60°C (-40°F ~ +140°F), IP66/IP67,IP68, ""-Z"" for cLCus C1/D1","20128.15","CAD","Cameras","active"
"TNO-X6320E2F2T1-C","Explosion proof housing using the XNZ-6320A 110VAC Only, Single Mode Fiber (No Wiper), cLCus C1/D1 certification, -40°C ~ +60°C (-40°F ~ +140°F), IP66/IP67,IP68, ""-C"" for cLC CSA","20128.15","CAD","Cameras","active"
"TNO-X6320E2F2T2-C","Explosion proof housing using the XNZ-6320A 110VAC Only, Single Mode Fiber (No Wiper), cLCus C1/D1 certification, -60°C ~ +40°C (-67°F ~ +104°F), IP66/IP67,IP68, ""-C"" for cLC CSA","22027.65","CAD","Cameras","active"
"TNO-X6320E2F2T1-M","Explosion proof housing using the XNZ-6320A 110VAC Only, Single Mode Fiber (No Wiper), cLCus C1/D1 certification, -40°C ~ +60°C (-40°F ~ +140°F), IP66/IP67,IP68, ""-M"" for INMETRO","20128.15","CAD","Cameras","active"
"TNO-X6320E2F2WT1-Z","Explosion proof housing using the XNZ-6320A 110VAC Only, Single Mode Fiber with Wiper, cLCus C1/D1 certification, -40°C ~ +60°C (-40°F ~ +140°F), IP66/IP67,IP68, ""-Z"" for cLCus C1/D1","22027.65","CAD","Cameras","active"
"TNO-X6320E2F2WT1-C","Explosion proof housing using the XNZ-6320A 110VAC Only, Single Mode Fiber with Wiper, cLCus C1/D1 certification, -40°C ~ +60°C (-40°F ~ +140°F), IP66/IP67,IP68, ""-C"" for cLC CSA","22027.65","CAD","Cameras","active"
"TNO-X6320E2F2WT2-C","Explosion proof housing using the XNZ-6320A 110VAC Only, Single Mode Fiber with Wiper, cLCus C1/D1 certification, -60°C ~ +40°C (-67°F ~ +104°F), IP66/IP67,IP68, ""-C"" for cLC CSA ","23036.35","CAD","Cameras","active"
"TNO-X6320E2F2WT1-M","Explosion proof housing using the XNZ-6320A 110VAC Only, Single Mode Fiber with Wiper, cLCus C1/D1 certification, -40°C ~ +60°C (-40°F ~ +140°F), IP66/IP67,IP68, ""-M"" for INMETRO","22027.65","CAD","Cameras","active"
"HT-E-XWP10UL","Stainless steel Washer tank for cameras with Wiper model (TNP-6320E2W, TNP-6320E2WF, TNP-6320E1W, TNP-6320E1WF, TNU positioning camera, TNO-6070E2WF, TNO-6320E2WF, TNO-6070E1W)","10119.75","CAD","Cameras","active"
"HT-E-BFP00SW","Stainless steel Top mounting bracket","1015.25","CAD","Recorder accessories","active"
"HT-E-BFW320SW","Stainless steel wall mount for (TNO-6070EP, TNO-6320EP, TNO-6070EW2, TNO-6320EW2)","2161.5","CAD","Recorder accessories","active"
"HT-E-BPW6800","Stainless steel Wall mount for (TNP-xxx, TNU-xxxx)","1932.25","CAD","Recorder accessories","active"
"HT-E-BFW50SW","Stainless steel wall mount for (TNO-6070EF2, TNO-6320EF2, TNO-6070EWF2, TNO-6320EWF2)","2390.75","CAD","Recorder accessories","active"
"HT-E-BFP00CL","Stainless steel pole mount adaptor","2030.5","CAD","Recorder accessories","active"
"TNO-X6072EPT1-Z","Explosion proof camera using the XNB-6000 (2MP @ 60fps) + 2.8~9mm Lens PoE Only (No Wiper), -40°C ~ +55°C (-40°F ~ +131°F), Type 4x, IP66, FM (Factory Mutual), C1/D1 certification","10912.3","CAD","Cameras","active"
"TNO-X8072EPT1-Z","Explosion proof camera using the XNB-8000 (5MP @ 30fps) + 4.1~9mm Lens PoE Only (No Wiper),  -40°C ~ +55°C (-40°F ~ +131°F), Type 4x, IP66, FM (Factory Mutual), C1/D1 certification","11292.2","CAD","Cameras","active"
"TNM-XNF9013EPT3-Z","Explosion proof Fisheye camera using the XNF-9013RV (12 MP, AI 360° camera, Stereographic fish eye lens PoE+  (No Wiper),  -40°C ~ +60°C (-40°F ~ +140°F), type 4x, IP66, FM (Factory Mutual), C1/D1, CA/CE, and Inmetro certifications","18143.5","CAD","Cameras","active"
"TNP-Q6232EPT3-Z","Explosion proof PTZ using the QNP-6230 (2MP @ 30fps) +with 23x optical zoom PoE+ (No Wiper),  -20°C ~ +55°C (-4°F ~ +131°F), type 4x, IP66, FM (Factory Mutual)”, C1/D1 certification","29750.1","CAD","Cameras","active"
"TNP-XC6403EPT3-Z","AI 2MP Explosion proof PTZ using the XNP-C6403 (2MP @ 60fps) 4.25-170mm lens, 40x optical zoom, PoE+ (No Wiper),  -20°C ~ +55°C (-4°F ~ +131°F), Type 4x, IP66, FM (Factory Mutual), C1/D1 certification","33025.1","CAD","Cameras","active"
"TNP-X6322EPT3-Z","Explosion proof PTZ using the XNP-6320 (2MP @ 60fps) +with 32x optical zoom PoE+ (No Wiper),  -20°C ~ +55°C (-4°F ~ +131°F), type 4x, IP66, FM (Factory Mutual)”, C1/D1 certification","33025.1","CAD","Cameras","active"
"TNM-P9022EPT3-Z","WN7 Panoramic Multi-sensor explosion proof camera, 180º view, (2MP X 4 sensors) 7.3MP @ 30fps,  panoramic 209º view, 8.3MP, triple codec H.265/H.264/MJPEG with WiseStream II technology, extreme WDR 120dB, defocus detection, built in analytics, Heatmap, Micro USB for easy installation, 2 x Micro SD cards PoE+, IP66/IK10/NEMA4X; FM (Factory Mutual), cLCus C1/D1 certification","18995.0","CAD","Audio and power accessories","active"
"HT-F1XX-WM","Wall mount for the (TNO-X6072EPT1-Z, TNO-X8072EPT1-Z, and TNO-X6322EPT1-Z)","1899.5","CAD","Recorder accessories","active"
"TNO-P9073EPT1-Z","AI 4K Explosion proof camera using the PNB-A9001 (8MP @ 30fps) 3.9-10mm lens, PoE+ (No Wiper), -50°C ~ +55°C (-58°F ~ +131°F), Type 4x, IP66, FM (Factory Mutual), C1/D1 certification","13067.25","CAD","Cameras","active"
"TNO-X6323EPT1-Z","2MP Explosion proof zoom camera using the XNZ-L6320 (2MP @ 60fps) 4.44-142.6mm lens, 32x optical zoom, PoE+ (No Wiper), -50°C ~ +55°C (-58°F ~ +131°F), Type 4x, IP66, FM (Factory Mutual), C1/D1 certification","12340.2","CAD","Cameras","active"
"TNO-X6073EPT1-Z","2MP Explosion proof camera using the XNB-6000 (2MP @ 60fps) 2.8-9mm lens, PoE+ Only (No Wiper), -50°C ~ +55°C (-58°F ~ +131°F), Type 4x, IP66, FM (Factory Mutual), C1/D1 certification","11947.2","CAD","Cameras","active"
"F2XX-PM ","Pole mount compatible with TNO-X6073EPT1-Z, TNO-X6323EPT1-Z, TNO-P9073EPT1-Z","1323.1","CAD","Recorder accessories","active"
"F2XX-WM","Wall mount compatible with TNO-X6073EPT1-Z, TNO-X6323EPT1-Z, TNO-P9073EPT1-Z","1323.1","CAD","Recorder accessories","active"
"HT-SD-FP","Protection kit for the (TNP-X6322EPT3-Z, TNP-Q6232EPT3-Z)","2174.6","CAD","Access","active"
"HT-SD-WM","Wall mount for the (TNP-X6322EPT3-Z, TNP-Q6232EPT3-Z, TNP-XC6403EPT3-Z)","3654.9","CAD","Recorder accessories","active"
"HT-SF-FP","Protection kit for the (TNO-X6072EPT1-Z, TNO-X8072EPT1-Z and TNO-X6322EPT1-Z)","524.0","CAD","Access","active"
"HT-SPMA-SD","Pole mount for the (TNO-X6072EPT1-Z, TNO-X8072EPT1-Z and TNO-X6322EPT1-Z, TNP-X6322EPT3-Z, TNP-Q6232EPT3-Z, TNP-XC6403EPT3-Z) requires a wall mount","2960.6","CAD","Recorder accessories","active"
"HT-SD-CM","Corner mount for the (TNO-X6072EPT1-Z, TNO-X8072EPT1-Z and TNO-X6322EPT1-Z, TNP-X6322EPT3-Z, TNP-Q6232EPT3-Z, TNP-XC6403EPT3-Z) requires a wall mount","1644.05","CAD","Recorder accessories","active"
"HNW-SS-800","Line level ceiling mounted microphone. Omni-Directional pickup with 12’ radius/24’ diameter. 12Vdc power required @20mA.  30Hz-15kHz. 2.2kΩ Output Impedance, 60dB SNR, 3 1/8”D x 1’H","432.3","CAD","Audio and power accessories","active"
"HNW-SS-806","Line level wall mounted microphone. Anti-ligature and vandal-resistant design. 12 gauge stainless steel. Omni-Directional pickup with 12’ radius/24’ diameter. 12Vdc power required @20mA. 30Hz-15kHz. 2.2kΩ Output Impedance, 60dB SNR. 4.75”H x 2.5”W","458.5","CAD","Audio and power accessories","active"
"SPA-M2000","Desktop SIP Microphone for use with IPAS, Monitor Amp 1W/8Ω, DC24V, PoE, SUNAPI, SIP","2209.97","CAD","Audio and power accessories","active"
"SPA-B1000","IP Audio Bridge, Background Music, Analog Audio Input (L, R : +6dBV Max line IN level), 1GB Internal Storage, Single Micro SD slot (Up to 32GB), Built in Relay, SUNAPI, PoE","787.31","CAD","Audio and power accessories","active"
"SPA-W100W","IP Audio Speaker, Two-way audio, Scheduler, Background Music, Text To Speech, 10W Amp, 101dB Output, Freq. Range 120Hz-20kHz, 1GB Internal Storage, Single Micro SD slot (Up to 32GB), Built in Relay, SUNAPI, Onvif, SIP, P2P-SIP, IP54, PoE, PoE+, White Color","1266.77","CAD","Audio and power accessories","active"
"SPA-W100B","IP Audio Speaker, Two-way audio, Scheduler, Background Music, Text To Speech, 10W Amp, 101dB Output, Freq. Range 120Hz-20kHz, 1GB Internal Storage, Single Micro SD slot (Up to 32GB), Built in Relay, SUNAPI, Onvif, SIP, P2P-SIP, IP54, PoE, PoE+, Black Color","1266.77","CAD","Audio and power accessories","active"
"SPA-S1000","IP Audio Server, Scheduler, Background Music, Text To Speech, SUNAPI, Onvif","6436.03","CAD","Audio and power accessories","active"
"SPA-P100W","IP Audio Speaker, Two-way audio, Scheduler, Background Music, Text To Speech, 10W Amp, 101dB Output, Freq. Range 130Hz-20kHz, 1GB Internal Storage, Single Micro SD slot (Up to 32GB), Built in Relay, SUNAPI, Onvif, SIP, P2P-SIP, PoE, PoE+, White Color","1168.52","CAD","Audio and power accessories","active"
"SPA-P100B","IP Audio Speaker, Two-way audio, Scheduler, Background Music, Text To Speech, 10W Amp, 101dB Output, Freq. Range 130Hz-20kHz, 1GB Internal Storage, Single Micro SD slot (Up to 32GB), Built in Relay, SUNAPI, Onvif, SIP, P2P-SIP, PoE, PoE+, Black Color","1168.52","CAD","Audio and power accessories","active"
"SPA-H100W","IP Audio Speaker, Two-way audio, Scheduler, Background Music, Text To Speech, 10W Amp, 124dB Output, Freq. Range 650Hz-5.3kHz, 1GB Internal Storage, Single Micro SD slot (Up to 32GB), Built in Relay, SUNAPI, Onvif, SIP, P2P-SIP, IP66, PoE, PoE+, White Color","1403.01","CAD","Audio and power accessories","active"
"SPA-H100B","IP Audio Speaker, Two-way audio, Scheduler, Background Music, Text To Speech, 10W Amp, 124dB Output, Freq. Range 650Hz-5.3kHz, 1GB Internal Storage, Single Micro SD slot (Up to 32GB), Built in Relay, SUNAPI, Onvif, SIP, P2P-SIP, IP66, PoE, PoE+, Black Color","1403.01","CAD","Audio and power accessories","active"
"SPA-D1000","IP Audio Module, Scheduler, Background Music, Text To Speech, 10W / 8 Ohm Analog Speaker Output, 1GB Internal Storage, Single Micro SD slot (Up to 32GB), Built in Relay, SUNAPI, Onvif, SIP, P2P-SIP, PoE, PoE+","837.09","CAD","Audio and power accessories","active"
"SPA-C110W","IP Audio Speaker, Two-way audio, Scheduler, Background Music, Text To Speech, 10W, 100dB Output, Freq. Range 120Hz-20kHz, 1GB Internal Storage, Single Micro SD slot (Up to 32GB), Built in Relay, SUNAPI, Onvif, SIP, P2P-SIP, PoE, PoE+, White Color","973.33","CAD","Audio and power accessories","active"
"SPA-C110B","IP Audio Speaker, Two-way audio, Scheduler, Background Music, Text To Speech, 10W, 100dB Output, Freq. Range 120Hz-20kHz, 1GB Internal Storage, Single Micro SD slot (Up to 32GB), Built in Relay, SUNAPI, Onvif, SIP, P2P-SIP, PoE, PoE+, Black Color","973.33","CAD","Audio and power accessories","active"
"SPS-A100M","Audio Beacon - Speaker with Max. Sound Pressure Level 90dB at 1m(3.28ft) and Frequency Range of 144Hz~20kHz, 5 Digital Microphones with Two-Way/One-Way selectable, Full Duplex communication with Echo Cancellation and Noise Reduction. Sound Classification (Glass Break, Scream, Extreme Decibel Event, Event Metadata (Sound Direction, Confidence, Audio Clip, dB level), LED Ring(Green, Blue, Red, Pink, Sky blue, Purple), Initial and Post-duration action setting, USB-C for installation app, 2 configurable digital I/O, PoE+, ONVIF Profile S, SUNAPI(HTTP API), Wisenet open platform, AI Sound Classification pack included, Secure element (FIPS 140-3 level3), Indoor Rated, Operating Temperature / Humidity -20°C ~ +55°C (-4°F ~ +122°F) / Less than 90% RH, Storage Temperature / Humidity -50°C ~ +60°C(-58°F ~ +140°F) / Less than 90% RH","1177.69","CAD","Audio and power accessories","active"
"TCIS-2","Zenitel Turbine Intercom, Audio only, Full Duplex, Group call, AVC, AEC, HD voice, Outdoor IP66, IK10, 95dB at 1 m (Open Duplex),105 dB at 1m(Half Duplex) PoE, 6 x I/O,12mA LED driver output, SIP, UL , Cisco Certified, Avaya Certified,NEC Certified,  -40° to 70° C (-40° to 158 ° F),UV Resistance,  10 W Amp, Audio out 600 Ohm","2806.02","CAD","Audio and power accessories","active"
"TCIS-3","Zenitel Turbine Intercom, Audio only, Full Duplex, Group call, AVC, AEC, HD voice, Outdoor IP66, IK08, 95dB at 1 m (Open Duplex),105 dB at 1m(Half Duplex) PoE, 6 x I/O,12mA LED driver output, SIP, UL , Cisco Certified, Avaya Certified,NEC Certified,  -40° to 70° C (-40° to 158 ° F),UV Resistance,  10 W Amp Audio out 600 Ohm","2466.73","CAD","Audio and power accessories","active"
"TMIS-1","Zenitel Turbine Mini Intercom, Audio only, Full Duplex, Group call, AVC, AEC, HD voice, Indoor IP42, 90dB at 1 m (Open Duplex), PoE, 6 x I/O,12mA LED driver output, SIP, UL , Cisco Certified, Avaya Certified, -25° to 70° C (-13° to 158 ° F), 10 W Amp","1907.36","CAD","Audio and power accessories","active"
"TID-600R","Video Intercom Station, 2MP@60fps, 1.6mm fixed lens (180° x 114°), triple codec H.265/H.264/MJPEG with Wisestream II, 150dB WDR, IR LEDs range 16’, Touchless call, Tow-way (Full duplex) audio, 85dB@0.5m, Echo cancellation and noise reduction, Built in tamper switch, Built in Relay, SIP 2.0, P2P-SIP, SIPS, IP65, IK08, NEMA4X, PoE, 12VDC","1484.23","CAD","Switches","active"
"WAVE-PRO-01","WAVE Professional License. Enables one (1) IP stream recording, includes life-time SW upgrade. No annual & maintenance cost required.","216.15","CAD","Software and licensing","active"
"WAVE-PRO-04","WAVE Professional License. Enables four (4) IP stream recording, includes life-time SW upgrade. No annual & maintenance cost required.","864.6","CAD","Software and licensing","active"
"WAVE-PRO-05","WAVE Professional License. Enables five (5) IP stream recording, includes life-time SW upgrade. No annual & maintenance cost required.","1080.75","CAD","Software and licensing","active"
"WAVE-PRO-08","WAVE Professional License. Enables eight (8) IP stream recording, includes life-time SW upgrade. No annual & maintenance cost required.","1729.2","CAD","Software and licensing","active"
"WAVE-PRO-16","WAVE Professional License. Enables sixteen (16) IP stream recording, includes life-time SW upgrade. No annual & maintenance cost required.","3458.4","CAD","Software and licensing","active"
"WAVE-PRO-24","WAVE Professional License. Enables twenty-four (24) IP stream recording, includes life-time SW upgrade. No annual & maintenance cost required.","5187.6","CAD","Software and licensing","active"
"WAVE-PRO-48","WAVE Professional License. Enables forty-eight (48) IP stream recording, includes life-time SW upgrade. No annual & maintenance cost required.","10375.2","CAD","Software and licensing","active"
"WAVE-VW-02","WAVE Video Wall License. Enables up to two (2) monitors, includes life-time SW upgrade. No annual & maintenance cost required.","1834.0","CAD","Software and licensing","active"
"WAVE-ENC-04","WAVE Encoder License. Enables up to four (4) recording channels, includes life-time SW upgrade. No annual & maintenance cost required.","216.15","CAD","Software and licensing","active"
"WAVE-IO-01","WAVE I/O License. Enables one (1) I/O module, includes life-time SW upgrade. No annual & maintenance cost required.","216.15","CAD","Software and licensing","active"
"WAVE-EMB-04","WAVE Embedded Recorder License. Enables four (4) channel Hanwha Embedded Recorder playback, includes life-time SW upgrade. No annual & maintenance cost required.","144.1","CAD","Software and licensing","active"
"WAVE-EMB-08","WAVE Embedded Recorder License. Enables eight (8) channel Hanwha Embedded Recorder playback, includes life-time SW upgrade. No annual & maintenance cost required.","288.2","CAD","Software and licensing","active"
"WAVE-EMB-16","WAVE Embedded Recorder License. Enables sixteen (16) channel Hanwha Embedded Recorder playback, includes life-time SW upgrade. No annual & maintenance cost required.","576.4","CAD","Software and licensing","active"
"WAVE-EMB-32","WAVE Embedded Recorder License. Enables thirty-two (32) channel Hanwha Embedded Recorder playback, includes life-time SW upgrade. No annual & maintenance cost required.","1152.8","CAD","Software and licensing","active"
"WAVE-EMB-64","WAVE Embedded Recorder License. Enables sixty-four (64) channel Hanwha Embedded Recorder playback, includes life-time SW upgrade. No annual & maintenance cost required.","2305.6","CAD","Software and licensing","active"
"WAVE-AI-01","WAVE AI Plugin License. Enables one (1) AI stream processing, includes life-time SW upgrade. No annual & maintenance cost required. Does not include WAVE camera license. (Only usable on WRR-P-S202(X), WRR-P-S204(X), WRR-P-S206S,WRR-P-S206S1, WRR-P-A200W, WRR-P-A201W, PNM-C32084RQZ-8XE4T-W)","216.15","CAD","Software and licensing","active"
"WAVE-AI-04","WAVE AI Plugin License. Enables one (4) AI stream processing, includes life-time SW upgrade. No annual & maintenance cost required. Does not include WAVE camera licenses. (Only usable on WRR-P-S202(X), WRR-P-S204(X), WRR-P-S206S,WRR-P-S206S1, WRR-P-A200W, WRR-P-A201W, PNM-C32084RQZ-8XE4T-W)","864.6","CAD","Software and licensing","active"
"WAVE-AI-08","WAVE AI Plugin License. Enables one (8) AI stream processing, includes life-time SW upgrade. No annual & maintenance cost required. Does not include WAVE camera licenses. (Only usable on WRR-P-S202(X), WRR-P-S204(X), WRR-P-S206S,WRR-P-S206S1, WRR-P-A200W, WRR-P-A201W, PNM-C32084RQZ-8XE4T-W)","1729.2","CAD","Software and licensing","active"
"WAVE-AI-16","WAVE AI Plugin License. Enables one (16) AI stream processing, includes life-time SW upgrade. No annual & maintenance cost required. Does not include WAVE camera licenses. (Only usable on WRR-P-S202(X), WRR-P-S204(X), WRR-P-S206S,WRR-P-S206S1, WRR-P-A200W, WRR-P-A201W, PNM-C32084RQZ-8XE4T-W)","3458.4","CAD","Software and licensing","active"
"WWT-P-7205MW","Micro form factor Wisenet WAVE Client Workstation for 2 monitor output, Wisenet WAVE pre-installed, Intel Core Ultra 7, 16GB RAM, 512GB SSD OS Drive, Windows 11 IoT Enterprise LTSC 2024, 2.5 GbE NIC, (2) HDMI, (1) DisplayPort outputs, Keyboard and Mouse Included ","5122.1","CAD","Cameras","active"
"WWT-P-7205ML","Micro form factor Wisenet WAVE Client Workstation for 2 monitor output, Wisenet WAVE pre-installed, Intel Core Ultra 7, 16GB RAM, 512GB SSD OS Drive, Ubuntu 22.04 LTS, 2.5 GbE NIC, (2) HDMI, (1) DisplayPort outputs, Keyboard and Mouse Included ","5122.1","CAD","Cameras","active"
"WWT-P-3204W1","Small form factor Wisenet WAVE  Client Workstation for 2 monitor output, Wisenet WAVE pre-installed, (14th Gen) Intel Core i3, 8GB RAM, 256 SSD OS Drive, Windows 11 IoT Enterprise LTSC 2024, (2) Display Port, (1) HDMI, Nvidia A400 GPU w/ (4) mDP ouput, (1) 1GbE NIC, (1) 2.5GbE NIC, (2) mDP to HDMI adapters included, Keyboard and mouse included","4781.5","CAD","Cameras","active"
"WWT-P-3204L1","Small form factor Wisenet WAVE  Client Workstation for 2 monitor output, Wisenet WAVE pre-installed, (14th Gen) Intel Core i3, 8GB RAM, 256 SSD OS Drive, Ubuntu 22.04 LTS, (2) Display Port, (1) HDMI, Nvidia A400 GPU w/ (4) mDP ouput, (1) 1GbE NIC, (1) 2.5GbE NIC, (2) mDP to HDMI adapters included, Keyboard and mouse included","4781.5","CAD","Cameras","active"
"WWT-P-5405W","Small form factor Wisenet WAVE  Client Workstation for 4 monitor output, Wisenet WAVE pre-installed, Intel Core Ultra 5, 16GB RAM, 512 SSD OS Drive, Windows 11 IoT Enterprise LTSC 2024, (1) 1GbE NIC, (1) 2.5GbE NIC, (1) HDMI, (3) DisplayPort outputs, Nvidia A400 GPU w/ (4) mDP output, (4) mDP to HDMI adapters included, Keyboard and mouse included","5737.8","CAD","Cameras","active"
"WWT-P-5405L","Small form factor Wisenet WAVE  Client Workstation for 4 monitor output, Wisenet WAVE pre-installed, Intel Core Ultra 5, 16GB RAM, 512 SSD OS Drive, Ubuntu 22.04 LTS, (1) 1GbE NIC, (1) 2.5GbE NIC GbE NIC, (1) HDMI, (3) DisplayPort outputs, Nvidia A400 GPU w/ (4) mDP output, (4) mDP to HDMI adapters included, Keyboard and mouse included","5737.8","CAD","Cameras","active"
"WRT-P-3104MW1-1TB","Micro form factor Wisenet WAVE Network Video Recorder with 4 Professional licenses, Wisenet WAVE pre-installed, 1TB raw, 45 Mbps recording B/W, (1) M.2 SSD, (14th Gen) Intel Core i3, 8GB RAM, 256 GB SSD OS Drive, Windows 11 IoT Enterprise LTSC 2024, (2) HDMI, (1) DisplayPort output, 2.5 GbE NIC, Keyboard and mouse included","4283.7","CAD","Software and licensing","active"
"WRT-P-3104MW1-2TB","Micro form factor Wisenet WAVE Network Video Recorder with 4 Professional licenses, Wisenet WAVE pre-installed, 2TB raw, 45 Mbps recording B/W, (1) M.2 SSD, (14th Gen) Intel Core i3, 8GB RAM, 256 GB SSD OS Drive, Windows 11 IoT Enterprise LTSC 2024, (2) HDMI, (1) DisplayPort output, 2.5 GbE NIC, Keyboard and mouse included","4467.1","CAD","Software and licensing","active"
"WRT-P-3104W1-4TB","Mini-tower form factor Wisenet WAVE Network Video Recorder with 4 Professional licenses, Wisenet WAVE pre-installed, 4TB raw, 170Mbps recording B/W, (1) 3.5"" HDD, (14th Gen) Intel Core i3, 16GB RAM, 512 GB SSD OS Drive, Windows 11 IoT Enterprise LTSC 2024, (1) DisplayPort, (1) HDMI output, Dual GbE NICs, Single 360W power supply, Keyboard and mouse included","7637.3","CAD","Software and licensing","active"
"WRT-P-3104W1-8TB","Mini-tower form factor Wisenet WAVE Network Video Recorder with 4 Professional licenses, Wisenet WAVE pre-installed, 8TB raw, 170Mbps recording B/W, (1) 3.5"" HDD, (14th Gen) Intel Core i3, 16GB RAM, 512 GB SSD OS Drive, Windows 11 IoT Enterprise LTSC 2024, (1) DisplayPort, (1) HDMI output, Dual GbE NICs, Single 360W power supply, Keyboard and mouse included","8226.8","CAD","Software and licensing","active"
"WRT-P-3104W1-12TB","Mini-tower form factor Wisenet WAVE Network Video Recorder with 4 Professional licenses, Wisenet WAVE pre-installed, 12TB raw, 170Mbps recording B/W, (1) 3.5"" HDD, (14th Gen) Intel Core i3, 16GB RAM, 512 GB SSD OS Drive, Windows 11 IoT Enterprise LTSC 2024, (1) DisplayPort, (1) HDMI output, Dual GbE NICs, Single 360W power supply, Keyboard and mouse included","8829.4","CAD","Software and licensing","active"
"WRT-P-3104W1-16TB","Mini-tower form factor Wisenet WAVE Network Video Recorder with 4 Professional licenses, Wisenet WAVE pre-installed, 16TB raw, 170Mbps recording B/W, (1) 3.5"" HDD, (14th Gen) Intel Core i3, 16GB RAM, 512 GB SSD OS Drive, Windows 11 IoT Enterprise LTSC 2024, (1) DisplayPort, (1) HDMI output, Dual GbE NICs, Single 360W power supply, Keyboard and mouse included","9327.2","CAD","Software and licensing","active"
"WRT-P-5205W-4TB","Mini-tower form factor Wisenet WAVE Network Video Recorder with 4 Professional licenses, Wisenet WAVE pre-installed, 4TB raw, 470 Mbps recording B/W, (1) 3.5"" HDD, Intel Core Ultra 5, 16GB RAM, 512 GB SSD OS Drive, Windows 11 IoT Enterprise LTSC 2024, (2) DisplayPort output, (1) DisplayPort to HDMI adapter included, 1x1 GbE NIC, 1x5 GbE NIC, Single 1500W power supply, Keyboard and mouse included","8331.6","CAD","Software and licensing","active"
"WRT-P-5205W-8TB","Mini-tower form factor Wisenet WAVE Network Video Recorder with 4 Professional licenses, Wisenet WAVE pre-installed, 8TB raw, 470 Mbps recording B/W, (1) 3.5"" HDD, Intel Core Ultra 5, 16GB RAM, 512 GB SSD OS Drive, Windows 11 IoT Enterprise LTSC 2024, (2) DisplayPort output, (1) DisplayPort to HDMI adapter included, 1x1 GbE NIC, 1x5 GbE NIC, Single 1500W power supply, Keyboard and mouse included","8934.2","CAD","Software and licensing","active"
"WRT-P-5205W-12TB","Mini-tower form factor Wisenet WAVE Network Video Recorder with 4 Professional licenses, Wisenet WAVE pre-installed, 12TB raw, 470 Mbps recording B/W, (1) 3.5"" HDD, Intel Core Ultra 5, 16GB RAM, 512 GB SSD OS Drive, Windows 11 IoT Enterprise LTSC 2024, (2) DisplayPort output, (1) DisplayPort to HDMI adapter included, 1x1 GbE NIC, 1x5 GbE NIC, Single 1500W power supply, Keyboard and mouse included","9536.8","CAD","Software and licensing","active"
"WRT-P-5205W-16TB","Mini-tower form factor Wisenet WAVE Network Video Recorder with 4 Professional licenses, Wisenet WAVE pre-installed, 16TB raw, 470 Mbps recording B/W, (1) 3.5"" HDD, Intel Core Ultra 5, 16GB RAM, 512 GB SSD OS Drive, Windows 11 IoT Enterprise LTSC 2024, (2) DisplayPort output, (1) DisplayPort to HDMI adapter included, 1x1 GbE NIC, 1x5 GbE NIC, Single 1500W power supply, Keyboard and mouse included","10034.6","CAD","Software and licensing","active"
"WRT-P-5205W-24TB","Mini-tower form factor Wisenet WAVE Network Video Recorder with 4 Professional licenses, Wisenet WAVE pre-installed, 24TB raw, 470 Mbps recording B/W, (1) 3.5"" HDD, Intel Core Ultra 5, 16GB RAM, 512 GB SSD OS Drive, Windows 11 IoT Enterprise LTSC 2024, (2) DisplayPort output, (1) DisplayPort to HDMI adapter included, 1x1 GbE NIC, 1x5 GbE NIC, Single 1500W power supply, Keyboard and mouse included","10794.4","CAD","Software and licensing","active"
"WRT-P-5205W-36TB","Mini-tower form factor Wisenet WAVE Network Video Recorder with 4 Professional licenses, Wisenet WAVE pre-installed, 36TB raw, 470 Mbps recording B/W, (1) 3.5"" HDD, Intel Core Ultra 5, 16GB RAM, 512 GB SSD OS Drive, Windows 11 IoT Enterprise LTSC 2024, (2) DisplayPort output, (1) DisplayPort to HDMI adapter included, 1x1 GbE NIC, 1x5 GbE NIC, Single 1500W power supply, Keyboard and mouse included","12327.1","CAD","Software and licensing","active"
"WRT-P-3104L1-4TB","Mini-tower form factor Wisenet WAVE Network Video Recorder with 4 Professional licenses, Wisenet WAVE pre-installed, 4TB raw, 170Mbps recording B/W, (1) 3.5"" HDD, (14th Gen) Intel Core i3, 16GB RAM, 512 GB SSD OS Drive, Ubuntu 22.04 LTS, (1) DisplayPort, (1) HDMI output, Dual GbE NICs, Single 360W power supply, Keyboard and mouse included","7637.3","CAD","Software and licensing","active"
"WRT-P-3104L1-8TB","Mini-tower form factor Wisenet WAVE Network Video Recorder with 4 Professional licenses, Wisenet WAVE pre-installed, 8TB raw, 170Mbps recording B/W, (1) 3.5"" HDD, (14th Gen) Intel Core i3, 16GB RAM, 512 GB SSD OS Drive, Ubuntu 22.04 LTS, (1) DisplayPort, (1) HDMI output, Dual GbE NICs, Single 360W power supply, Keyboard and mouse included","8226.8","CAD","Software and licensing","active"
"WRT-P-3104L1-12TB","Mini-tower form factor Wisenet WAVE Network Video Recorder with 4 Professional licenses, Wisenet WAVE pre-installed, 12TB raw, 170Mbps recording B/W, (1) 3.5"" HDD, (14th Gen) Intel Core i3, 16GB RAM, 512 GB SSD OS Drive, Ubuntu 22.04 LTS, (1) DisplayPort, (1) HDMI output, Dual GbE NICs, Single 360W power supply, Keyboard and mouse included","8829.4","CAD","Software and licensing","active"
"WRT-P-3104L1-16TB","Mini-tower form factor Wisenet WAVE Network Video Recorder with 4 Professional licenses, Wisenet WAVE pre-installed, 16TB raw, 170Mbps recording B/W, (1) 3.5"" HDD, (14th Gen) Intel Core i3, 16GB RAM, 512 GB SSD OS Drive, Ubuntu 22.04 LTS, (1) DisplayPort, (1) HDMI output, Dual GbE NICs, Single 360W power supply, Keyboard and mouse included","9327.2","CAD","Software and licensing","active"
"WRT-P-5205L-4TB","Mini-tower form factor Wisenet WAVE Network Video Recorder with 4 Professional licenses, Wisenet WAVE pre-installed, 4TB raw, 470 Mbps recording B/W, (1) 3.5"" HDD, Intel Core Ultra 5, 16GB RAM, 512 GB SSD OS Drive, Ubuntu 22.04 LTS, (2) DisplayPort output, (1) DisplayPort to HDMI adapter included, 1x1 GbE NIC, 1x5 GbE NIC, Single 1500W power supply, Keyboard and mouse included","8331.6","CAD","Software and licensing","active"
"WRT-P-5205L-8TB","Mini-tower form factor Wisenet WAVE Network Video Recorder with 4 Professional licenses, Wisenet WAVE pre-installed, 8TB raw, 470 Mbps recording B/W, (1) 3.5"" HDD, Intel Core Ultra 5, 16GB RAM, 512 GB SSD OS Drive, Ubuntu 22.04 LTS, (2) DisplayPort output, (1) DisplayPort to HDMI adapter included, 1x1 GbE NIC, 1x5 GbE NIC, Single 1500W power supply, Keyboard and mouse included","8934.2","CAD","Software and licensing","active"
"WRT-P-5205L-12TB","Mini-tower form factor Wisenet WAVE Network Video Recorder with 4 Professional licenses, Wisenet WAVE pre-installed, 12TB raw, 470 Mbps recording B/W, (1) 3.5"" HDD, Intel Core Ultra 5, 16GB RAM, 512 GB SSD OS Drive, Ubuntu 22.04 LTS, (2) DisplayPort output, (1) DisplayPort to HDMI adapter included, 1x1 GbE NIC, 1x5 GbE NIC, Single 1500W power supply, Keyboard and mouse included","9536.8","CAD","Software and licensing","active"
"WRT-P-5205L-16TB","Mini-tower form factor Wisenet WAVE Network Video Recorder with 4 Professional licenses, Wisenet WAVE pre-installed, 16TB raw, 470 Mbps recording B/W, (1) 3.5"" HDD, Intel Core Ultra 5, 16GB RAM, 512 GB SSD OS Drive, Ubuntu 22.04 LTS, (2) DisplayPort output, (1) DisplayPort to HDMI adapter included, 1x1 GbE NIC, 1x5 GbE NIC, Single 1500W power supply, Keyboard and mouse included","10034.6","CAD","Software and licensing","active"
"WRT-P-5205L-24TB","Mini-tower form factor Wisenet WAVE Network Video Recorder with 4 Professional licenses, Wisenet WAVE pre-installed, 24TB raw, 470 Mbps recording B/W, (1) 3.5"" HDD, Intel Core Ultra 5, 16GB RAM, 512 GB SSD OS Drive, Ubuntu 22.04 LTS, (2) DisplayPort output, (1) DisplayPort to HDMI adapter included, 1x1 GbE NIC, 1x5 GbE NIC, Single 1500W power supply, Keyboard and mouse included","10794.4","CAD","Software and licensing","active"
"WRT-P-5205L-36TB","Mini-tower form factor Wisenet WAVE Network Video Recorder with 4 Professional licenses, Wisenet WAVE pre-installed, 36TB raw, 470 Mbps recording B/W, (1) 3.5"" HDD, Intel Core Ultra 5, 16GB RAM, 512 GB SSD OS Drive, Ubuntu 22.04 LTS, (2) DisplayPort output, (1) DisplayPort to HDMI adapter included, 1x1 GbE NIC, 1x5 GbE NIC, Single 1500W power supply, Keyboard and mouse included","12327.1","CAD","Software and licensing","active"
"WRN-1632S-4TB","2U WAVE PoE NVR (Intel based) with 4 Professional licenses, 4TB RAW, supports: 32 channels with 16 PoE/PoE+ ports (PoE Budget 200W), Wisenet WAVE pre-installed, H.264/H.265/MJPEG, 4 fixed internal SATA HDDs (10TB max per HDD), Wisestream technology, HDMI/DP output, Dual GbE NICs","4578.45","CAD","Software and licensing","active"
"WRN-1632S-6TB","2U WAVE PoE NVR (Intel based) with 4 Professional licenses, 6TB RAW, supports: 32 channels with 16 PoE/PoE+ ports (PoE Budget 200W), Wisenet WAVE pre-installed, H.264/H.265/MJPEG, 4 fixed internal SATA HDDs (10TB max per HDD), Wisestream technology, HDMI/DP output, Dual GbE NICs","4781.5","CAD","Software and licensing","active"
"WRN-1632S-8TB","2U WAVE PoE NVR (Intel based) with 4 Professional licenses, 8TB RAW, supports: 32 channels with 16 PoE/PoE+ ports (PoE Budget 200W), Wisenet WAVE pre-installed, H.264/H.265/MJPEG, 4 fixed internal SATA HDDs (10TB max per HDD), Wisestream technology, HDMI/DP output, Dual GbE NICs","4971.45","CAD","Software and licensing","active"
"WRN-1632S-12TB","2U WAVE PoE NVR (Intel based) with 4 Professional licenses, 12TB RAW, supports: 32 channels with 16 PoE/PoE+ ports (PoE Budget 200W), Wisenet WAVE pre-installed, H.264/H.265/MJPEG, 4 fixed internal SATA HDDs (10TB max per HDD), Wisestream technology, HDMI/DP output, Dual GbE NICs","5292.4","CAD","Software and licensing","active"
"WRN-1632S-18TB","2U WAVE PoE NVR (Intel based) with 4 Professional licenses, 18TB RAW, supports: 32 channels with 16 PoE/PoE+ ports (PoE Budget 200W), Wisenet WAVE pre-installed, H.264/H.265/MJPEG, 4 fixed internal SATA HDDs (10TB max per HDD), Wisestream technology, HDMI/DP output, Dual GbE NICs","5803.3","CAD","Software and licensing","active"
"WRN-1632S-24TB","2U WAVE PoE NVR (Intel based) with 4 Professional licenses, 24TB RAW, supports: 32 channels with 16 PoE/PoE+ ports (PoE Budget 200W), Wisenet WAVE pre-installed, H.264/H.265/MJPEG, 4 fixed internal SATA HDDs (10TB max per HDD), Wisestream technology, HDMI/DP output, Dual GbE NICs","6373.15","CAD","Software and licensing","active"
"WRN-1632S-30TB","2U WAVE PoE NVR (Intel based) with 4 Professional licenses, 30TB RAW, supports: 32 channels with 16 PoE/PoE+ ports (PoE Budget 200W), Wisenet WAVE pre-installed, H.264/H.265/MJPEG, 4 fixed internal SATA HDDs (10TB max per HDD), Wisestream technology, HDMI/DP output, Dual GbE NICs","6628.6","CAD","Software and licensing","active"
"WRN-1632S-40TB","2U WAVE PoE NVR (Intel based) with 4 Professional licenses, 40TB RAW, supports: 32 channels with 16 PoE/PoE+ ports (PoE Budget 200W), Wisenet WAVE pre-installed, H.264/H.265/MJPEG, 4 fixed internal SATA HDDs (10TB max per HDD), Wisestream technology, HDMI/DP output, Dual GbE NICs","7414.6","CAD","Software and licensing","active"
"WRN-1632-4TB","2U WAVE NVR (Intel based) with 4 Professional licenses, 4TB RAW, supports: 32 channels, Wisenet WAVE pre-installed, H.264/H.265/MJPEG, 4 fixed internal SATA HDDs (10TB max per HDD), Wisestream technology, HDMI/DP output, Dual GbE NICs","4185.45","CAD","Software and licensing","active"
"WRN-1632-6TB","2U WAVE NVR (Intel based) with 4 Professional licenses, 6TB RAW, supports: 32 channels, Wisenet WAVE pre-installed, H.264/H.265/MJPEG, 4 fixed internal SATA HDDs (10TB max per HDD), Wisestream technology, HDMI/DP output, Dual GbE NICs","4388.5","CAD","Software and licensing","active"
"WRN-1632-8TB","2U WAVE NVR (Intel based) with 4 Professional licenses, 8TB RAW, supports: 32 channels, Wisenet WAVE pre-installed, H.264/H.265/MJPEG, 4 fixed internal SATA HDDs (10TB max per HDD), Wisestream technology, HDMI/DP output, Dual GbE NICs","4578.45","CAD","Software and licensing","active"
"WRN-1632-12TB","2U WAVE NVR (Intel based) with 4 Professional licenses, 12TB RAW, supports: 32 channels, Wisenet WAVE pre-installed, H.264/H.265/MJPEG, 4 fixed internal SATA HDDs (10TB max per HDD), Wisestream technology, HDMI/DP output, Dual GbE NICs","4899.4","CAD","Software and licensing","active"
"WRN-1632-18TB","2U WAVE NVR (Intel based) with 4 Professional licenses, 18TB RAW, supports: 32 channels, Wisenet WAVE pre-installed, H.264/H.265/MJPEG, 4 fixed internal SATA HDDs (10TB max per HDD), Wisestream technology, HDMI/DP output, Dual GbE NICs","5410.3","CAD","Software and licensing","active"
"WRN-1632-24TB","2U WAVE NVR (Intel based) with 4 Professional licenses, 24TB RAW, supports: 32 channels, Wisenet WAVE pre-installed, H.264/H.265/MJPEG, 4 fixed internal SATA HDDs (10TB max per HDD), Wisestream technology, HDMI/DP output, Dual GbE NICs","5980.15","CAD","Software and licensing","active"
"WRN-1632-30TB","2U WAVE NVR (Intel based) with 4 Professional licenses, 30TB RAW, supports: 32 channels, Wisenet WAVE pre-installed, H.264/H.265/MJPEG, 4 fixed internal SATA HDDs (10TB max per HDD), Wisestream technology, HDMI/DP output, Dual GbE NICs","6235.6","CAD","Software and licensing","active"
"WRN-1632-40TB","2U WAVE NVR (Intel based) with 4 Professional licenses, 40TB RAW, supports: 32 channels, Wisenet WAVE pre-installed, H.264/H.265/MJPEG, 4 fixed internal SATA HDDs (10TB max per HDD), Wisestream technology, HDMI/DP output, Dual GbE NICs","7021.6","CAD","Software and licensing","active"
"WRN-816S-4TB","1U WAVE PoE NVR (Intel based) with 4 Professional licenses, 4TB RAW, supports: 16 channels with 8 PoE/PoE+ ports (PoE Budget 100W), Wisenet WAVE pre-installed, H.264/H.265/MJPEG, 2 fixed internal SATA HDDs (10TB max per HDD), Wisestream technology, HDMI/DP output, Dual GbE NICs","3923.45","CAD","Software and licensing","active"
"WRN-816S-6TB","1U WAVE PoE NVR (Intel based) with 4 Professional licenses, 6TB RAW, supports: 16 channels with 8 PoE/PoE+ ports (PoE Budget 100W), Wisenet WAVE pre-installed, H.264/H.265/MJPEG, 2 fixed internal SATA HDDs (10TB max per HDD), Wisestream technology, HDMI/DP output, Dual GbE NICs","4126.5","CAD","Software and licensing","active"
"WRN-816S-8TB","1U WAVE PoE NVR (Intel based) with 4 Professional licenses, 8TB RAW, supports: 16 channels with 8 PoE/PoE+ ports (PoE Budget 100W), Wisenet WAVE pre-installed, H.264/H.265/MJPEG, 2 fixed internal SATA HDDs (10TB max per HDD), Wisestream technology, HDMI/DP output, Dual GbE NICs","4316.45","CAD","Software and licensing","active"
"WRN-816S-12TB","1U WAVE PoE NVR (Intel based) with 4 Professional licenses, 12TB RAW, supports: 16 channels with 8 PoE/PoE+ ports (PoE Budget 100W), Wisenet WAVE pre-installed, H.264/H.265/MJPEG, 2 fixed internal SATA HDDs (10TB max per HDD), Wisestream technology, HDMI/DP output, Dual GbE NICs","4637.4","CAD","Software and licensing","active"
"WRN-816S-16TB","1U WAVE PoE NVR (Intel based) with 4 Professional licenses, 16TB RAW, supports: 16 channels with 8 PoE/PoE+ ports (PoE Budget 100W), Wisenet WAVE pre-installed, H.264/H.265/MJPEG, 2 fixed internal SATA HDDs (10TB max per HDD), Wisestream technology, HDMI/DP output, Dual GbE NICs","5017.3","CAD","Software and licensing","active"
"WRN-816S-20TB","1U WAVE PoE NVR (Intel based) with 4 Professional licenses, 20TB RAW, supports: 16 channels with 8 PoE/PoE+ ports (PoE Budget 100W), Wisenet WAVE pre-installed, H.264/H.265/MJPEG, 2 fixed internal SATA HDDs (10TB max per HDD), Wisestream technology, HDMI/DP output, Dual GbE NICs","5187.6","CAD","Software and licensing","active"
"WRR-P-E201W-16TB","1U Wisenet WAVE Network Video Recorder with 4 Professional licenses, Wisenet WAVE pre-installed, 16TB raw (10TB usable after disk formatting & RAID 5 configuration), 470 Mbps recording B/W, 4 HDD Bay (3.5""), Intel Xeon E2356G, 16GB RAM, Dual 480GB SSD OS drives (RAID 1), Windows 11 IoT Enterprise LTSC 2024, Support RAID 0/1/5/6 + 512MB NV cache, HDMI output, VGA output, 2 x 1GbE NICs, IPMI, Redundant 450W power supplies, Keyboard and mouse included, Rail kit included","14626.15","CAD","Software and licensing","active"
"WRR-P-E201W-32TB","1U Wisenet WAVE Network Video Recorder with 4 Professional licenses, Wisenet WAVE pre-installed, 32TB raw (21TB usable after disk formatting & RAID 5 configuration), 470 Mbps recording B/W, 4 HDD Bay (3.5""), Intel Xeon E2356G, 16GB RAM, Dual 480GB SSD OS drives (RAID 1), Windows 11 IoT Enterprise LTSC 2024, Support RAID 0/1/5/6 + 512MB NV cache, HDMI output, VGA output, 2 x 1GbE NICs, IPMI, Redundant 450W power supplies, Keyboard and mouse included, Rail kit included","16931.75","CAD","Software and licensing","active"
"WRR-P-E201W-48TB","1U Wisenet WAVE Network Video Recorder with 4 Professional licenses, Wisenet WAVE pre-installed, 48TB raw (32TB usable after disk formatting & RAID 5 configuration), 470 Mbps recording B/W, 4 HDD Bay (3.5""), Intel Xeon E2356G, 16GB RAM, Dual 480GB SSD OS drives (RAID 1), Windows 11 IoT Enterprise LTSC 2024, Support RAID 0/1/5/6 + 512MB NV cache, HDMI output, VGA output, 2 x 1GbE NICs, IPMI, Redundant 450W power supplies, Keyboard and mouse included, Rail kit included","18110.75","CAD","Software and licensing","active"
"WRR-P-E201W-64TB","1U Wisenet WAVE Network Video Recorder with 4 Professional licenses, Wisenet WAVE pre-installed, 64TB raw (43TB usable after disk formatting & RAID 5 configuration), 470 Mbps recording B/W, 4 HDD Bay (3.5""), Intel Xeon E2356G, 16GB RAM, Dual 480GB SSD OS drives (RAID 1), Windows 11 IoT Enterprise LTSC 2024, Support RAID 0/1/5/6 + 512MB NV cache, HDMI output, VGA output, 2 x 1GbE NICs, IPMI, Redundant 450W power supplies, Keyboard and mouse included, Rail kit included","18752.65","CAD","Software and licensing","active"
"WRR-P-E201W-80TB","1U Wisenet WAVE Network Video Recorder with 4 Professional licenses, Wisenet WAVE pre-installed, 80TB raw (54TB usable after disk formatting & RAID 5 configuration), 470 Mbps recording B/W, 4 HDD Bay (3.5""), Intel Xeon E2356G, 16GB RAM, Dual 480GB SSD OS drives (RAID 1), Windows 11 IoT Enterprise LTSC 2024, Support RAID 0/1/5/6 + 512MB NV cache, HDMI output, VGA output, 2 x 1GbE NICs, IPMI, Redundant 450W power supplies, Keyboard and mouse included, Rail kit included","21280.95","CAD","Software and licensing","active"
"WRR-P-E201S-16TB","1U Wisenet WAVE Network Video Recorder with 4 Professional licenses, Wisenet WAVE pre-installed, 16TB raw (10TB usable after disk formatting & RAID 5 configuration), 470 Mbps recording B/W, 4 HDD Bay (3.5""), Intel Xeon E2356G, 16GB RAM, Dual 480GB SSD OS drives (RAID 1), Windows Server 2022, Support RAID 0/1/5/6 + 512MB NV cache, HDMI output, VGA output, 2 x 1GbE NICs, IPMI, Redundant 450W power supplies, Keyboard and mouse included, Rail kit included","18490.65","CAD","Software and licensing","active"
"WRR-P-E201S-32TB","1U Wisenet WAVE Network Video Recorder with 4 Professional licenses, Wisenet WAVE pre-installed, 32TB raw (21TB usable after disk formatting & RAID 5 configuration), 470 Mbps recording B/W, 4 HDD Bay (3.5""), Intel Xeon E2356G, 16GB RAM, Dual 480GB SSD OS drives (RAID 1), Windows Server 2022, Support RAID 0/1/5/6 + 512MB NV cache, HDMI output, VGA output, 2 x 1GbE NICs, IPMI, Redundant 450W power supplies, Keyboard and mouse included, Rail kit included","20796.25","CAD","Software and licensing","active"
"WRR-P-E201S-48TB","1U Wisenet WAVE Network Video Recorder with 4 Professional licenses, Wisenet WAVE pre-installed, 48TB raw (32TB usable after disk formatting & RAID 5 configuration), 470 Mbps recording B/W, 4 HDD Bay (3.5""), Intel Xeon E2356G, 16GB RAM, Dual 480GB SSD OS drives (RAID 1), Windows Server 2022, Support RAID 0/1/5/6 + 512MB NV cache, HDMI output, VGA output, 2 x 1GbE NICs, IPMI, Redundant 450W power supplies, Keyboard and mouse included, Rail kit included","21975.25","CAD","Software and licensing","active"
"WRR-P-E201S-64TB","1U Wisenet WAVE Network Video Recorder with 4 Professional licenses, Wisenet WAVE pre-installed, 64TB raw (43TB usable after disk formatting & RAID 5 configuration), 470 Mbps recording B/W, 4 HDD Bay (3.5""), Intel Xeon E2356G, 16GB RAM, Dual 480GB SSD OS drives (RAID 1), Windows Server 2022, Support RAID 0/1/5/6 + 512MB NV cache, HDMI output, VGA output, 2 x 1GbE NICs, IPMI, Redundant 450W power supplies, Keyboard and mouse included, Rail kit included","22617.15","CAD","Software and licensing","active"
"WRR-P-E201S-80TB","1U Wisenet WAVE Network Video Recorder with 4 Professional licenses, Wisenet WAVE pre-installed, 80TB raw (54TB usable after disk formatting & RAID 5 configuration), 470 Mbps recording B/W, 4 HDD Bay (3.5""), Intel Xeon E2356G, 16GB RAM, Dual 480GB SSD OS drives (RAID 1), Windows Server 2022, Support RAID 0/1/5/6 + 512MB NV cache, HDMI output, VGA output, 2 x 1GbE NICs, IPMI, Redundant 450W power supplies, Keyboard and mouse included, Rail kit included","25145.45","CAD","Software and licensing","active"
"WRR-P-E201L-16TB","1U Wisenet WAVE Network Video Recorder with 4 Professional licenses, Wisenet WAVE pre-installed, 16TB raw (10TB usable after disk formatting & RAID 5 configuration), 470 Mbps recording B/W, 4 HDD Bay (3.5""), Intel Xeon E2356G, 16GB RAM, Dual 480GB SSD OS drives (RAID 1), Ubuntu 22.04, Support RAID 0/1/5/6 + 512MB NV cache, HDMI output, VGA output, 2 x 1GbE NICs, IPMI, Redundant 450W power supplies, Keyboard and mouse included, Rail kit included","14410.0","CAD","Software and licensing","active"
"WRR-P-E201L-32TB","1U Wisenet WAVE Network Video Recorder with 4 Professional licenses, Wisenet WAVE pre-installed, 32TB raw (21TB usable after disk formatting & RAID 5 configuration), 470 Mbps recording B/W, 4 HDD Bay (3.5""), Intel Xeon E2356G, 16GB RAM, Dual 480GB SSD OS drives (RAID 1), Ubuntu 22.04, Support RAID 0/1/5/6 + 512MB NV cache, HDMI output, VGA output, 2 x 1GbE NICs, IPMI, Redundant 450W power supplies, Keyboard and mouse included, Rail kit included","16715.6","CAD","Software and licensing","active"
"WRR-P-E201L-48TB","1U Wisenet WAVE Network Video Recorder with 4 Professional licenses, Wisenet WAVE pre-installed, 48TB raw (32TB usable after disk formatting & RAID 5 configuration), 470 Mbps recording B/W, 4 HDD Bay (3.5""), Intel Xeon E2356G, 16GB RAM, Dual 480GB SSD OS drives (RAID 1), Ubuntu 22.04, Support RAID 0/1/5/6 + 512MB NV cache, HDMI output, VGA output, 2 x 1GbE NICs, IPMI, Redundant 450W power supplies, Keyboard and mouse included, Rail kit included","17894.6","CAD","Software and licensing","active"
"WRR-P-E201L-64TB","1U Wisenet WAVE Network Video Recorder with 4 Professional licenses, Wisenet WAVE pre-installed, 64TB raw (43TB usable after disk formatting & RAID 5 configuration), 470 Mbps recording B/W, 4 HDD Bay (3.5""), Intel Xeon E2356G, 16GB RAM, Dual 480GB SSD OS drives (RAID 1), Ubuntu 22.04, Support RAID 0/1/5/6 + 512MB NV cache, HDMI output, VGA output, 2 x 1GbE NICs, IPMI, Redundant 450W power supplies, Keyboard and mouse included, Rail kit included","18536.5","CAD","Software and licensing","active"
"WRR-P-E201L-80TB","1U Wisenet WAVE Network Video Recorder with 4 Professional licenses, Wisenet WAVE pre-installed, 80TB raw (54TB usable after disk formatting & RAID 5 configuration), 470 Mbps recording B/W, 4 HDD Bay (3.5""), Intel Xeon E2356G, 16GB RAM, Dual 480GB SSD OS drives (RAID 1), Ubuntu 22.04, Support RAID 0/1/5/6 + 512MB NV cache, HDMI output, VGA output, 2 x  1GbE NICs, IPMI, Redundant 450W power supplies, Keyboard and mouse included, Rail kit included","21064.8","CAD","Software and licensing","active"
"WRR-P-E10GB","2 x 10GBe copper network interface addon card for WRR-P-E201X WAVE Appliance","2194.25","CAD","Cameras","active"
"WRR-P-S204W-48TB","2U Wisenet WAVE Network Video Recorder with 4 Professional licenses, Wisenet WAVE pre-installed, 48TB raw (29TB usable after disk formatting & RAID 5 configuration), 1200 Mbps recording B/W, 12 HDD Bay (3.5""), Intel Xeon 4410Y, 16GB RAM, Dual 480GB SSD OS drives (RAID 1), Windows 11 IoT Enterprise LTSC 2024, Support RAID 0/1/5/6 + 8GB NV cache, mDP output, VGA output, 4 x 1GbE NICs, IPMI, Redundant 800W power supplies, Keyboard and mouse included, Rail kit included","29710.8","CAD","Software and licensing","active"
"WRR-P-S204W-96TB","2U Wisenet WAVE Network Video Recorder with 4 Professional licenses, Wisenet WAVE pre-installed, 96TB raw (72TB usable after disk formatting & RAID 5 configuration), 1200 Mbps recording B/W, 12 HDD Bay (3.5""), Intel Xeon 4410Y, 16GB RAM, Dual 480GB SSD OS drives (RAID 1), Windows 11 IoT Enterprise LTSC 2024, Support RAID 0/1/5/6 + 8GB NV cache, mDP output, VGA output, 4 x 1GbE NICs, IPMI, Redundant 800W power supplies, Keyboard and mouse included, Rail kit included","35354.28","CAD","Software and licensing","active"
"WRR-P-S204W-112TB","2U Wisenet WAVE Network Video Recorder with 4 Professional licenses, Wisenet WAVE pre-installed, 112TB raw (87TB usable after disk formatting & RAID 5 configuration), 1200 Mbps recording B/W, 12 HDD Bay (3.5""), Intel Xeon 4410Y, 16GB RAM, Dual 480GB SSD OS drives (RAID 1), Windows 11 IoT Enterprise LTSC 2024, Support RAID 0/1/5/6 + 8GB NV cache, mDP output, VGA output, 4 x 1GbE NICs, IPMI, Redundant 800W power supplies, Keyboard and mouse included, Rail kit included","40118.75","CAD","Software and licensing","active"
"WRR-P-S204W-128TB","2U Wisenet WAVE Network Video Recorder with 4 Professional licenses, Wisenet WAVE pre-installed, 128TB raw (101TB usable after disk formatting & RAID 5 configuration), 1200 Mbps recording B/W, 12 HDD Bay (3.5""), Intel Xeon 4410Y, 16GB RAM, Dual 480GB SSD OS drives (RAID 1), Windows 11 IoT Enterprise LTSC 2024, Support RAID 0/1/5/6 + 8GB NV cache, mDP output, VGA output, 4 x 1GbE NICs, IPMI, Redundant 800W power supplies, Keyboard and mouse included, Rail kit included","41867.6","CAD","Software and licensing","active"
"WRR-P-S204W-144TB","2U Wisenet WAVE Network Video Recorder with 4 Professional licenses, Wisenet WAVE pre-installed, 144TB raw (116TB usable after disk formatting & RAID 5 configuration), 1200 Mbps recording B/W, 12 HDD Bay (3.5""), Intel Xeon 4410Y, 16GB RAM, Dual 480GB SSD OS drives (RAID 1), Windows 11 IoT Enterprise LTSC 2024, Support RAID 0/1/5/6 + 8GB NV cache, mDP output, VGA output, 4 x 1GbE NICs, IPMI, Redundant 800W power supplies, Keyboard and mouse included, Rail kit included","43604.66","CAD","Software and licensing","active"
"WRR-P-S204W-160TB","2U Wisenet WAVE Network Video Recorder with 4 Professional licenses, Wisenet WAVE pre-installed, 160TB raw (131TB usable after disk formatting & RAID 5 configuration), 1200 Mbps recording B/W, 12 HDD Bay (3.5""), Intel Xeon 4410Y, 16GB RAM, Dual 480GB SSD OS drives (RAID 1), Windows 11 IoT Enterprise LTSC 2024, Support RAID 0/1/5/6 + 8GB NV cache, mDP output, VGA output, 4 x 1GbE NICs, IPMI, Redundant 800W power supplies, Keyboard and mouse included, Rail kit included","45352.2","CAD","Software and licensing","active"
"WRR-P-S204W-176TB","2U Wisenet WAVE Network Video Recorder with 4 Professional licenses, Wisenet WAVE pre-installed, 176TB raw (145TB usable after disk formatting & RAID 5 configuration), 1200 Mbps recording B/W, 12 HDD Bay (3.5""), Intel Xeon 4410Y, 16GB RAM, Dual 480GB SSD OS drives (RAID 1), Windows 11 IoT Enterprise LTSC 2024, Support RAID 0/1/5/6 + 8GB NV cache, mDP output, VGA output, 4 x 1GbE NICs, IPMI, Redundant 800W power supplies, Keyboard and mouse included, Rail kit included","45850.0","CAD","Software and licensing","active"
"WRR-P-S204W-200TB","2U Wisenet WAVE Network Video Recorder with 4 Professional licenses, Wisenet WAVE pre-installed, 200TB raw (163TB usable after disk formatting & RAID 5 configuration), 1200 Mbps recording B/W, 12 HDD Bay (3.5""), Intel Xeon 4410Y, 16GB RAM, Dual 480GB SSD OS drives (RAID 1), Windows 11 IoT Enterprise LTSC 2024, Support RAID 0/1/5/6 + 8GB NV cache, mDP output, VGA output, 4 x 1GbE NICs, IPMI, Redundant 800W power supplies, Keyboard and mouse included, Rail kit included","47279.21","CAD","Software and licensing","active"
"WRR-P-S204W-220TB","2U Wisenet WAVE Network Video Recorder with 4 Professional licenses, Wisenet WAVE pre-installed, 220TB raw (182TB usable after disk formatting & RAID 5 configuration), 1200 Mbps recording B/W, 12 HDD Bay (3.5""), Intel Xeon 4410Y, 16GB RAM, Dual 480GB SSD OS drives (RAID 1), Windows 11 IoT Enterprise LTSC 2024, Support RAID 0/1/5/6 + 8GB NV cache, mDP output, VGA output, 4 x 1GbE NICs, IPMI, Redundant 800W power supplies, Keyboard and mouse included, Rail kit included","51376.89","CAD","Software and licensing","active"
"WRR-P-S204W-240TB","2U Wisenet WAVE Network Video Recorder with 4 Professional licenses, Wisenet WAVE pre-installed, 240TB raw (200TB usable after disk formatting & RAID 5 configuration), 1200 Mbps recording B/W, 12 HDD Bay (3.5""), Intel Xeon 4410Y, 16GB RAM, Dual 480GB SSD OS drives (RAID 1), Windows 11 IoT Enterprise LTSC 2024, Support RAID 0/1/5/6 + 8GB NV cache, mDP output, VGA output, 4 x 1GbE NICs, IPMI, Redundant 800W power supplies, Keyboard and mouse included, Rail kit included","55846.61","CAD","Software and licensing","active"
"WRR-P-S204S-48TB","2U Wisenet WAVE Network Video Recorder with 4 Professional licenses, Wisenet WAVE pre-installed, 48TB raw (29TB usable after disk formatting & RAID 5 configuration), 1200 Mbps recording B/W, 12 HDD Bay (3.5""), Intel Xeon 4410Y, 16GB RAM, Dual 480GB SSD OS drives (RAID 1), Windows Server 2022, Support RAID 0/1/5/6 + 8GB NV cache, mDP output, VGA output, 4 x 1GbE NICs, IPMI, Redundant 800W power supplies, Keyboard and mouse included, Rail kit included","33182.3","CAD","Software and licensing","active"
"WRR-P-S204S-96TB","2U Wisenet WAVE Network Video Recorder with 4 Professional licenses, Wisenet WAVE pre-installed, 96TB raw (72TB usable after disk formatting & RAID 5 configuration), 1200 Mbps recording B/W, 12 HDD Bay (3.5""), Intel Xeon 4410Y, 16GB RAM, Dual 480GB SSD OS drives (RAID 1), Windows Server 2022, Support RAID 0/1/5/6 + 8GB NV cache, mDP output, VGA output, 4 x 1GbE NICs, IPMI, Redundant 800W power supplies, Keyboard and mouse included, Rail kit included","37990.0","CAD","Software and licensing","active"
"WRR-P-S204S-112TB","2U Wisenet WAVE Network Video Recorder with 4 Professional licenses, Wisenet WAVE pre-installed, 112TB raw (87TB usable after disk formatting & RAID 5 configuration), 1200 Mbps recording B/W, 12 HDD Bay (3.5""), Intel Xeon 4410Y, 16GB RAM, Dual 480GB SSD OS drives (RAID 1), Windows Server 2022, Support RAID 0/1/5/6 + 8GB NV cache, mDP output, VGA output, 4 x 1GbE NICs, IPMI, Redundant 800W power supplies, Keyboard and mouse included, Rail kit included","43590.25","CAD","Software and licensing","active"
"WRR-P-S204S-128TB","2U Wisenet WAVE Network Video Recorder with 4 Professional licenses, Wisenet WAVE pre-installed, 128TB raw (101TB usable after disk formatting & RAID 5 configuration), 1200 Mbps recording B/W, 12 HDD Bay (3.5""), Intel Xeon 4410Y, 16GB RAM, Dual 480GB SSD OS drives (RAID 1), Windows Server 2022, Support RAID 0/1/5/6 + 8GB NV cache, mDP output, VGA output, 4 x 1GbE NICs, IPMI, Redundant 800W power supplies, Keyboard and mouse included, Rail kit included","45339.1","CAD","Software and licensing","active"
"WRR-P-S204S-144TB","2U Wisenet WAVE Network Video Recorder with 4 Professional licenses, Wisenet WAVE pre-installed, 144TB raw (116TB usable after disk formatting & RAID 5 configuration), 1200 Mbps recording B/W, 12 HDD Bay (3.5""), Intel Xeon 4410Y, 16GB RAM, Dual 480GB SSD OS drives (RAID 1), Windows Server 2022, Support RAID 0/1/5/6 + 8GB NV cache, mDP output, VGA output, 4 x 1GbE NICs, IPMI, Redundant 800W power supplies, Keyboard and mouse included, Rail kit included","47076.16","CAD","Software and licensing","active"
"WRR-P-S204S-160TB","2U Wisenet WAVE Network Video Recorder with 4 Professional licenses, Wisenet WAVE pre-installed, 160TB raw (131TB usable after disk formatting & RAID 5 configuration), 1200 Mbps recording B/W, 12 HDD Bay (3.5""), Intel Xeon 4410Y, 16GB RAM, Dual 480GB SSD OS drives (RAID 1), Windows Server 2022, Support RAID 0/1/5/6 + 8GB NV cache, mDP output, VGA output, 4 x 1GbE NICs, IPMI, Redundant 800W power supplies, Keyboard and mouse included, Rail kit included","48823.7","CAD","Software and licensing","active"
"WRR-P-S204S-176TB","2U Wisenet WAVE Network Video Recorder with 4 Professional licenses, Wisenet WAVE pre-installed, 176TB raw (145TB usable after disk formatting & RAID 5 configuration), 1200 Mbps recording B/W, 12 HDD Bay (3.5""), Intel Xeon 4410Y, 16GB RAM, Dual 480GB SSD OS drives (RAID 1), Windows Server 2022, Support RAID 0/1/5/6 + 8GB NV cache, mDP output, VGA output, 4 x 1GbE NICs, IPMI, Redundant 800W power supplies, Keyboard and mouse included, Rail kit included","49321.5","CAD","Software and licensing","active"
"WRR-P-S204S-200TB","2U Wisenet WAVE Network Video Recorder with 4 Professional licenses, Wisenet WAVE pre-installed, 200TB raw (163TB usable after disk formatting & RAID 5 configuration), 1200 Mbps recording B/W, 12 HDD Bay (3.5""), Intel Xeon 4410Y, 16GB RAM, Dual 480GB SSD OS drives (RAID 1), Windows Server 2022, Support RAID 0/1/5/6 + 8GB NV cache, mDP output, VGA output, 4 x 1GbE NICs, IPMI, Redundant 800W power supplies, Keyboard and mouse included, Rail kit included","50750.71","CAD","Software and licensing","active"
"WRR-P-S204S-220TB","2U Wisenet WAVE Network Video Recorder with 4 Professional licenses, Wisenet WAVE pre-installed, 220TB raw (182TB usable after disk formatting & RAID 5 configuration), 1200 Mbps recording B/W, 12 HDD Bay (3.5""), Intel Xeon 4410Y, 16GB RAM, Dual 480GB SSD OS drives (RAID 1), Windows Server 2022, Support RAID 0/1/5/6 + 8GB NV cache, mDP output, VGA output, 4 x 1GbE NICs, IPMI, Redundant 800W power supplies, Keyboard and mouse included, Rail kit included","54848.39","CAD","Software and licensing","active"
"WRR-P-S204S-240TB","2U Wisenet WAVE Network Video Recorder with 4 Professional licenses, Wisenet WAVE pre-installed, 240TB raw (200TB usable after disk formatting & RAID 5 configuration), 1200 Mbps recording B/W, 12 HDD Bay (3.5""), Intel Xeon 4410Y, 16GB RAM, Dual 480GB SSD OS drives (RAID 1), Windows Server 2022, Support RAID 0/1/5/6 + 8GB NV cache, mDP output, VGA output, 4 x 1GbE NICs, IPMI, Redundant 800W power supplies, Keyboard and mouse included, Rail kit included","59318.11","CAD","Software and licensing","active"
"WRR-P-S206S1-280TB","2U Wisenet WAVE Network Video Recorder with 4 Professional Wisenet WAVE licenses, 280TB raw (218TB usable after disk formatting & RAID 6 configuration), 1100 Mbps recording B/W, 28 HDD Bay (3.5""), Dual Intel Xeon Gold 5416S, 64GB RAM, Dual 480GB SSD OS drives (RAID 1), Windows Server 2022 Standard, Support RAID 0/1/5/6 + 8GB NV cache, Nvidia A400 GPU, MiniDP output, VGA output, Dual 1GbE RJ45, Dual 10/25GbE SFP28,  IPMI, Redundant 1400W power supplies, Keyboard and mouse included, Rail kit included","91149.8","CAD","Software and licensing","active"
"WRR-P-S206S1-320TB","2U Wisenet WAVE Network Video Recorder with 4 Professional licenses, Wisenet WAVE pre-installed, 320TB raw (254TB usable after disk formatting & RAID 6 configuration), 1100 Mbps recording B/W, 28 HDD Bay (3.5""), Dual Intel Xeon Gold 5416S, 64GB RAM, Dual 480GB SSD OS drives (RAID 1), Windows Server 2022 Standard, Support RAID 0/1/5/6 + 8GB NV cache, Nvidia A400 GPU, MiniDP output, VGA output, Dual 1GbE RJ45, Dual 10/25GbE SFP28,  IPMI, Redundant 1400W power supplies, Keyboard and mouse included, Rail kit included","94202.1","CAD","Software and licensing","active"
"WRR-P-S206S1-360TB","2U Wisenet WAVE Network Video Recorder with 4 Professional licenses, Wisenet WAVE pre-installed, 360TB raw (291TB usable after disk formatting & RAID 6 configuration), 1100 Mbps recording B/W, 28 HDD Bay (3.5""), Dual Intel Xeon Gold 5416S, 64GB RAM, Dual 480GB SSD OS drives (RAID 1), Windows Server 2022 Standard, Support RAID 0/1/5/6 + 8GB NV cache, Nvidia A400 GPU, MiniDP output, VGA output, Dual 1GbE RJ45, Dual 10/25GbE SFP28,  IPMI, Redundant 1400W power supplies, Keyboard and mouse included, Rail kit included","98747.8","CAD","Software and licensing","active"
"WRR-P-S206S1-400TB","2U Wisenet WAVE Network Video Recorder with 4 Professional licenses, Wisenet WAVE pre-installed, 400TB raw (327TB usable after disk formatting & RAID 6 configuration), 1100 Mbps recording B/W, 28 HDD Bay (3.5""), Dual Intel Xeon Gold 5416S, 64GB RAM, Dual 480GB SSD OS drives (RAID 1), Windows Server 2022 Standard, Support RAID 0/1/5/6 + 8GB NV cache, Nvidia A400 GPU, MiniDP output, VGA output, Dual 1GbE RJ45, Dual 10/25GbE SFP28,  IPMI, Redundant 1400W power supplies, Keyboard and mouse included, Rail kit included","103280.4","CAD","Software and licensing","active"
"WRR-P-S206S1-440TB","2U Wisenet WAVE Network Video Recorder with 4 Professional licenses, Wisenet WAVE pre-installed, 440TB raw (364TB usable after disk formatting & RAID 6 configuration), 1100 Mbps recording B/W, 28 HDD Bay (3.5""), Dual Intel Xeon Gold 5416S, 64GB RAM, Dual 480GB SSD OS drives (RAID 1), Windows Server 2022 Standard, Support RAID 0/1/5/6 + 8GB NV cache, Nvidia A400 GPU, MiniDP output, VGA output, Dual 1GbE RJ45, Dual 10/25GbE SFP28,  IPMI, Redundant 1400W power supplies, Keyboard and mouse included, Rail kit included","107826.1","CAD","Software and licensing","active"
"WRR-P-S206S1-480TB","2U Wisenet WAVE Network Video Recorder with 4 Professional licenses, Wisenet WAVE pre-installed, 480TB raw (400TB usable after disk formatting & RAID 6 configuration), 1100 Mbps recording B/W, 28 HDD Bay (3.5""), Dual Intel Xeon Gold 5416S, 64GB RAM, Dual 480GB SSD OS drives (RAID 1), Windows Server 2022 Standard, Support RAID 0/1/5/6 + 8GB NV cache, Nvidia A400 GPU, MiniDP output, VGA output, Dual 1GbE RJ45, Dual 10/25GbE SFP28,  IPMI, Redundant 1400W power supplies, Keyboard and mouse included, Rail kit included","112358.7","CAD","Software and licensing","active"
"WRR-P-S204L-48TB","2U Wisenet WAVE Network Video Recorder with 4 Professional licenses, Wisenet WAVE pre-installed, 48TB raw (29TB usable after disk formatting & RAID 5 configuration), 1200 Mbps recording B/W, 12 HDD Bay (3.5""), Intel Xeon 4410Y, 16GB RAM, Dual 480GB SSD OS drives (RAID 1), Ubuntu 22.04, Support RAID 0/1/5/6 + 8GB NV cache, mDP output, VGA output, 4 x 1GbE NICs, IPMI, Redundant 800W power supplies, Keyboard and mouse included, Rail kit included","29023.05","CAD","Software and licensing","active"
"WRR-P-S204L-96TB","2U Wisenet WAVE Network Video Recorder with 4 Professional licenses, Wisenet WAVE pre-installed, 96TB raw (72TB usable after disk formatting & RAID 5 configuration), 1200 Mbps recording B/W, 12 HDD Bay (3.5""), Intel Xeon 4410Y, 16GB RAM, Dual 480GB SSD OS drives (RAID 1), Ubuntu 22.04, Support RAID 0/1/5/6 + 8GB NV cache, mDP output, VGA output, 4 x 1GbE NICs, IPMI, Redundant 800W power supplies, Keyboard and mouse included, Rail kit included","34666.53","CAD","Software and licensing","active"
"WRR-P-S204L-112TB","2U Wisenet WAVE Network Video Recorder with 4 Professional licenses, Wisenet WAVE pre-installed, 112TB raw (87TB usable after disk formatting & RAID 5 configuration), 1200 Mbps recording B/W, 12 HDD Bay (3.5""), Intel Xeon 4410Y, 16GB RAM, Dual 480GB SSD OS drives (RAID 1), Ubuntu 22.04, Support RAID 0/1/5/6 + 8GB NV cache, mDP output, VGA output, 4 x 1GbE NICs, IPMI, Redundant 800W power supplies, Keyboard and mouse included, Rail kit included","39431.0","CAD","Software and licensing","active"
"WRR-P-S204L-128TB","2U Wisenet WAVE Network Video Recorder with 4 Professional licenses, Wisenet WAVE pre-installed, 128TB raw (101TB usable after disk formatting & RAID 5 configuration), 1200 Mbps recording B/W, 12 HDD Bay (3.5""), Intel Xeon 4410Y, 16GB RAM, Dual 480GB SSD OS drives (RAID 1), Ubuntu 22.04, Support RAID 0/1/5/6 + 8GB NV cache, mDP output, VGA output, 4 x 1GbE NICs, IPMI, Redundant 800W power supplies, Keyboard and mouse included, Rail kit included","41179.85","CAD","Software and licensing","active"
"WRR-P-S204L-144TB","2U Wisenet WAVE Network Video Recorder with 4 Professional licenses, Wisenet WAVE pre-installed, 144TB raw (116TB usable after disk formatting & RAID 5 configuration), 1200 Mbps recording B/W, 12 HDD Bay (3.5""), Intel Xeon 4410Y, 16GB RAM, Dual 480GB SSD OS drives (RAID 1), Ubuntu 22.04, Support RAID 0/1/5/6 + 8GB NV cache, mDP output, VGA output, 4 x 1GbE NICs, IPMI, Redundant 800W power supplies, Keyboard and mouse included, Rail kit included","42916.91","CAD","Software and licensing","active"
"WRR-P-S204L-160TB","2U Wisenet WAVE Network Video Recorder with 4 Professional licenses, Wisenet WAVE pre-installed, 160TB raw (131TB usable after disk formatting & RAID 5 configuration), 1200 Mbps recording B/W, 12 HDD Bay (3.5""), Intel Xeon 4410Y, 16GB RAM, Dual 480GB SSD OS drives (RAID 1), Ubuntu 22.04, Support RAID 0/1/5/6 + 8GB NV cache, mDP output, VGA output, 4 x 1GbE NICs, IPMI, Redundant 800W power supplies, Keyboard and mouse included, Rail kit included","44664.45","CAD","Software and licensing","active"
"WRR-P-S204L-176TB","2U Wisenet WAVE Network Video Recorder with 4 Professional licenses, Wisenet WAVE pre-installed, 176TB raw (145TB usable after disk formatting & RAID 5 configuration), 1200 Mbps recording B/W, 12 HDD Bay (3.5""), Intel Xeon 4410Y, 16GB RAM, Dual 480GB SSD OS drives (RAID 1), Ubuntu 22.04, Support RAID 0/1/5/6 + 8GB NV cache, mDP output, VGA output, 4 x 1GbE NICs, IPMI, Redundant 800W power supplies, Keyboard and mouse included, Rail kit included","45162.25","CAD","Software and licensing","active"
"WRR-P-S204L-200TB","2U Wisenet WAVE Network Video Recorder with 4 Professional licenses, Wisenet WAVE pre-installed, 200TB raw (163TB usable after disk formatting & RAID 5 configuration), 1200 Mbps recording B/W, 12 HDD Bay (3.5""), Intel Xeon 4410Y, 16GB RAM, Dual 480GB SSD OS drives (RAID 1), Ubuntu 22.04, Support RAID 0/1/5/6 + 8GB NV cache, mDP output, VGA output, 4 x 1GbE NICs, IPMI, Redundant 800W power supplies, Keyboard and mouse included, Rail kit included","46591.46","CAD","Software and licensing","active"
"WRR-P-S204L-220TB","2U Wisenet WAVE Network Video Recorder with 4 Professional licenses, Wisenet WAVE pre-installed, 220TB raw (182TB usable after disk formatting & RAID 5 configuration), 1200 Mbps recording B/W, 12 HDD Bay (3.5""), Intel Xeon 4410Y, 16GB RAM, Dual 480GB SSD OS drives (RAID 1), Ubuntu 22.04, Support RAID 0/1/5/6 + 8GB NV cache, mDP output, VGA output, 4 x 1GbE NICs, IPMI, Redundant 800W power supplies, Keyboard and mouse included, Rail kit included","50689.14","CAD","Software and licensing","active"
"WRR-P-S204L-240TB","2U Wisenet WAVE Network Video Recorder with 4 Professional licenses, Wisenet WAVE pre-installed, 240TB raw (200TB usable after disk formatting & RAID 5 configuration), 1200 Mbps recording B/W, 12 HDD Bay (3.5""), Intel Xeon 4410Y, 16GB RAM, Dual 480GB SSD OS drives (RAID 1), Ubuntu 22.04, Support RAID 0/1/5/6 + 8GB NV cache, mDP output, VGA output, 4 x 1GbE NICs, IPMI, Redundant 800W power supplies, Keyboard and mouse included, Rail kit included","55158.86","CAD","Software and licensing","active"
"WRR-P-SRS232","RS232 interface addon card for WRR-P-S204X Wave Appliance","196.5","CAD","Cameras","active"
"WRR-P-S10GBSFP","2 x 10GBe SFP network interface addon card for WRR-P-S204X WAVE Appliance","1244.5","CAD","Cameras","active"
"WAVE-VIDLENELOG-INT","Plugin to bring WAVE video into LenelS2 OnGuard. License is valid for one OnGuard server and WAVE systems. Prerequisite: The DV-CH-xxx license from Lenel controls the number of video cameras that can be imported from WAVE.","3930.0","CAD","Software and licensing","active"
"WAVE-S2NETBOX-INT","Plugin to bring WAVE video and events into LenelS2 NetBox Access Control. License is valid for one NetBox server and unlimted WAVE connections.","3930.0","CAD","Software and licensing","active"
"WAVE-AMAG-INT","Plugin to bring WAVE video and events into AMAG Symmetry Access Control. License is valid for one AMAG server and unlimted WAVE connections.","6550.0","CAD","Software and licensing","active"
"LUMEO-ENT-LIVE-HV-01-1Y","Lumeo Enterprise License. Enables one (1) IP camera stream access to Lumeo Analytics Library, Custom Analytics, Cloud Dashboards with data 30-day retention. Includes Standard Support and license is valid for 12 months. Usable on PNM-C32084RQZ-8X256G-LU.","406.1","CAD","Software and licensing","active"
"LUMEO-CS-30DAY-HV-01-1Y","Lumeo Cloud Storage License. Enables AI Search for HD Media, Event Recordings, though Lumeo cloud with 30-day retention.  Includes Standard Support and license is valid for 12 months.","117.9","CAD","Software and licensing","active"
"LUMEO-CS-60DAY-HV-01-1Y","Lumeo Cloud Storage License. Enables AI Search for HD Media, Event Recordings, though Lumeo cloud with 60-day retention.  Includes Standard Support and license is valid for 12 months.","222.7","CAD","Software and licensing","active"
"VCV-1YS0000301","1 Year Access Edge Recording with 30 Days SQ Cloud Backup","260.69","CAD","Cameras","active"
"VCV-3YS0000301","3 Year Access Edge Recording with 30 Days SQ Cloud Backup","719.19","CAD","Cameras","active"
"VCV-5YS0000301","5 Year Access Edge Recording with 30 Days SQ Cloud Backup","1177.69","CAD","Cameras","active"
"VCV-1YC02C0301  ","Oncloud 1 Year Access 2MP/30 Days Storage","589.5","CAD","Cameras","active"
"VCV-1YC02C0601  ","Oncloud 1 Year Access 2MP/60 Days Storage","1179.0","CAD","Cameras","active"
"VCV-1YC02C0901  ","Oncloud 1 Year Access 2MP/90 Days Storage","1768.5","CAD","Cameras","active"
"VCV-1YC02C1801  ","Oncloud 1 Year Access 2MP/180 Days Storage","3537.0","CAD","Cameras","active"
"VCV-1YC02C3651  ","Oncloud 1 Year Access 2MP/365 Days Storage","7074.0","CAD","Cameras","active"
"VCV-1YC04C0301  ","Oncloud 1 Year Access 4MP/30 Days Storage","681.2","CAD","Cameras","active"
"VCV-1YC04C0601","Oncloud 1 Year Access 4MP/60 Days Storage","1362.4","CAD","Cameras","active"
"VCV-1YC04C0901  ","Oncloud 1 Year Access 4MP/90 Days Storage","2043.6","CAD","Cameras","active"
"VCV-1YC04C1801  ","Oncloud 1 Year Access 4MP/180 Days Storage","4087.2","CAD","Cameras","active"
"VCV-1YC04C3651  ","Oncloud 1 Year Access 4MP/365 Days Storage","8174.4","CAD","Cameras","active"
"VCV-1YC08C0301  ","Oncloud 1 Year Access 8MP/30 Days Storage","779.45","CAD","Cameras","active"
"VCV-1YC08C0601  ","Oncloud 1 Year Access 8MP/60 Days Storage","1558.9","CAD","Cameras","active"
"VCV-1YC08C0901  ","Oncloud 1 Year Access 8MP/90 Days Storage","2338.35","CAD","Cameras","active"
"VCV-1YC08C1801  ","Oncloud 1 Year Access 8MP/180 Days Storage","4676.7","CAD","Cameras","active"
"VCV-1YC08C3651  ","Oncloud 1 Year Access 8MP/365 Days Storage","9353.4","CAD","Cameras","active"
"VCV-3YC02C0301  ","Oncloud 3 Years Access 2MP/30 Days Storage","1768.5","CAD","Cameras","active"
"VCV-3YC02C0601  ","Oncloud 3 Years Access 2MP/60 Days Storage","3537.0","CAD","Cameras","active"
"VCV-3YC02C0901  ","Oncloud 3 Years Access 2MP/90 Days Storage","5305.5","CAD","Cameras","active"
"VCV-3YC02C1801  ","Oncloud 3 Years Access 2MP/180 Days Storage","10611.0","CAD","Cameras","active"
"VCV-3YC02C3651  ","Oncloud 3 Years Access 2MP/365 Days Storage","21222.0","CAD","Cameras","active"
"VCV-3YC04C0301  ","Oncloud 3 Years Access 4MP/30 Days Storage","2043.6","CAD","Cameras","active"
"VCV-3YC04C0601  ","Oncloud 3 Years Access 4MP/60 Days Storage","4087.2","CAD","Cameras","active"
"VCV-3YC04C0901  ","Oncloud 3 Years Access 4MP/90 Days Storage","6130.8","CAD","Cameras","active"
"VCV-3YC04C1801  ","Oncloud 3 Years Access 4MP/180 Days Storage","12261.6","CAD","Cameras","active"
"VCV-3YC04C3651  ","Oncloud 3 Years Access 4MP/365 Days Storage","24523.2","CAD","Cameras","active"
"VCV-3YC08C0301  ","Oncloud 3 Years Access 8MP/30 Days Storage","2338.35","CAD","Cameras","active"
"VCV-3YC08C0601  ","Oncloud 3 Years Access 8MP/60 Days Storage","4676.7","CAD","Cameras","active"
"VCV-3YC08C0901  ","Oncloud 3 Years Access 8MP/90 Days Storage","7015.05","CAD","Cameras","active"
"VCV-3YC08C1801  ","Oncloud 3 Years Access 8MP/180 Days Storage","14030.1","CAD","Cameras","active"
"VCV-3YC08C3651  ","Oncloud 3 Years Access 8MP/365 Days Storage","28060.2","CAD","Cameras","active"
"CGA-1610","Cloud Gateway Access Appliance - 16 Ports - Cloud CVR Recording - ONVIF support","628.8","CAD","Cameras","active"
"VCD-1YB0001","HealthPro 1 Year Access per device - Remote health monitoring and maintenance","19.65","CAD","Cameras","active"
"VCD-3YB0001","HealthPro 3 Year Access per device - Remote health monitoring and maintenance","56.33","CAD","Cameras","active"
"VCD-5YB0001","HealthPro 5 Year Access per device - Remote health monitoring and maintenance","91.7","CAD","Cameras","active"
"VCB-1YB0001","SightMind 1 Year Access - 1 Year metadata retention","275.1","CAD","Cameras","active"
"VCB-3YB0001","SightMind 3 Year Access - 3 Year metadata retention","825.3","CAD","Cameras","active"
"VCB-5YB0001","SightMind 5 Year Access - 5 Year metadata retention","1375.5","CAD","Cameras","active"
"CA-1Y-Entry","OnCAFE 1 Year Single Entry Channel (Door or Elevator)","262.0","CAD","Cameras","active"
"CA-1Y-BLE20","20-Pack of Bluetooth Mobile App Credentials","65.5","CAD","Cameras","active"
"CA-1Y-WC20","20-Pack of Wavelynx Wallet Credentials","314.4","CAD","Cameras","active"
"SKY-SU301-0","Location Setup Fee Bridge 301 (Rack Form Factor) 1MP: 25CH, 4MP: 20CH, Analytics: 5CH, up to 2 days of local video buffering, 1TB HDD, VGA, DVI This product is subject to the Wisenet SKY agreement.","1231.4","CAD","Recorder accessories","active"
"SKY-SU304p-0","Location Setup Fee Bridge 304+ (Compact and Ruggedized Form Factor) 1MP: 25CH, 4MP: 20CH, Analytics: 5CH, up to 2 days of local video buffering, 1TB SSD, VGA, HDMI This product is subject to the Wisenet SKY agreement.","1231.4","CAD","Cameras","active"
"SKY-SU305-0","Location Setup Fee Bridge 305 (Compact and Ruggedized Form Factor with 4 PoE Ports) 1MP: 15CH, 4MP: 12CH, Analytics: 5CH, up to 2 days of local video buffering, 1TB HDD, HDMI, DP, 4PoE ports This product is subject to the Wisenet SKY agreement.","1710.86","CAD","Cameras","active"
"SKY-SU401-0","Location Setup Fee Bridge 401 (Rack Form Factor) 1MP: 42CH, 4MP: 35CH, Analytics: 10CH, up to 2 LPR cameras, up to 2 days of local video buffering, 1TB HDD, VGA, HDMI, DP This product is subject to the Wisenet SKY agreement.","2054.08","CAD","Recorder accessories","active"
"SKY-SU406p-0","Location Setup Fee Bridge 406+ (Compact Form Factor) 1MP: 44CH, 4MP: 35CH, Analytics: 15CH, up to 2 LPR cameras, up to 2 days of local video buffering for 35CH @ 4MP, 2x HDMI This product is subject to the Wisenet SKY agreement.","2397.3","CAD","Cameras","active"
"SKY-SU501-0","Location Setup Fee Bridge 501 (Rack Form Factor) 1MP: 72CH, 4MP: 50CH, Analytics: 10CH, up to 4 LPR cameras, up to 2 days of local video buffering, 1TB HDD, VGA, HDMI, DP This product is subject to the Wisenet SKY agreement.","2739.21","CAD","Recorder accessories","active"
"SKY-SU504p-0","Location Setup Fee Bridge 504+ Compact and Ruggedized Form Factor) 1MP: 72CH, 4MP: 50CH, Analytics: 20CH, up to 4 LPR cameras, up to 2 days of local video buffering 50CH @ 4MP, HDMI, DP This product is subject to the Wisenet SKY agreement.","3425.65","CAD","Cameras","active"
"SKY-BR320-0","CMVR 320 with 4TB (Rack Form Factor) 1MP: 25CH, 4MP: 20CH, Analytics: 5CH, 4TB HDD (35 days for 20 cameras @ 1MP), VGA, DVI This product is subject to the Wisenet SKY agreement.","1826.14","CAD","Recorder accessories","active"
"SKY-BR324p-0","CMVR 324+ with 4TB (Compact and Ruggedized Form Factor) 1MP: 12CH, 4MP: 8CH, Analytics: 5CH, 4TB HDD (60 days for 12 cameras @ 1MP), VGA, HDMI This product is subject to the Wisenet SKY agreement.","1826.14","CAD","Cameras","active"
"SKY-BR325-0","CMVR 325 with 2TB (Compact and Ruggedized Form Factor with 4 PoE Ports) 1MP: 12CH, 4MP: 8CH, Analytics: 5CH, 2TB HDD (45 days for 8 cameras @ 1MP), HDMI, DP, 4PoE ports This product is subject to the Wisenet SKY agreement.","2168.05","CAD","Cameras","active"
"SKY-BR426p-0","CMVR 426+ with 4TB (Compact and Ruggedized Form Factor) 4MP: 20CH, Analytics: 15CH, up to 2 LPR cameras, 16TB HDD (35 days for 20 cameras @ 4MP), 2x HDMI This product is subject to the Wisenet SKY agreement.","3881.53","CAD","Cameras","active"
"SKY-BR524p-0","CMVR 524+ with 4TB (Compact and Ruggedized Form Factor) 4MP: 25CH, Analytics: 20CH, up to 4 LPR cameras, 16TB HDD (30 days for 25 cameras @ 4MP), HDMI, DP This product is subject to the Wisenet SKY agreement.","5710.29","CAD","Cameras","active"
"SKY-BR420-0","CMVR 420 with 10TB (Rack Form Factor) 1MP: 42CH, 4MP: 35CH, Analytics: 10CH, up to 2 LPR Cameras, 10TB HDD (50 days for 35 camera @ 1MP), VGA, HDMI, DP This product is subject to the Wisenet SKY agreement.","3881.53","CAD","Recorder accessories","active"
"SKY-BR520-0","CMVR 520 with 40TB (raw) 30TB (useable) RAID 5 (Enterprise Rack Form Factor) 1MP: 62CH, 4MP: 50CH, Analytics: 20CH, up to 4 LPR cameras, 40TB (raw) 30TB (useable) RAID 5, (30 days for 40 cameras @ 4MP), VGA, HDMI, DP This product is subject to the Wisenet SKY agreement.","9137.25","CAD","Recorder accessories","active"
"SKY-BR620-0","CMVR 620 with 64TB (raw) 48TB (useable) RAID 5 (Enterprise Rack Form Factor) 1MP: 125CH, 4MP: 100CH, Analytics: 30CH, 64TB (raw) 48TB (useable) RAID 5, (30 days for 60 cameras @ 4MP), VGA, HDMI, DP This product is subject to the Wisenet SKY agreement.","15992.48","CAD","Recorder accessories","active"
"SKY-BR820-0","CMVR 820 with 120TB (raw) 100TB (usable) Raid 6 (Enterprise Rack Form Factor) 1MP: 195CH, 4MP: 165CH, Analytics: 40CH, 120TB (raw) 100TB (useable) Raid 6, (30 days for 130 cameras @ 4MP), VGA, HDMI, DP This product is subject to the Wisenet SKY agreement.","27415.68","CAD","Recorder accessories","active"
"SKY-SW10g-001","Switch SW10g (8 Port Gigabit PoE+ Switch with 2xSFP, 802.3af (max 15.4W), 802.3at (max 30W), max power budget 125W, 10/100/1000 Mbps)","522.69","CAD","Switches","active"
"SKY-SW20g-001","Switch SW20g (16 Port Gigabit PoE+ Switch with 2xUplink and 2xSFP, 802.3af (max 15.4W), 802.3at (max 30W), max power budget 250W, 10/100/1000 Mbps)","1139.7","CAD","Switches","active"
"SKY-SW28g-001","Switch SW28g (24 Port Gigabit PoE+ Switch with 2xUplink and 2xSFP, 802.3af (max 15.4W), 802.3at (max 30W), max power budget 370W, 10/100/1000 Mbps)","1826.14","CAD","Switches","active"
"SKY-SWSFP-002","Switch SFP Copper MMF Module ","89.08","CAD","Switches","active"
"SKY-SWSFP-001","Switch SFP Optical MMF Module (850nm, 1.25Gbps, 550m)","89.08","CAD","Switches","active"
"XRN-6420B2","8K NVR (Intel based), 64Ch, No HDD, 8 SATA HDD bays (up to 10TB per HDD), H.265/H.264/MJPEG, SUNAPI, ONVIF, ARB (Automatic Recovery Backup) & Failover (N+1), Up To 520 Mbps Recording / Up To 200 Mbps Playback, Dual Stream Recording, iSCSI, WiseStream Support, HDMI(x2) Dual Display, Alarm I/O, 2-Way Audio, Maximum Camera Resolution of 32MP Recording/Display, Fisheye Dewarping (Local/CMS), AI Search (Wisenet AI Cameras Only), P2P QR Code.","5467.94","CAD","Recordings","active"
"XRN-6420B2-8TB","8K NVR (Intel based), 64Ch, 8TB RAW, 8 SATA HDD bays (up to 10TB per HDD), H.265/H.264/MJPEG, SUNAPI, ONVIF, ARB (Automatic Recovery Backup) & Failover (N+1), Up To 520 Mbps Recording / Up To 200 Mbps Playback, Dual Stream Recording, iSCSI, WiseStream Support, HDMI(x2) Dual Display, Alarm I/O, 2-Way Audio, Maximum Camera Resolution of 32MP Recording/Display, Fisheye Dewarping (Local/CMS), AI Search (Wisenet AI Cameras Only), P2P QR Code.","6725.54","CAD","Recordings","active"
"XRN-6420B2-10TB","8K NVR (Intel based), 64Ch, 10TB RAW, 8 SATA HDD bays (up to 10TB per HDD), H.265/H.264/MJPEG, SUNAPI, ONVIF, ARB (Automatic Recovery Backup) & Failover (N+1), Up To 520 Mbps Recording / Up To 200 Mbps Playback, Dual Stream Recording, iSCSI, WiseStream Support, HDMI(x2) Dual Display, Alarm I/O, 2-Way Audio, Maximum Camera Resolution of 32MP Recording/Display, Fisheye Dewarping (Local/CMS), AI Search (Wisenet AI Cameras Only), P2P QR Code.","7039.94","CAD","Recordings","active"
"XRN-6420B2-16TB","8K NVR (Intel based), 64Ch, 16TB RAW, 8 SATA HDD bays (up to 10TB per HDD), H.265/H.264/MJPEG, SUNAPI, ONVIF, ARB (Automatic Recovery Backup) & Failover (N+1), Up To 520 Mbps Recording / Up To 200 Mbps Playback, Dual Stream Recording, iSCSI, WiseStream Support, HDMI(x2) Dual Display, Alarm I/O, 2-Way Audio, Maximum Camera Resolution of 32MP Recording/Display, Fisheye Dewarping (Local/CMS), AI Search (Wisenet AI Cameras Only), P2P QR Code.","7983.14","CAD","Recordings","active"
"XRN-6420B2-20TB","8K NVR (Intel based), 64Ch, 20TB RAW, 8 SATA HDD bays (up to 10TB per HDD), H.265/H.264/MJPEG, SUNAPI, ONVIF, ARB (Automatic Recovery Backup) & Failover (N+1), Up To 520 Mbps Recording / Up To 200 Mbps Playback, Dual Stream Recording, iSCSI, WiseStream Support, HDMI(x2) Dual Display, Alarm I/O, 2-Way Audio, Maximum Camera Resolution of 32MP Recording/Display, Fisheye Dewarping (Local/CMS), AI Search (Wisenet AI Cameras Only), P2P QR Code.","8611.94","CAD","Recordings","active"
"XRN-6420B2-32TB","8K NVR (Intel based), 64Ch, 32TB RAW, 8 SATA HDD bays (up to 10TB per HDD), H.265/H.264/MJPEG, SUNAPI, ONVIF, ARB (Automatic Recovery Backup) & Failover (N+1), Up To 520 Mbps Recording / Up To 200 Mbps Playback, Dual Stream Recording, iSCSI, WiseStream Support, HDMI(x2) Dual Display, Alarm I/O, 2-Way Audio, Maximum Camera Resolution of 32MP Recording/Display, Fisheye Dewarping (Local/CMS), AI Search (Wisenet AI Cameras Only), P2P QR Code.","10498.34","CAD","Recordings","active"
"XRN-6420B2-40TB","8K NVR (Intel based), 64Ch, 40TB RAW, 8 SATA HDD bays (up to 10TB per HDD), H.265/H.264/MJPEG, SUNAPI, ONVIF, ARB (Automatic Recovery Backup) & Failover (N+1), Up To 520 Mbps Recording / Up To 200 Mbps Playback, Dual Stream Recording, iSCSI, WiseStream Support, HDMI(x2) Dual Display, Alarm I/O, 2-Way Audio, Maximum Camera Resolution of 32MP Recording/Display, Fisheye Dewarping (Local/CMS), AI Search (Wisenet AI Cameras Only), P2P QR Code.","11755.94","CAD","Recordings","active"
"XRN-6420B2-48TB","8K NVR (Intel based), 64Ch, 48TB RAW, 8 SATA HDD bays (up to 10TB per HDD), H.265/H.264/MJPEG, SUNAPI, ONVIF, ARB (Automatic Recovery Backup) & Failover (N+1), Up To 520 Mbps Recording / Up To 200 Mbps Playback, Dual Stream Recording, iSCSI, WiseStream Support, HDMI(x2) Dual Display, Alarm I/O, 2-Way Audio, Maximum Camera Resolution of 32MP Recording/Display, Fisheye Dewarping (Local/CMS), AI Search (Wisenet AI Cameras Only), P2P QR Code.","13013.54","CAD","Recordings","active"
"XRN-6420B2-60TB","8K NVR (Intel based), 64Ch, 60TB RAW, 8 SATA HDD bays (up to 10TB per HDD), H.265/H.264/MJPEG, SUNAPI, ONVIF, ARB (Automatic Recovery Backup) & Failover (N+1), Up To 520 Mbps Recording / Up To 200 Mbps Playback, Dual Stream Recording, iSCSI, WiseStream Support, HDMI(x2) Dual Display, Alarm I/O, 2-Way Audio, Maximum Camera Resolution of 32MP Recording/Display, Fisheye Dewarping (Local/CMS), AI Search (Wisenet AI Cameras Only), P2P QR Code.","14899.94","CAD","Recordings","active"
"XRN-6420B2-64TB","8K NVR (Intel based), 64Ch, 64TB RAW, 8 SATA HDD bays (up to 10TB per HDD), H.265/H.264/MJPEG, SUNAPI, ONVIF, ARB (Automatic Recovery Backup) & Failover (N+1), Up To 520 Mbps Recording / Up To 200 Mbps Playback, Dual Stream Recording, iSCSI, WiseStream Support, HDMI(x2) Dual Display, Alarm I/O, 2-Way Audio, Maximum Camera Resolution of 32MP Recording/Display, Fisheye Dewarping (Local/CMS), AI Search (Wisenet AI Cameras Only), P2P QR Code.","15528.74","CAD","Recordings","active"
"XRN-6420B2-80TB","8K NVR (Intel based), 64Ch, 80TB RAW, 8 SATA HDD bays (up to 10TB per HDD), H.265/H.264/MJPEG, SUNAPI, ONVIF, ARB (Automatic Recovery Backup) & Failover (N+1), Up To 520 Mbps Recording / Up To 200 Mbps Playback, Dual Stream Recording, iSCSI, WiseStream Support, HDMI(x2) Dual Display, Alarm I/O, 2-Way Audio, Maximum Camera Resolution of 32MP Recording/Display, Fisheye Dewarping (Local/CMS), AI Search (Wisenet AI Cameras Only), P2P QR Code.","18043.94","CAD","Recordings","active"
"XRN-6420RB2","8K NVR (Intel based), 64Ch, No HDD, 8 SATA HDD bays (up to 10TB per HDD), H.265/H.264/MJPEG, SUNAPI, ONVIF, ARB (Automatic Recovery Backup) & Failover (N+1), Up To 520 Mbps Recording / Up To 200 Mbps Playback, Dual Stream Recording, iSCSI, WiseStream Support, HDMI(x2) Dual Display, Alarm I/O, 2-Way Audio, Maximum Camera Resolution of 32MP Recording/Display, Fisheye Dewarping (Local/CMS), AI Search (Wisenet AI Cameras Only), Support for RAID 5/6 (NOTE: RAID requires a minimum number of installed HDDs), P2P QR Code.","7144.74","CAD","Recordings","active"
"XRN-6420RB2-8TB","8K NVR (Intel based), 64Ch, 8TB RAW, 8 SATA HDD bays (up to 10TB per HDD), H.265/H.264/MJPEG, SUNAPI, ONVIF, ARB (Automatic Recovery Backup) & Failover (N+1), Up To 520 Mbps Recording / Up To 200 Mbps Playback, Dual Stream Recording, iSCSI, WiseStream Support, HDMI(x2) Dual Display, Alarm I/O, 2-Way Audio, Maximum Camera Resolution of 32MP Recording/Display, Fisheye Dewarping (Local/CMS), AI Search (Wisenet AI Cameras Only), Support for RAID 5/6 (NOTE: RAID requires a minimum number of installed HDDs), P2P QR Code.","8402.34","CAD","Recordings","active"
"XRN-6420RB2-10TB","8K NVR (Intel based), 64Ch, 10TB RAW, 8 SATA HDD bays (up to 10TB per HDD), H.265/H.264/MJPEG, SUNAPI, ONVIF, ARB (Automatic Recovery Backup) & Failover (N+1), Up To 520 Mbps Recording / Up To 200 Mbps Playback, Dual Stream Recording, iSCSI, WiseStream Support, HDMI(x2) Dual Display, Alarm I/O, 2-Way Audio, Maximum Camera Resolution of 32MP Recording/Display, Fisheye Dewarping (Local/CMS), AI Search (Wisenet AI Cameras Only), Support for RAID 5/6 (NOTE: RAID requires a minimum number of installed HDDs), P2P QR Code.","8716.74","CAD","Recordings","active"
"XRN-6420RB2-16TB","8K NVR (Intel based), 64Ch, 16TB RAW, 8 SATA HDD bays (up to 10TB per HDD), H.265/H.264/MJPEG, SUNAPI, ONVIF, ARB (Automatic Recovery Backup) & Failover (N+1), Up To 520 Mbps Recording / Up To 200 Mbps Playback, Dual Stream Recording, iSCSI, WiseStream Support, HDMI(x2) Dual Display, Alarm I/O, 2-Way Audio, Maximum Camera Resolution of 32MP Recording/Display, Fisheye Dewarping (Local/CMS), AI Search (Wisenet AI Cameras Only), Support for RAID 5/6 (NOTE: RAID requires a minimum number of installed HDDs), P2P QR Code.","9659.94","CAD","Recordings","active"
"XRN-6420RB2-20TB","8K NVR (Intel based), 64Ch, 20TB RAW, 8 SATA HDD bays (up to 10TB per HDD), H.265/H.264/MJPEG, SUNAPI, ONVIF, ARB (Automatic Recovery Backup) & Failover (N+1), Up To 520 Mbps Recording / Up To 200 Mbps Playback, Dual Stream Recording, iSCSI, WiseStream Support, HDMI(x2) Dual Display, Alarm I/O, 2-Way Audio, Maximum Camera Resolution of 32MP Recording/Display, Fisheye Dewarping (Local/CMS), AI Search (Wisenet AI Cameras Only), Support for RAID 5/6 (NOTE: RAID requires a minimum number of installed HDDs), P2P QR Code.","10288.74","CAD","Recordings","active"
"XRN-6420RB2-32TB","8K NVR (Intel based), 64Ch, 32TB RAW, 8 SATA HDD bays (up to 10TB per HDD), H.265/H.264/MJPEG, SUNAPI, ONVIF, ARB (Automatic Recovery Backup) & Failover (N+1), Up To 520 Mbps Recording / Up To 200 Mbps Playback, Dual Stream Recording, iSCSI, WiseStream Support, HDMI(x2) Dual Display, Alarm I/O, 2-Way Audio, Maximum Camera Resolution of 32MP Recording/Display, Fisheye Dewarping (Local/CMS), AI Search (Wisenet AI Cameras Only), Support for RAID 5/6 (NOTE: RAID requires a minimum number of installed HDDs), P2P QR Code.","12175.14","CAD","Recordings","active"
"XRN-6420RB2-40TB","8K NVR (Intel based), 64Ch, 40TB RAW, 8 SATA HDD bays (up to 10TB per HDD), H.265/H.264/MJPEG, SUNAPI, ONVIF, ARB (Automatic Recovery Backup) & Failover (N+1), Up To 520 Mbps Recording / Up To 200 Mbps Playback, Dual Stream Recording, iSCSI, WiseStream Support, HDMI(x2) Dual Display, Alarm I/O, 2-Way Audio, Maximum Camera Resolution of 32MP Recording/Display, Fisheye Dewarping (Local/CMS), AI Search (Wisenet AI Cameras Only), Support for RAID 5/6 (NOTE: RAID requires a minimum number of installed HDDs), P2P QR Code.","13432.74","CAD","Recordings","active"
"XRN-6420RB2-48TB","8K NVR (Intel based), 64Ch, 48TB RAW, 8 SATA HDD bays (up to 10TB per HDD), H.265/H.264/MJPEG, SUNAPI, ONVIF, ARB (Automatic Recovery Backup) & Failover (N+1), Up To 520 Mbps Recording / Up To 200 Mbps Playback, Dual Stream Recording, iSCSI, WiseStream Support, HDMI(x2) Dual Display, Alarm I/O, 2-Way Audio, Maximum Camera Resolution of 32MP Recording/Display, Fisheye Dewarping (Local/CMS), AI Search (Wisenet AI Cameras Only), Support for RAID 5/6 (NOTE: RAID requires a minimum number of installed HDDs), P2P QR Code.","14690.34","CAD","Recordings","active"
"XRN-6420RB2-60TB","8K NVR (Intel based), 64Ch, 60TB RAW, 8 SATA HDD bays (up to 10TB per HDD), H.265/H.264/MJPEG, SUNAPI, ONVIF, ARB (Automatic Recovery Backup) & Failover (N+1), Up To 520 Mbps Recording / Up To 200 Mbps Playback, Dual Stream Recording, iSCSI, WiseStream Support, HDMI(x2) Dual Display, Alarm I/O, 2-Way Audio, Maximum Camera Resolution of 32MP Recording/Display, Fisheye Dewarping (Local/CMS), AI Search (Wisenet AI Cameras Only), Support for RAID 5/6 (NOTE: RAID requires a minimum number of installed HDDs), P2P QR Code.","16576.74","CAD","Recordings","active"
"XRN-6420RB2-64TB","8K NVR (Intel based), 64Ch, 64TB RAW, 8 SATA HDD bays (up to 10TB per HDD), H.265/H.264/MJPEG, SUNAPI, ONVIF, ARB (Automatic Recovery Backup) & Failover (N+1), Up To 520 Mbps Recording / Up To 200 Mbps Playback, Dual Stream Recording, iSCSI, WiseStream Support, HDMI(x2) Dual Display, Alarm I/O, 2-Way Audio, Maximum Camera Resolution of 32MP Recording/Display, Fisheye Dewarping (Local/CMS), AI Search (Wisenet AI Cameras Only), Support for RAID 5/6 (NOTE: RAID requires a minimum number of installed HDDs), P2P QR Code.","17205.54","CAD","Recordings","active"
"XRN-6420RB2-80TB","8K NVR (Intel based), 64Ch, 80TB RAW, 8 SATA HDD bays (up to 10TB per HDD), H.265/H.264/MJPEG, SUNAPI, ONVIF, ARB (Automatic Recovery Backup) & Failover (N+1), Up To 520 Mbps Recording / Up To 200 Mbps Playback, Dual Stream Recording, iSCSI, WiseStream Support, HDMI(x2) Dual Display, Alarm I/O, 2-Way Audio, Maximum Camera Resolution of 32MP Recording/Display, Fisheye Dewarping (Local/CMS), AI Search (Wisenet AI Cameras Only), Support for RAID 5/6 (NOTE: RAID requires a minimum number of installed HDDs), P2P QR Code.","19720.74","CAD","Recordings","active"
"PRN-6400DB4","8K NVR (Intel based), No HDD, 64 channels, H.265, H.264, MJPEG, 16 fixed internal SATA HDDs (10TB max per HDD), RAID 5 & 6, ARB (Automatic Recovery Backup), 400 Mbps recording / up to 32 Mbps playback, Dual stream recording, WiseStream technology, HDMI/VGA dual display, max. resolution of 32MP recording/display and fisheye dewarping, add AI to some P, X and Q series Hanwha Cameras, web UI 2.0 (no plugins required), AI search (Wisenet AI cameras only), QR Code. NDAA & FCC Compliant Model. .","17187.2","CAD","Recordings","active"
"PRN-6400DB4-12TB","8K NVR (Intel based), 12TB RAW, 64 channels, H.265, H.264, MJPEG, 16 fixed internal SATA HDDs (10TB max per HDD), RAID 5 & 6, ARB (Automatic Recovery Backup), 400 Mbps recording / up to 32 Mbps playback, Dual stream recording, WiseStream technology, HDMI/VGA dual display, max. resolution of 32MP recording/display and fisheye dewarping, add AI to some P, X and Q series Hanwha Cameras, web UI 2.0 (no plugins required), AI search (Wisenet AI cameras only), QR Code. NDAA & FCC Compliant Model. ","19073.6","CAD","Recordings","active"
"PRN-6400DB4-16TB","8K NVR (Intel based),16TB RAW, 64 channels, H.265, H.264, MJPEG, 16 fixed internal SATA HDDs (10TB max per HDD), RAID 5 & 6, ARB (Automatic Recovery Backup), 400 Mbps recording / up to 32 Mbps playback, Dual stream recording, WiseStream technology, HDMI/VGA dual display, max. resolution of 32MP recording/display and fisheye dewarping, add AI to some P, X and Q series Hanwha Cameras, web UI 2.0 (no plugins required), AI search (Wisenet AI cameras only), QR Code. NDAA & FCC Compliant Model. ","19702.4","CAD","Recordings","active"
"PRN-6400DB4-20TB","8K NVR (Intel based), 20TB RAW, 64 channels, H.265, H.264, MJPEG, 16 fixed internal SATA HDDs (10TB max per HDD), RAID 5 & 6, ARB (Automatic Recovery Backup), 400 Mbps recording / up to 32 Mbps playback, Dual stream recording, WiseStream technology, HDMI/VGA dual display, max. resolution of 32MP recording/display and fisheye dewarping, add AI to some P, X and Q series Hanwha Cameras, web UI 2.0 (no plugins required), AI search (Wisenet AI cameras only), QR Code. NDAA & FCC Compliant Model. ","20331.2","CAD","Recordings","active"
"PRN-6400DB4-24TB","8K NVR (Intel based), 24TB RAW, 64 channels, H.265, H.264, MJPEG, 16 fixed internal SATA HDDs (10TB max per HDD), RAID 5 & 6, ARB (Automatic Recovery Backup), 400 Mbps recording / up to 32 Mbps playback, Dual stream recording, WiseStream technology, HDMI/VGA dual display, max. resolution of 32MP recording/display and fisheye dewarping, add AI to some P, X and Q series Hanwha Cameras, web UI 2.0 (no plugins required), AI search (Wisenet AI cameras only), QR Code. NDAA & FCC Compliant Model. ","20960.0","CAD","Recordings","active"
"PRN-6400DB4-32TB","8K NVR (Intel based), 32TB RAW, 64 channels, H.265, H.264, MJPEG, 16 fixed internal SATA HDDs (10TB max per HDD), RAID 5 & 6, ARB (Automatic Recovery Backup), 400 Mbps recording / up to 32 Mbps playback, Dual stream recording, WiseStream technology, HDMI/VGA dual display, max. resolution of 32MP recording/display and fisheye dewarping, add AI to some P, X and Q series Hanwha Cameras, web UI 2.0 (no plugins required), AI search (Wisenet AI cameras only), QR Code. NDAA & FCC Compliant Model. ","22217.6","CAD","Recordings","active"
"PRN-6400DB4-40TB","8K NVR (Intel based), 40TB RAW, 64 channels, H.265, H.264, MJPEG, 16 fixed internal SATA HDDs (10TB max per HDD), RAID 5 & 6, ARB (Automatic Recovery Backup), 400 Mbps recording / up to 32 Mbps playback, Dual stream recording, WiseStream technology, HDMI/VGA dual display, max. resolution of 32MP recording/display and fisheye dewarping, add AI to some P, X and Q series Hanwha Cameras, web UI 2.0 (no plugins required), AI search (Wisenet AI cameras only), QR Code. NDAA & FCC Compliant Model. ","23475.2","CAD","Recordings","active"
"PRN-6400DB4-48TB","8K NVR (Intel based), 48TB RAW, 64 channels, H.265, H.264, MJPEG, 16 fixed internal SATA HDDs (10TB max per HDD), RAID 5 & 6, ARB (Automatic Recovery Backup), 400 Mbps recording / up to 32 Mbps playback, Dual stream recording, WiseStream technology, HDMI/VGA dual display, max. resolution of 32MP recording/display and fisheye dewarping, add AI to some P, X and Q series Hanwha Cameras, web UI 2.0 (no plugins required), AI search (Wisenet AI cameras only), QR Code. NDAA & FCC Compliant Model. ","24732.8","CAD","Recordings","active"
"PRN-6400DB4-56TB","8K NVR (Intel based), 56TB RAW, 64 channels, H.265, H.264, MJPEG, 16 fixed internal SATA HDDs (10TB max per HDD), RAID 5 & 6, ARB (Automatic Recovery Backup), 400 Mbps recording / up to 32 Mbps playback, Dual stream recording, WiseStream technology, HDMI/VGA dual display, max. resolution of 32MP recording/display and fisheye dewarping, add AI to some P, X and Q series Hanwha Cameras, web UI 2.0 (no plugins required), AI search (Wisenet AI cameras only), QR Code. NDAA & FCC Compliant Model. ","25990.4","CAD","Recordings","active"
"PRN-6400DB4-64TB","8K NVR (Intel based), 64TB RAW, 64 channels, H.265, H.264, MJPEG, 16 fixed internal SATA HDDs (10TB max per HDD), RAID 5 & 6, ARB (Automatic Recovery Backup), 400 Mbps recording / up to 32 Mbps playback, Dual stream recording, WiseStream technology, HDMI/VGA dual display, max. resolution of 32MP recording/display and fisheye dewarping, add AI to some P, X and Q series Hanwha Cameras, web UI 2.0 (no plugins required), AI search (Wisenet AI cameras only), QR Code. NDAA & FCC Compliant Model. ","27248.0","CAD","Recordings","active"
"PRN-6400DB4-88TB","8K NVR (Intel based), 88TB RAW, 64 channels, H.265, H.264, MJPEG, 16 fixed internal SATA HDDs (10TB max per HDD), RAID 5 & 6, ARB (Automatic Recovery Backup), 400 Mbps recording / up to 32 Mbps playback, Dual stream recording, WiseStream technology, HDMI/VGA dual display, max. resolution of 32MP recording/display and fisheye dewarping, add AI to some P, X and Q series Hanwha Cameras, web UI 2.0 (no plugins required), AI search (Wisenet AI cameras only), QR Code. NDAA & FCC Compliant Model. ","31020.8","CAD","Recordings","active"
"PRN-6400DB4-96TB","8K NVR (Intel based), 96TB RAW, 64 channels, H.265, H.264, MJPEG, 16 fixed internal SATA HDDs (10TB max per HDD), RAID 5 & 6, ARB (Automatic Recovery Backup), 400 Mbps recording / up to 32 Mbps playback, Dual stream recording, WiseStream technology, HDMI/VGA dual display, max. resolution of 32MP recording/display and fisheye dewarping, add AI to some P, X and Q series Hanwha Cameras, web UI 2.0 (no plugins required), AI search (Wisenet AI cameras only), QR Code. NDAA & FCC Compliant Model. ","32278.4","CAD","Recordings","active"
"PRN-6400DB4-104TB","8K NVR (Intel based), 104TB RAW, 64 channels, H.265, H.264, MJPEG, 16 fixed internal SATA HDDs (10TB max per HDD), RAID 5 & 6, ARB (Automatic Recovery Backup), 400 Mbps recording / up to 32 Mbps playback, Dual stream recording, WiseStream technology, HDMI/VGA dual display, max. resolution of 32MP recording/display and fisheye dewarping, add AI to some P, X and Q series Hanwha Cameras, web UI 2.0 (no plugins required), AI search (Wisenet AI cameras only), QR Code. NDAA & FCC Compliant Model. ","33536.0","CAD","Recordings","active"
"PRN-6400DB4-112TB","8K NVR (Intel based), 112TB RAW, 64 channels, H.265, H.264, MJPEG, 16 fixed internal SATA HDDs (10TB max per HDD), RAID 5 & 6, ARB (Automatic Recovery Backup), 400 Mbps recording / up to 32 Mbps playback, Dual stream recording, WiseStream technology, HDMI/VGA dual display, max. resolution of 32MP recording/display and fisheye dewarping, add AI to some P, X and Q series Hanwha Cameras, web UI 2.0 (no plugins required), AI search (Wisenet AI cameras only), QR Code. NDAA & FCC Compliant Model. ","34793.6","CAD","Recordings","active"
"PRN-6400DB4-120TB","8K NVR (Intel based), 120TB RAW, 64 channels, H.265, H.264, MJPEG, 16 fixed internal SATA HDDs (10TB max per HDD), RAID 5 & 6, ARB (Automatic Recovery Backup), 400 Mbps recording / up to 32 Mbps playback, Dual stream recording, WiseStream technology, HDMI/VGA dual display, max. resolution of 32MP recording/display and fisheye dewarping, add AI to some P, X and Q series Hanwha Cameras, web UI 2.0 (no plugins required), AI search (Wisenet AI cameras only), QR Code. NDAA & FCC Compliant Model. ","36051.2","CAD","Recordings","active"
"PRN-6400DB4-128TB","8K NVR (Intel based), 128TB RAW, 64 channels, H.265, H.264, MJPEG, 16 fixed internal SATA HDDs (10TB max per HDD), RAID 5 & 6, ARB (Automatic Recovery Backup), 400 Mbps recording / up to 32 Mbps playback, Dual stream recording, WiseStream technology, HDMI/VGA dual display, max. resolution of 32MP recording/display and fisheye dewarping, add AI to some P, X and Q series Hanwha Cameras, web UI 2.0 (no plugins required), AI search (Wisenet AI cameras only), QR Code. NDAA & FCC Compliant Model. ","37308.8","CAD","Recordings","active"
"PRN-6400DB4-140TB","8K NVR (Intel based), 140TB RAW, 64 channels, H.265, H.264, MJPEG, 16 fixed internal SATA HDDs (10TB max per HDD), RAID 5 & 6, ARB (Automatic Recovery Backup), 400 Mbps recording / up to 32 Mbps playback, Dual stream recording, WiseStream technology, HDMI/VGA dual display, max. resolution of 32MP recording/display and fisheye dewarping, add AI to some P, X and Q series Hanwha Cameras, web UI 2.0 (no plugins required), AI search (Wisenet AI cameras only), QR Code. NDAA & FCC Compliant Model. ","39195.2","CAD","Recordings","active"
"PRN-6400DB4-150TB","8K NVR (Intel based), 150TB RAW, 64 channels, H.265, H.264, MJPEG, 16 fixed internal SATA HDDs (10TB max per HDD), RAID 5 & 6, ARB (Automatic Recovery Backup), 400 Mbps recording / up to 32 Mbps playback, Dual stream recording, WiseStream technology, HDMI/VGA dual display, max. resolution of 32MP recording/display and fisheye dewarping, add AI to some P, X and Q series Hanwha Cameras, web UI 2.0 (no plugins required), AI search (Wisenet AI cameras only), QR Code. NDAA & FCC Compliant Model. ","40767.2","CAD","Recordings","active"
"PRN-6400DB4-160TB","8K NVR (Intel based), 160TB RAW, 64 channels, H.265, H.264, MJPEG, 16 fixed internal SATA HDDs (10TB max per HDD), RAID 5 & 6, ARB (Automatic Recovery Backup), 400 Mbps recording / up to 32 Mbps playback, Dual stream recording, WiseStream technology, HDMI/VGA dual display, max. resolution of 32MP recording/display and fisheye dewarping, add AI to some P, X and Q series Hanwha Cameras, web UI 2.0 (no plugins required), AI search (Wisenet AI cameras only), QR Code. NDAA & FCC Compliant Model. ","42339.2","CAD","Recordings","active"
"PRN-3200B4","8K NVR (Intel based), No HDD, 32 channels, H.265, H.264, MJPEG, 16 fixed internal SATA HDDs (10TB max per HDD), RAID 5 & 6, ARB (Automatic Recovery Backup), 400 Mbps recording / up to 32 Mbps playback, Dual stream recording, WiseStream technology, HDMI/VGA dual display, max. resolution of 32MP recording/display and fisheye dewarping, add AI to some P, X and Q series Hanwha Cameras, web UI 2.0 (no plugins required), AI search (Wisenet AI cameras only), QR Code. NDAA & FCC Compliant Model. .","11930.17","CAD","Recordings","active"
"PRN-3200B4-12TB","8K NVR (Intel based), 12TB RAW, 32 channels, H.265, H.264, MJPEG, 16 fixed internal SATA HDDs (10TB max per HDD), RAID 5 & 6, ARB (Automatic Recovery Backup), 400 Mbps recording / up to 32 Mbps playback, Dual stream recording, WiseStream technology, HDMI/VGA dual display, max. resolution of 32MP recording/display and fisheye dewarping, add AI to some P, X and Q series Hanwha Cameras, web UI 2.0 (no plugins required), AI search (Wisenet AI cameras only), QR Code. NDAA & FCC Compliant Model. ","13816.57","CAD","Recordings","active"
"PRN-3200B4-16TB","8K NVR (Intel based),16TB RAW, 32 channels, H.265, H.264, MJPEG, 16 fixed internal SATA HDDs (10TB max per HDD), RAID 5 & 6, ARB (Automatic Recovery Backup), 400 Mbps recording / up to 32 Mbps playback, Dual stream recording, WiseStream technology, HDMI/VGA dual display, max. resolution of 32MP recording/display and fisheye dewarping, add AI to some P, X and Q series Hanwha Cameras, web UI 2.0 (no plugins required), AI search (Wisenet AI cameras only), QR Code. NDAA & FCC Compliant Model. ","14445.37","CAD","Recordings","active"
"PRN-3200B4-20TB","8K NVR (Intel based), 20TB RAW, 32 channels, H.265, H.264, MJPEG, 16 fixed internal SATA HDDs (10TB max per HDD), RAID 5 & 6, ARB (Automatic Recovery Backup), 400 Mbps recording / up to 32 Mbps playback, Dual stream recording, WiseStream technology, HDMI/VGA dual display, max. resolution of 32MP recording/display and fisheye dewarping, add AI to some P, X and Q series Hanwha Cameras, web UI 2.0 (no plugins required), AI search (Wisenet AI cameras only), QR Code. NDAA & FCC Compliant Model. ","15074.17","CAD","Recordings","active"
"PRN-3200B4-24TB","8K NVR (Intel based), 24TB RAW, 32 channels, H.265, H.264, MJPEG, 16 fixed internal SATA HDDs (10TB max per HDD), RAID 5 & 6, ARB (Automatic Recovery Backup), 400 Mbps recording / up to 32 Mbps playback, Dual stream recording, WiseStream technology, HDMI/VGA dual display, max. resolution of 32MP recording/display and fisheye dewarping, add AI to some P, X and Q series Hanwha Cameras, web UI 2.0 (no plugins required), AI search (Wisenet AI cameras only), QR Code. NDAA & FCC Compliant Model. ","15702.97","CAD","Recordings","active"
"PRN-3200B4-32TB","8K NVR (Intel based), 32TB RAW, 32 channels, H.265, H.264, MJPEG, 16 fixed internal SATA HDDs (10TB max per HDD), RAID 5 & 6, ARB (Automatic Recovery Backup), 400 Mbps recording / up to 32 Mbps playback, Dual stream recording, WiseStream technology, HDMI/VGA dual display, max. resolution of 32MP recording/display and fisheye dewarping, add AI to some P, X and Q series Hanwha Cameras, web UI 2.0 (no plugins required), AI search (Wisenet AI cameras only), QR Code. NDAA & FCC Compliant Model. ","16960.57","CAD","Recordings","active"
"PRN-3200B4-40TB","8K NVR (Intel based), 40TB RAW, 32 channels, H.265, H.264, MJPEG, 16 fixed internal SATA HDDs (10TB max per HDD), RAID 5 & 6, ARB (Automatic Recovery Backup), 400 Mbps recording / up to 32 Mbps playback, Dual stream recording, WiseStream technology, HDMI/VGA dual display, max. resolution of 32MP recording/display and fisheye dewarping, add AI to some P, X and Q series Hanwha Cameras, web UI 2.0 (no plugins required), AI search (Wisenet AI cameras only), QR Code. NDAA & FCC Compliant Model. ","18218.17","CAD","Recordings","active"
"PRN-3200B4-48TB","8K NVR (Intel based), 48TB RAW, 32 channels, H.265, H.264, MJPEG, 16 fixed internal SATA HDDs (10TB max per HDD), RAID 5 & 6, ARB (Automatic Recovery Backup), 400 Mbps recording / up to 32 Mbps playback, Dual stream recording, WiseStream technology, HDMI/VGA dual display, max. resolution of 32MP recording/display and fisheye dewarping, add AI to some P, X and Q series Hanwha Cameras, web UI 2.0 (no plugins required), AI search (Wisenet AI cameras only), QR Code. NDAA & FCC Compliant Model. ","19475.77","CAD","Recordings","active"
"PRN-3200B4-56TB","8K NVR (Intel based), 56TB RAW, 32 channels, H.265, H.264, MJPEG, 16 fixed internal SATA HDDs (10TB max per HDD), RAID 5 & 6, ARB (Automatic Recovery Backup), 400 Mbps recording / up to 32 Mbps playback, Dual stream recording, WiseStream technology, HDMI/VGA dual display, max. resolution of 32MP recording/display and fisheye dewarping, add AI to some P, X and Q series Hanwha Cameras, web UI 2.0 (no plugins required), AI search (Wisenet AI cameras only), QR Code. NDAA & FCC Compliant Model. ","20733.37","CAD","Recordings","active"
"PRN-3200B4-64TB","8K NVR (Intel based), 64TB RAW, 32 channels, H.265, H.264, MJPEG, 16 fixed internal SATA HDDs (10TB max per HDD), RAID 5 & 6, ARB (Automatic Recovery Backup), 400 Mbps recording / up to 32 Mbps playback, Dual stream recording, WiseStream technology, HDMI/VGA dual display, max. resolution of 32MP recording/display and fisheye dewarping, add AI to some P, X and Q series Hanwha Cameras, web UI 2.0 (no plugins required), AI search (Wisenet AI cameras only), QR Code. NDAA & FCC Compliant Model. ","21990.97","CAD","Recordings","active"
"PRN-3200B4-88TB","8K NVR (Intel based), 88TB RAW, 32 channels, H.265, H.264, MJPEG, 16 fixed internal SATA HDDs (10TB max per HDD), RAID 5 & 6, ARB (Automatic Recovery Backup), 400 Mbps recording / up to 32 Mbps playback, Dual stream recording, WiseStream technology, HDMI/VGA dual display, max. resolution of 32MP recording/display and fisheye dewarping, add AI to some P, X and Q series Hanwha Cameras, web UI 2.0 (no plugins required), AI search (Wisenet AI cameras only), QR Code. NDAA & FCC Compliant Model. ","25763.77","CAD","Recordings","active"
"PRN-3200B4-96TB","8K NVR (Intel based), 96TB RAW, 32 channels, H.265, H.264, MJPEG, 16 fixed internal SATA HDDs (10TB max per HDD), RAID 5 & 6, ARB (Automatic Recovery Backup), 400 Mbps recording / up to 32 Mbps playback, Dual stream recording, WiseStream technology, HDMI/VGA dual display, max. resolution of 32MP recording/display and fisheye dewarping, add AI to some P, X and Q series Hanwha Cameras, web UI 2.0 (no plugins required), AI search (Wisenet AI cameras only), QR Code. NDAA & FCC Compliant Model. ","27021.37","CAD","Recordings","active"
"PRN-3200B4-104TB","8K NVR (Intel based), 104TB RAW, 32 channels, H.265, H.264, MJPEG, 16 fixed internal SATA HDDs (10TB max per HDD), RAID 5 & 6, ARB (Automatic Recovery Backup), 400 Mbps recording / up to 32 Mbps playback, Dual stream recording, WiseStream technology, HDMI/VGA dual display, max. resolution of 32MP recording/display and fisheye dewarping, add AI to some P, X and Q series Hanwha Cameras, web UI 2.0 (no plugins required), AI search (Wisenet AI cameras only), QR Code. NDAA & FCC Compliant Model. ","28278.97","CAD","Recordings","active"
"PRN-3200B4-112TB","8K NVR (Intel based), 112TB RAW, 32 channels, H.265, H.264, MJPEG, 16 fixed internal SATA HDDs (10TB max per HDD), RAID 5 & 6, ARB (Automatic Recovery Backup), 400 Mbps recording / up to 32 Mbps playback, Dual stream recording, WiseStream technology, HDMI/VGA dual display, max. resolution of 32MP recording/display and fisheye dewarping, add AI to some P, X and Q series Hanwha Cameras, web UI 2.0 (no plugins required), AI search (Wisenet AI cameras only), QR Code. NDAA & FCC Compliant Model. ","31422.97","CAD","Recordings","active"
"PRN-3200B4-120TB","8K NVR (Intel based), 120TB RAW, 32 channels, H.265, H.264, MJPEG, 16 fixed internal SATA HDDs (10TB max per HDD), RAID 5 & 6, ARB (Automatic Recovery Backup), 400 Mbps recording / up to 32 Mbps playback, Dual stream recording, WiseStream technology, HDMI/VGA dual display, max. resolution of 32MP recording/display and fisheye dewarping, add AI to some P, X and Q series Hanwha Cameras, web UI 2.0 (no plugins required), AI search (Wisenet AI cameras only), QR Code. NDAA & FCC Compliant Model. ","33309.37","CAD","Recordings","active"
"PRN-3200B4-128TB","8K NVR (Intel based), 128TB RAW, 32 channels, H.265, H.264, MJPEG, 16 fixed internal SATA HDDs (10TB max per HDD), RAID 5 & 6, ARB (Automatic Recovery Backup), 400 Mbps recording / up to 32 Mbps playback, Dual stream recording, WiseStream technology, HDMI/VGA dual display, max. resolution of 32MP recording/display and fisheye dewarping, add AI to some P, X and Q series Hanwha Cameras, web UI 2.0 (no plugins required), AI search (Wisenet AI cameras only), QR Code. NDAA & FCC Compliant Model. ","35195.77","CAD","Recordings","active"
"PRN-3200B4-140TB","8K NVR (Intel based), 140TB RAW, 32 channels, H.265, H.264, MJPEG, 16 fixed internal SATA HDDs (10TB max per HDD), RAID 5 & 6, ARB (Automatic Recovery Backup), 400 Mbps recording / up to 32 Mbps playback, Dual stream recording, WiseStream technology, HDMI/VGA dual display, max. resolution of 32MP recording/display and fisheye dewarping, add AI to some P, X and Q series Hanwha Cameras, web UI 2.0 (no plugins required), AI search (Wisenet AI cameras only), QR Code. NDAA & FCC Compliant Model. ","37710.97","CAD","Recordings","active"
"PRN-3200B4-150TB","8K NVR (Intel based), 150TB RAW, 32 channels, H.265, H.264, MJPEG, 16 fixed internal SATA HDDs (10TB max per HDD), RAID 5 & 6, ARB (Automatic Recovery Backup), 400 Mbps recording / up to 32 Mbps playback, Dual stream recording, WiseStream technology, HDMI/VGA dual display, max. resolution of 32MP recording/display and fisheye dewarping, add AI to some P, X and Q series Hanwha Cameras, web UI 2.0 (no plugins required), AI search (Wisenet AI cameras only), QR Code. NDAA & FCC Compliant Model. ","40540.57","CAD","Recordings","active"
"PRN-3200B4-160TB","8K NVR (Intel based), 160TB RAW, 32 channels, H.265, H.264, MJPEG, 16 fixed internal SATA HDDs (10TB max per HDD), RAID 5 & 6, ARB (Automatic Recovery Backup), 400 Mbps recording / up to 32 Mbps playback, Dual stream recording, WiseStream technology, HDMI/VGA dual display, max. resolution of 32MP recording/display and fisheye dewarping, add AI to some P, X and Q series Hanwha Cameras, web UI 2.0 (no plugins required), AI search (Wisenet AI cameras only), QR Code. NDAA & FCC Compliant Model. ","43370.17","CAD","Recordings","active"
"PRN-3200B2","32 CH NVR up to 8K (32MP) Resolution (Intel based Model), Features AI Search (Best Shot, Attribute), object detection and classification, License plate detection and search for AI Based Cameras plus Adding AI Search features to several non AI Hanwha Cameras from P, X and Q series. H265, H264, MJPEG, 8 fixed internal SATA HDDs (10TB max per HDD), RAID 5 & 6, ARB (Automatic Recovery Backup), 400 Mbps recording / up to 64 Mbps playback, Dual stream recording, WiseStream technology, two HDMI dual display with local 4K display resolution (HDMI1: 3840x2160(30Hz), HDMI2: 1920x1080(60Hz), new features like fisheye dewarping, dynamic Layout and Dynamic Event. Easy connection using P2P service (QR code connect) with Wisenet Mobile APP (for Android and IOS) and the free of charge Wisenet Viewer. NDAA & FCC Compliant Model.","9310.17","CAD","Software and licensing","active"
"PRN-3200B2-8TB","32 CH NVR (8TB Raw) up to 8K (32MP) Resolution (Intel based Model), Features AI Search (Best Shot, Attribute), object detection and classification, License plate detection and search for AI Based Cameras plus Adding AI Search features to several non AI Hanwha Cameras from P, X and Q series. H265, H264, MJPEG, 8 fixed internal SATA HDDs (10TB max per HDD), RAID 5 & 6, ARB (Automatic Recovery Backup), 400 Mbps recording / up to 64 Mbps playback, Dual stream recording, WiseStream technology, two HDMI dual display with local 4K display resolution (HDMI1: 3840x2160(30Hz), HDMI2: 1920x1080(60Hz), new features like fisheye dewarping, dynamic Layout and Dynamic Event. Easy connection using P2P service (QR code connect) with Wisenet Mobile APP (for Android and IOS) and the free of charge Wisenet Viewer. NDAA & FCC Compliant Model.","10567.77","CAD","Software and licensing","active"
"PRN-3200B2-16TB","32 CH NVR (16TB Raw) up to 8K (32MP) Resolution (Intel based Model), Features AI Search (Best Shot, Attribute), object detection and classification, License plate detection and search for AI Based Cameras plus Adding AI Search features to several non AI Hanwha Cameras from P, X and Q series. H265, H264, MJPEG, 8 fixed internal SATA HDDs (10TB max per HDD), RAID 5 & 6, ARB (Automatic Recovery Backup), 400 Mbps recording / up to 64 Mbps playback, Dual stream recording, WiseStream technology, two HDMI dual display with local 4K display resolution (HDMI1: 3840x2160(30Hz), HDMI2: 1920x1080(60Hz), new features like fisheye dewarping, dynamic Layout and Dynamic Event. Easy connection using P2P service (QR code connect) with Wisenet Mobile APP (for Android and IOS) and the free of charge Wisenet Viewer. NDAA & FCC Compliant Model.","11825.37","CAD","Software and licensing","active"
"PRN-3200B2-24TB","32 CH NVR (24TB Raw) up to 8K (32MP) Resolution (Intel based Model), Features AI Search (Best Shot, Attribute), object detection and classification, License plate detection and search for AI Based Cameras plus Adding AI Search features to several non AI Hanwha Cameras from P, X and Q series. H265, H264, MJPEG, 8 fixed internal SATA HDDs (10TB max per HDD), RAID 5 & 6, ARB (Automatic Recovery Backup), 400 Mbps recording / up to 64 Mbps playback, Dual stream recording, WiseStream technology, two HDMI dual display with local 4K display resolution (HDMI1: 3840x2160(30Hz), HDMI2: 1920x1080(60Hz), new features like fisheye dewarping, dynamic Layout and Dynamic Event. Easy connection using P2P service (QR code connect) with Wisenet Mobile APP (for Android and IOS) and the free of charge Wisenet Viewer. NDAA & FCC Compliant Model.","13082.97","CAD","Software and licensing","active"
"PRN-3200B2-32TB","32 CH NVR (32TB Raw) up to 8K (32MP) Resolution (Intel based Model), Features AI Search (Best Shot, Attribute), object detection and classification, License plate detection and search for AI Based Cameras plus Adding AI Search features to several non AI Hanwha Cameras from P, X and Q series. H265, H264, MJPEG, 8 fixed internal SATA HDDs (10TB max per HDD), RAID 5 & 6, ARB (Automatic Recovery Backup), 400 Mbps recording / up to 64 Mbps playback, Dual stream recording, WiseStream technology, two HDMI dual display with local 4K display resolution (HDMI1: 3840x2160(30Hz), HDMI2: 1920x1080(60Hz), new features like fisheye dewarping, dynamic Layout and Dynamic Event. Easy connection using P2P service (QR code connect) with Wisenet Mobile APP (for Android and IOS) and the free of charge Wisenet Viewer. NDAA & FCC Compliant Model.","14340.57","CAD","Software and licensing","active"
"PRN-3200B2-48TB","32 CH NVR (48TB Raw) up to 8K (32MP) Resolution (Intel based Model), Features AI Search (Best Shot, Attribute), object detection and classification, License plate detection and search for AI Based Cameras plus Adding AI Search features to several non AI Hanwha Cameras from P, X and Q series. H265, H264, MJPEG, 8 fixed internal SATA HDDs (10TB max per HDD), RAID 5 & 6, ARB (Automatic Recovery Backup), 400 Mbps recording / up to 64 Mbps playback, Dual stream recording, WiseStream technology, two HDMI dual display with local 4K display resolution (HDMI1: 3840x2160(30Hz), HDMI2: 1920x1080(60Hz), new features like fisheye dewarping, dynamic Layout and Dynamic Event. Easy connection using P2P service (QR code connect) with Wisenet Mobile APP (for Android and IOS) and the free of charge Wisenet Viewer. NDAA & FCC Compliant Model.","16855.77","CAD","Software and licensing","active"
"PRN-3200B2-64TB","32 CH NVR (64TB Raw) up to 8K (32MP) Resolution (Intel based Model), Features AI Search (Best Shot, Attribute), object detection and classification, License plate detection and search for AI Based Cameras plus Adding AI Search features to several non AI Hanwha Cameras from P, X and Q series. H265, H264, MJPEG, 8 fixed internal SATA HDDs (10TB max per HDD), RAID 5 & 6, ARB (Automatic Recovery Backup), 400 Mbps recording / up to 64 Mbps playback, Dual stream recording, WiseStream technology, two HDMI dual display with local 4K display resolution (HDMI1: 3840x2160(30Hz), HDMI2: 1920x1080(60Hz), new features like fisheye dewarping, dynamic Layout and Dynamic Event. Easy connection using P2P service (QR code connect) with Wisenet Mobile APP (for Android and IOS) and the free of charge Wisenet Viewer. NDAA & FCC Compliant Model.","19370.97","CAD","Software and licensing","active"
"PRN-3200B2-80TB","32 CH NVR (80TB Raw) up to 8K (32MP) Resolution (Intel based Model), Features AI Search (Best Shot, Attribute), object detection and classification, License plate detection and search for AI Based Cameras plus Adding AI Search features to several non AI Hanwha Cameras from P, X and Q series. H265, H264, MJPEG, 8 fixed internal SATA HDDs (10TB max per HDD), RAID 5 & 6, ARB (Automatic Recovery Backup), 400 Mbps recording / up to 64 Mbps playback, Dual stream recording, WiseStream technology, two HDMI dual display with local 4K display resolution (HDMI1: 3840x2160(30Hz), HDMI2: 1920x1080(60Hz), new features like fisheye dewarping, dynamic Layout and Dynamic Event. Easy connection using P2P service (QR code connect) with Wisenet Mobile APP (for Android and IOS) and the free of charge Wisenet Viewer. NDAA & FCC Compliant Model.","21886.17","CAD","Software and licensing","active"
"PRN-1600B2","16 CH NVR up to 8K (32MP) Resolution (Intel based Model), Features AI Search (Best Shot, Attribute), object detection and classification, License plate detection and search for AI Based Cameras plus Adding AI Search features to several non AI Hanwha Cameras from P, X and Q series. H265, H264, MJPEG, 8 fixed internal SATA HDDs (10TB max per HDD), RAID 5 & 6, ARB (Automatic Recovery Backup), 250 Mbps recording / up to 64 Mbps playback, Dual stream recording, WiseStream technology, two HDMI dual display with local 4K display resolution (HDMI1: 3840x2160(30Hz), HDMI2: 1920x1080(60Hz), new features like fisheye dewarping, dynamic Layout and Dynamic Event. Easy connection using P2P service (QR code connect) with Wisenet Mobile APP (for Android and IOS) and the free of charge Wisenet Viewer. NDAA & FCC Compliant Model.","8122.0","CAD","Software and licensing","active"
"PRN-1600B2-8TB","16 CH NVR (8TB Raw) up to 8K (32MP) Resolution (Intel based Model), Features AI Search (Best Shot, Attribute), object detection and classification, License plate detection and search for AI Based Cameras plus Adding AI Search features to several non AI Hanwha Cameras from P, X and Q series. H265, H264, MJPEG, 8 fixed internal SATA HDDs (10TB max per HDD), RAID 5 & 6, ARB (Automatic Recovery Backup), 250 Mbps recording / up to 64 Mbps playback, Dual stream recording, WiseStream technology, two HDMI dual display with local 4K display resolution (HDMI1: 3840x2160(30Hz), HDMI2: 1920x1080(60Hz), new features like fisheye dewarping, dynamic Layout and Dynamic Event. Easy connection using P2P service (QR code connect) with Wisenet Mobile APP (for Android and IOS) and the free of charge Wisenet Viewer. NDAA & FCC Compliant Model.","9379.6","CAD","Software and licensing","active"
"PRN-1600B2-16TB","16 CH NVR (16TB Raw) up to 8K (32MP) Resolution (Intel based Model), Features AI Search (Best Shot, Attribute), object detection and classification, License plate detection and search for AI Based Cameras plus Adding AI Search features to several non AI Hanwha Cameras from P, X and Q series. H265, H264, MJPEG, 8 fixed internal SATA HDDs (10TB max per HDD), RAID 5 & 6, ARB (Automatic Recovery Backup), 250 Mbps recording / up to 64 Mbps playback, Dual stream recording, WiseStream technology, two HDMI dual display with local 4K display resolution (HDMI1: 3840x2160(30Hz), HDMI2: 1920x1080(60Hz), new features like fisheye dewarping, dynamic Layout and Dynamic Event. Easy connection using P2P service (QR code connect) with Wisenet Mobile APP (for Android and IOS) and the free of charge Wisenet Viewer. NDAA & FCC Compliant Model.","10637.2","CAD","Software and licensing","active"
"PRN-1600B2-24TB","16 CH NVR (24TB Raw) up to 8K (32MP) Resolution (Intel based Model), Features AI Search (Best Shot, Attribute), object detection and classification, License plate detection and search for AI Based Cameras plus Adding AI Search features to several non AI Hanwha Cameras from P, X and Q series. H265, H264, MJPEG, 8 fixed internal SATA HDDs (10TB max per HDD), RAID 5 & 6, ARB (Automatic Recovery Backup), 250 Mbps recording / up to 64 Mbps playback, Dual stream recording, WiseStream technology, two HDMI dual display with local 4K display resolution (HDMI1: 3840x2160(30Hz), HDMI2: 1920x1080(60Hz), new features like fisheye dewarping, dynamic Layout and Dynamic Event. Easy connection using P2P service (QR code connect) with Wisenet Mobile APP (for Android and IOS) and the free of charge Wisenet Viewer. NDAA & FCC Compliant Model.","11894.8","CAD","Software and licensing","active"
"PRN-1600B2-32TB","16 CH NVR (32TB Raw) up to 8K (32MP) Resolution (Intel based Model), Features AI Search (Best Shot, Attribute), object detection and classification, License plate detection and search for AI Based Cameras plus Adding AI Search features to several non AI Hanwha Cameras from P, X and Q series. H265, H264, MJPEG, 8 fixed internal SATA HDDs (10TB max per HDD), RAID 5 & 6, ARB (Automatic Recovery Backup), 250 Mbps recording / up to 64 Mbps playback, Dual stream recording, WiseStream technology, two HDMI dual display with local 4K display resolution (HDMI1: 3840x2160(30Hz), HDMI2: 1920x1080(60Hz), new features like fisheye dewarping, dynamic Layout and Dynamic Event. Easy connection using P2P service (QR code connect) with Wisenet Mobile APP (for Android and IOS) and the free of charge Wisenet Viewer. NDAA & FCC Compliant Model.","13152.4","CAD","Software and licensing","active"
"PRN-1600B2-48TB","16 CH NVR (48TB Raw) up to 8K (32MP) Resolution (Intel based Model), Features AI Search (Best Shot, Attribute), object detection and classification, License plate detection and search for AI Based Cameras plus Adding AI Search features to several non AI Hanwha Cameras from P, X and Q series. H265, H264, MJPEG, 8 fixed internal SATA HDDs (10TB max per HDD), RAID 5 & 6, ARB (Automatic Recovery Backup), 250 Mbps recording / up to 64 Mbps playback, Dual stream recording, WiseStream technology, two HDMI dual display with local 4K display resolution (HDMI1: 3840x2160(30Hz), HDMI2: 1920x1080(60Hz), new features like fisheye dewarping, dynamic Layout and Dynamic Event. Easy connection using P2P service (QR code connect) with Wisenet Mobile APP (for Android and IOS) and the free of charge Wisenet Viewer. NDAA & FCC Compliant Model.","15667.6","CAD","Software and licensing","active"
"PRN-1600B2-64TB","16 CH NVR (64TB Raw) up to 8K (32MP) Resolution (Intel based Model), Features AI Search (Best Shot, Attribute), object detection and classification, License plate detection and search for AI Based Cameras plus Adding AI Search features to several non AI Hanwha Cameras from P, X and Q series. H265, H264, MJPEG, 8 fixed internal SATA HDDs (10TB max per HDD), RAID 5 & 6, ARB (Automatic Recovery Backup), 250 Mbps recording / up to 64 Mbps playback, Dual stream recording, WiseStream technology, two HDMI dual display with local 4K display resolution (HDMI1: 3840x2160(30Hz), HDMI2: 1920x1080(60Hz), new features like fisheye dewarping, dynamic Layout and Dynamic Event. Easy connection using P2P service (QR code connect) with Wisenet Mobile APP (for Android and IOS) and the free of charge Wisenet Viewer. NDAA & FCC Compliant Model.","18182.8","CAD","Software and licensing","active"
"PRN-1600B2-80TB","16 CH NVR (80TB Raw) up to 8K (32MP) Resolution (Intel based Model), Features AI Search (Best Shot, Attribute), object detection and classification, License plate detection and search for AI Based Cameras plus Adding AI Search features to several non AI Hanwha Cameras from P, X and Q series. H265, H264, MJPEG, 8 fixed internal SATA HDDs (10TB max per HDD), RAID 5 & 6, ARB (Automatic Recovery Backup), 250 Mbps recording / up to 64 Mbps playback, Dual stream recording, WiseStream technology, two HDMI dual display with local 4K display resolution (HDMI1: 3840x2160(30Hz), HDMI2: 1920x1080(60Hz), new features like fisheye dewarping, dynamic Layout and Dynamic Event. Easy connection using P2P service (QR code connect) with Wisenet Mobile APP (for Android and IOS) and the free of charge Wisenet Viewer. NDAA & FCC Compliant Model.","20698.0","CAD","Software and licensing","active"
"ARN-410S","Wisenet A Series 4CH PoE NVR, Embedded Linux, H.265, H.264, MJPEG codec, Plug & play by 4 PoE (LAN, 10/100), 1 RJ-45(WAN, 10/100), Supported HDD (Maximum 6TB), HDMI local monitor, ARB supported,  P2P service support.","458.5","CAD","Recordings","active"
"ARN-410S-2TB","Wisenet A Series 4CH PoE NVR, 2TB Hard Drive Pre-Installed, Embedded Linux, H.265, H.264, MJPEG codec, Plug & play by 4 PoE (LAN, 10/100), 1 RJ-45(WAN, 10/100), Supported HDD (Maximum 6TB), HDMI local monitor, ARB supported, P2P service support.","786.0","CAD","Recordings","active"
"ARN-810S","Wisenet A Series 8CH PoE NVR, Embedded Linux, H.265, H.264, MJPEG codec, Plug & play by 8 PoE (LAN, 10/100), 1 RJ-45(WAN, 10/100), Supported HDD (Maximum 6TB), HDMI local monitor, ARB supported, P2P service support.","563.3","CAD","Recordings","active"
"ARN-810S-2TB","Wisenet A Series 8CH PoE NVR, 2TB Hard Drive Pre-Installed, Embedded Linux, H.265, H.264, MJPEG codec, Plug & play by 8 PoE (LAN, 10/100), 1 RJ-45(WAN, 10/100), Supported HDD (Maximum 6TB), HDMI local monitor, ARB supported, P2P service support.","877.7","CAD","Recordings","active"
"ARN-810S-4TB","Wisenet A Series 8CH PoE NVR, 4TB Hard Drive Pre-Installed, Embedded Linux, H.265, H.264, MJPEG codec, Plug & play by 8 PoE (LAN, 10/100), 1 RJ-45(WAN, 10/100), Supported HDD (Maximum 6TB), HDMI local monitor, ARB supported, P2P service support.","1192.1","CAD","Recordings","active"
"ARN-810S-6TB","Wisenet A Series 8CH PoE NVR, 6TB Hard Drive Pre-Installed, Embedded Linux, H.265, H.264, MJPEG codec, Plug & play by 8 PoE (LAN, 10/100), 1 RJ-45(WAN, 10/100), Supported HDD (Maximum 6TB), HDMI local monitor, ARB supported, P2P service support.","1506.5","CAD","Recordings","active"
"ARN-1610S","Wisenet A Series16CH PoE NVR, Embedded Linux, H.265, H.264, MJPEG codec, Plug & play by 16 PoE (LAN, 10/100), 1 RJ-45(WAN, 1Gbps), 1 RJ-45(WAN, 10/100), Supported HDD (Maximum 6TB), HDMI / VGA local monitor, ARB supported 80Mbps network camera recording, P2P service support.","786.0","CAD","Recordings","active"
"ARN-1610S-4TB","Wisenet A Series16CH PoE NVR, 4TB Hard Drive Pre-Installed, Embedded Linux, H.265, H.264, MJPEG codec, Plug & play by 16 PoE (LAN, 10/100), 1 RJ-45(WAN, 1Gbps), 1 RJ-45(WAN, 10/100), Supported HDD (Maximum 6TB), HDMI / VGA local monitor, ARB supported 80Mbps network camera recording, P2P service support.","1467.2","CAD","Recordings","active"
"ARN-1610S-6TB","Wisenet A Series16CH PoE NVR, 6TB Hard Drive Pre-Installed, Embedded Linux, H.265, H.264, MJPEG codec, Plug & play by 16 PoE (LAN, 10/100), 1 RJ-45(WAN, 1Gbps), 1 RJ-45(WAN, 10/100), Supported HDD (Maximum 6TB), HDMI / VGA local monitor, ARB supported 80Mbps network camera recording, P2P service support.","1807.8","CAD","Recordings","active"
"XRN-6420DB4","8K NVR (Intel based), 64Ch, No HDD, 16 SATA HDD bays (up to 10TB per HDD), H.265/H.264/MJPEG, SUNAPI, ONVIF, ARB (Automatic Recovery Backup) & Failover (N+1), Up To 520 Mbps Recording / Up To 200 Mbps Playback, Dual Stream Recording, iSCSI, WiseStream Support, HDMI(x2) Dual Display, Alarm I/O, 2-Way Audio, Maximum Camera Resolution of 32MP Recording/Display, Fisheye Dewarping (Local/CMS), AI Search (Wisenet AI Cameras Only), P2P QR Code, Support for RAID 5/6 (NOTE: Requires a minimum number of HDDs per RAID type), HDD Hot Swap is available in RAID Mode, Redundant Power Supply.","10899.2","CAD","Recordings","active"
"XRN-6420DB4-12TB","8K NVR (Intel based), 64Ch, 12TB RAW, 16 SATA HDD bays (up to 10TB per HDD), H.265/H.264/MJPEG, SUNAPI, ONVIF, ARB (Automatic Recovery Backup) & Failover (N+1), Up To 520 Mbps Recording / Up To 200 Mbps Playback, Dual Stream Recording, iSCSI, WiseStream Support, HDMI(x2) Dual Display, Alarm I/O, 2-Way Audio, Maximum Camera Resolution of 32MP Recording/Display, Fisheye Dewarping (Local/CMS), AI Search (Wisenet AI Cameras Only), P2P QR Code, Support for RAID 5/6 (NOTE: Requires a minimum number of HDDs per RAID type), HDD Hot Swap is available in RAID Mode, Redundant Power Supply.","12785.6","CAD","Recordings","active"
"XRN-6420DB4-16TB","8K NVR (Intel based), 64Ch, 16TB RAW, 16 SATA HDD bays (up to 10TB per HDD), H.265/H.264/MJPEG, SUNAPI, ONVIF, ARB (Automatic Recovery Backup) & Failover (N+1), Up To 520 Mbps Recording / Up To 200 Mbps Playback, Dual Stream Recording, iSCSI, WiseStream Support, HDMI(x2) Dual Display, Alarm I/O, 2-Way Audio, Maximum Camera Resolution of 32MP Recording/Display, Fisheye Dewarping (Local/CMS), AI Search (Wisenet AI Cameras Only), P2P QR Code, Support for RAID 5/6 (NOTE: Requires a minimum number of HDDs per RAID type), HDD Hot Swap is available in RAID Mode, Redundant Power Supply.","13414.4","CAD","Recordings","active"
"XRN-6420DB4-20TB","8K NVR (Intel based), 64Ch, 20TB RAW, 16 SATA HDD bays (up to 10TB per HDD), H.265/H.264/MJPEG, SUNAPI, ONVIF, ARB (Automatic Recovery Backup) & Failover (N+1), Up To 520 Mbps Recording / Up To 200 Mbps Playback, Dual Stream Recording, iSCSI, WiseStream Support, HDMI(x2) Dual Display, Alarm I/O, 2-Way Audio, Maximum Camera Resolution of 32MP Recording/Display, Fisheye Dewarping (Local/CMS), AI Search (Wisenet AI Cameras Only), P2P QR Code, Support for RAID 5/6 (NOTE: Requires a minimum number of HDDs per RAID type), HDD Hot Swap is available in RAID Mode, Redundant Power Supply.","14043.2","CAD","Recordings","active"
"XRN-6420DB4-24TB","8K NVR (Intel based), 64Ch, 24TB RAW, 16 SATA HDD bays (up to 10TB per HDD), H.265/H.264/MJPEG, SUNAPI, ONVIF, ARB (Automatic Recovery Backup) & Failover (N+1), Up To 520 Mbps Recording / Up To 200 Mbps Playback, Dual Stream Recording, iSCSI, WiseStream Support, HDMI(x2) Dual Display, Alarm I/O, 2-Way Audio, Maximum Camera Resolution of 32MP Recording/Display, Fisheye Dewarping (Local/CMS), AI Search (Wisenet AI Cameras Only), P2P QR Code, Support for RAID 5/6 (NOTE: Requires a minimum number of HDDs per RAID type), HDD Hot Swap is available in RAID Mode, Redundant Power Supply.","14672.0","CAD","Recordings","active"
"XRN-6420DB4-32TB","8K NVR (Intel based), 64Ch, 32TB RAW, 16 SATA HDD bays (up to 10TB per HDD), H.265/H.264/MJPEG, SUNAPI, ONVIF, ARB (Automatic Recovery Backup) & Failover (N+1), Up To 520 Mbps Recording / Up To 200 Mbps Playback, Dual Stream Recording, iSCSI, WiseStream Support, HDMI(x2) Dual Display, Alarm I/O, 2-Way Audio, Maximum Camera Resolution of 32MP Recording/Display, Fisheye Dewarping (Local/CMS), AI Search (Wisenet AI Cameras Only), P2P QR Code, Support for RAID 5/6 (NOTE: Requires a minimum number of HDDs per RAID type), HDD Hot Swap is available in RAID Mode, Redundant Power Supply.","15929.6","CAD","Recordings","active"
"XRN-6420DB4-40TB","8K NVR (Intel based), 64Ch, 40TB RAW, 16 SATA HDD bays (up to 10TB per HDD), H.265/H.264/MJPEG, SUNAPI, ONVIF, ARB (Automatic Recovery Backup) & Failover (N+1), Up To 520 Mbps Recording / Up To 200 Mbps Playback, Dual Stream Recording, iSCSI, WiseStream Support, HDMI(x2) Dual Display, Alarm I/O, 2-Way Audio, Maximum Camera Resolution of 32MP Recording/Display, Fisheye Dewarping (Local/CMS), AI Search (Wisenet AI Cameras Only), P2P QR Code, Support for RAID 5/6 (NOTE: Requires a minimum number of HDDs per RAID type), HDD Hot Swap is available in RAID Mode, Redundant Power Supply.","17187.2","CAD","Recordings","active"
"XRN-6420DB4-48TB","8K NVR (Intel based), 64Ch, 48TB RAW, 16 SATA HDD bays (up to 10TB per HDD), H.265/H.264/MJPEG, SUNAPI, ONVIF, ARB (Automatic Recovery Backup) & Failover (N+1), Up To 520 Mbps Recording / Up To 200 Mbps Playback, Dual Stream Recording, iSCSI, WiseStream Support, HDMI(x2) Dual Display, Alarm I/O, 2-Way Audio, Maximum Camera Resolution of 32MP Recording/Display, Fisheye Dewarping (Local/CMS), AI Search (Wisenet AI Cameras Only), P2P QR Code, Support for RAID 5/6 (NOTE: Requires a minimum number of HDDs per RAID type), HDD Hot Swap is available in RAID Mode, Redundant Power Supply.","18444.8","CAD","Recordings","active"
"XRN-6420DB4-56TB","8K NVR (Intel based), 64Ch, 56TB RAW, 16 SATA HDD bays (up to 10TB per HDD), H.265/H.264/MJPEG, SUNAPI, ONVIF, ARB (Automatic Recovery Backup) & Failover (N+1), Up To 520 Mbps Recording / Up To 200 Mbps Playback, Dual Stream Recording, iSCSI, WiseStream Support, HDMI(x2) Dual Display, Alarm I/O, 2-Way Audio, Maximum Camera Resolution of 32MP Recording/Display, Fisheye Dewarping (Local/CMS), AI Search (Wisenet AI Cameras Only), P2P QR Code, Support for RAID 5/6 (NOTE: Requires a minimum number of HDDs per RAID type), HDD Hot Swap is available in RAID Mode, Redundant Power Supply.","19702.4","CAD","Recordings","active"
"XRN-6420DB4-64TB","8K NVR (Intel based), 64Ch, 64TB RAW, 16 SATA HDD bays (up to 10TB per HDD), H.265/H.264/MJPEG, SUNAPI, ONVIF, ARB (Automatic Recovery Backup) & Failover (N+1), Up To 520 Mbps Recording / Up To 200 Mbps Playback, Dual Stream Recording, iSCSI, WiseStream Support, HDMI(x2) Dual Display, Alarm I/O, 2-Way Audio, Maximum Camera Resolution of 32MP Recording/Display, Fisheye Dewarping (Local/CMS), AI Search (Wisenet AI Cameras Only), P2P QR Code, Support for RAID 5/6 (NOTE: Requires a minimum number of HDDs per RAID type), HDD Hot Swap is available in RAID Mode, Redundant Power Supply.","20960.0","CAD","Recordings","active"
"XRN-6420DB4-80TB","8K NVR (Intel based), 64Ch, 80TB RAW, 16 SATA HDD bays (up to 10TB per HDD), H.265/H.264/MJPEG, SUNAPI, ONVIF, ARB (Automatic Recovery Backup) & Failover (N+1), Up To 520 Mbps Recording / Up To 200 Mbps Playback, Dual Stream Recording, iSCSI, WiseStream Support, HDMI(x2) Dual Display, Alarm I/O, 2-Way Audio, Maximum Camera Resolution of 32MP Recording/Display, Fisheye Dewarping (Local/CMS), AI Search (Wisenet AI Cameras Only), P2P QR Code, Support for RAID 5/6 (NOTE: Requires a minimum number of HDDs per RAID type), HDD Hot Swap is available in RAID Mode, Redundant Power Supply.","23475.2","CAD","Recordings","active"
"XRN-6420DB4-88TB","8K NVR (Intel based), 64Ch, 88TB RAW, 16 SATA HDD bays (up to 10TB per HDD), H.265/H.264/MJPEG, SUNAPI, ONVIF, ARB (Automatic Recovery Backup) & Failover (N+1), Up To 520 Mbps Recording / Up To 200 Mbps Playback, Dual Stream Recording, iSCSI, WiseStream Support, HDMI(x2) Dual Display, Alarm I/O, 2-Way Audio, Maximum Camera Resolution of 32MP Recording/Display, Fisheye Dewarping (Local/CMS), AI Search (Wisenet AI Cameras Only), P2P QR Code, Support for RAID 5/6 (NOTE: Requires a minimum number of HDDs per RAID type), HDD Hot Swap is available in RAID Mode, Redundant Power Supply.","24732.8","CAD","Recordings","active"
"XRN-6420DB4-96TB","8K NVR (Intel based), 64Ch, 96TB RAW, 16 SATA HDD bays (up to 10TB per HDD), H.265/H.264/MJPEG, SUNAPI, ONVIF, ARB (Automatic Recovery Backup) & Failover (N+1), Up To 520 Mbps Recording / Up To 200 Mbps Playback, Dual Stream Recording, iSCSI, WiseStream Support, HDMI(x2) Dual Display, Alarm I/O, 2-Way Audio, Maximum Camera Resolution of 32MP Recording/Display, Fisheye Dewarping (Local/CMS), AI Search (Wisenet AI Cameras Only), P2P QR Code, Support for RAID 5/6 (NOTE: Requires a minimum number of HDDs per RAID type), HDD Hot Swap is available in RAID Mode, Redundant Power Supply.","25990.4","CAD","Recordings","active"
"XRN-6420DB4-104TB","8K NVR (Intel based), 64Ch, 104TB RAW, 16 SATA HDD bays (up to 10TB per HDD), H.265/H.264/MJPEG, SUNAPI, ONVIF, ARB (Automatic Recovery Backup) & Failover (N+1), Up To 520 Mbps Recording / Up To 200 Mbps Playback, Dual Stream Recording, iSCSI, WiseStream Support, HDMI(x2) Dual Display, Alarm I/O, 2-Way Audio, Maximum Camera Resolution of 32MP Recording/Display, Fisheye Dewarping (Local/CMS), AI Search (Wisenet AI Cameras Only), P2P QR Code, Support for RAID 5/6 (NOTE: Requires a minimum number of HDDs per RAID type), HDD Hot Swap is available in RAID Mode, Redundant Power Supply.","27248.0","CAD","Recordings","active"
"XRN-6420DB4-112TB","8K NVR (Intel based), 64Ch, 112TB RAW, 16 SATA HDD bays (up to 10TB per HDD), H.265/H.264/MJPEG, SUNAPI, ONVIF, ARB (Automatic Recovery Backup) & Failover (N+1), Up To 520 Mbps Recording / Up To 200 Mbps Playback, Dual Stream Recording, iSCSI, WiseStream Support, HDMI(x2) Dual Display, Alarm I/O, 2-Way Audio, Maximum Camera Resolution of 32MP Recording/Display, Fisheye Dewarping (Local/CMS), AI Search (Wisenet AI Cameras Only), P2P QR Code, Support for RAID 5/6 (NOTE: Requires a minimum number of HDDs per RAID type), HDD Hot Swap is available in RAID Mode, Redundant Power Supply.","28505.6","CAD","Recordings","active"
"XRN-6420DB4-120TB","8K NVR (Intel based), 64Ch, 120TB RAW, 16 SATA HDD bays (up to 10TB per HDD), H.265/H.264/MJPEG, SUNAPI, ONVIF, ARB (Automatic Recovery Backup) & Failover (N+1), Up To 520 Mbps Recording / Up To 200 Mbps Playback, Dual Stream Recording, iSCSI, WiseStream Support, HDMI(x2) Dual Display, Alarm I/O, 2-Way Audio, Maximum Camera Resolution of 32MP Recording/Display, Fisheye Dewarping (Local/CMS), AI Search (Wisenet AI Cameras Only), P2P QR Code, Support for RAID 5/6 (NOTE: Requires a minimum number of HDDs per RAID type), HDD Hot Swap is available in RAID Mode, Redundant Power Supply.","29763.2","CAD","Recordings","active"
"XRN-6420DB4-128TB","8K NVR (Intel based), 64Ch, 128TB RAW, 16 SATA HDD bays (up to 10TB per HDD), H.265/H.264/MJPEG, SUNAPI, ONVIF, ARB (Automatic Recovery Backup) & Failover (N+1), Up To 520 Mbps Recording / Up To 200 Mbps Playback, Dual Stream Recording, iSCSI, WiseStream Support, HDMI(x2) Dual Display, Alarm I/O, 2-Way Audio, Maximum Camera Resolution of 32MP Recording/Display, Fisheye Dewarping (Local/CMS), AI Search (Wisenet AI Cameras Only), P2P QR Code, Support for RAID 5/6 (NOTE: Requires a minimum number of HDDs per RAID type), HDD Hot Swap is available in RAID Mode, Redundant Power Supply.","31020.8","CAD","Recordings","active"
"XRN-6420DB4-140TB","8K NVR (Intel based), 64Ch, 140TB RAW, 16 SATA HDD bays (up to 10TB per HDD), H.265/H.264/MJPEG, SUNAPI, ONVIF, ARB (Automatic Recovery Backup) & Failover (N+1), Up To 520 Mbps Recording / Up To 200 Mbps Playback, Dual Stream Recording, iSCSI, WiseStream Support, HDMI(x2) Dual Display, Alarm I/O, 2-Way Audio, Maximum Camera Resolution of 32MP Recording/Display, Fisheye Dewarping (Local/CMS), AI Search (Wisenet AI Cameras Only), P2P QR Code, Support for RAID 5/6 (NOTE: Requires a minimum number of HDDs per RAID type), HDD Hot Swap is available in RAID Mode, Redundant Power Supply.","32907.2","CAD","Recordings","active"
"XRN-6420DB4-150TB","8K NVR (Intel based), 64Ch, 150TB RAW, 16 SATA HDD bays (up to 10TB per HDD), H.265/H.264/MJPEG, SUNAPI, ONVIF, ARB (Automatic Recovery Backup) & Failover (N+1), Up To 520 Mbps Recording / Up To 200 Mbps Playback, Dual Stream Recording, iSCSI, WiseStream Support, HDMI(x2) Dual Display, Alarm I/O, 2-Way Audio, Maximum Camera Resolution of 32MP Recording/Display, Fisheye Dewarping (Local/CMS), AI Search (Wisenet AI Cameras Only), P2P QR Code, Support for RAID 5/6 (NOTE: Requires a minimum number of HDDs per RAID type), HDD Hot Swap is available in RAID Mode, Redundant Power Supply.","34479.2","CAD","Recordings","active"
"XRN-6420DB4-160TB","8K NVR (Intel based), 64Ch, 160TB RAW, 16 SATA HDD bays (up to 10TB per HDD), H.265/H.264/MJPEG, SUNAPI, ONVIF, ARB (Automatic Recovery Backup) & Failover (N+1), Up To 520 Mbps Recording / Up To 200 Mbps Playback, Dual Stream Recording, iSCSI, WiseStream Support, HDMI(x2) Dual Display, Alarm I/O, 2-Way Audio, Maximum Camera Resolution of 32MP Recording/Display, Fisheye Dewarping (Local/CMS), AI Search (Wisenet AI Cameras Only), P2P QR Code, Support for RAID 5/6 (NOTE: Requires a minimum number of HDDs per RAID type), HDD Hot Swap is available in RAID Mode, Redundant Power Supply.","36051.2","CAD","Recordings","active"
"XRN-3220B2","8K NVR (Intel based), 32Ch, No HDD, 8 SATA HDD bays (up to 10TB per HDD), H.265/H.264/MJPEG, SUNAPI, ONVIF, ARB (Automatic Recovery Backup) & Failover (N+1), Up To 520 Mbps Recording / Up To 200 Mbps Playback, Dual Stream Recording, iSCSI, WiseStream Support, HDMI(x2) Dual Display, Alarm I/O, 2-Way Audio, Maximum Camera Resolution of 32MP Recording/Display, Fisheye Dewarping (Local/CMS), AI Search (Wisenet AI Cameras Only), P2P QR Code.","4489.37","CAD","Recordings","active"
"XRN-3220B2-8TB","8K NVR (Intel based), 32Ch, 8TB RAW, 8 SATA HDD bays (up to 10TB per HDD), H.265/H.264/MJPEG, SUNAPI, ONVIF, ARB (Automatic Recovery Backup) & Failover (N+1), Up To 520 Mbps Recording / Up To 200 Mbps Playback, Dual Stream Recording, iSCSI, WiseStream Support, HDMI(x2) Dual Display, Alarm I/O, 2-Way Audio, Maximum Camera Resolution of 32MP Recording/Display, Fisheye Dewarping (Local/CMS), AI Search (Wisenet AI Cameras Only), P2P QR Code.","5746.97","CAD","Recordings","active"
"XRN-3220B2-10TB","8K NVR (Intel based), 32Ch, 10TB RAW, 8 SATA HDD bays (up to 10TB per HDD), H.265/H.264/MJPEG, SUNAPI, ONVIF, ARB (Automatic Recovery Backup) & Failover (N+1), Up To 520 Mbps Recording / Up To 200 Mbps Playback, Dual Stream Recording, iSCSI, WiseStream Support, HDMI(x2) Dual Display, Alarm I/O, 2-Way Audio, Maximum Camera Resolution of 32MP Recording/Display, Fisheye Dewarping (Local/CMS), AI Search (Wisenet AI Cameras Only), P2P QR Code.","6061.37","CAD","Recordings","active"
"XRN-3220B2-16TB","8K NVR (Intel based), 32Ch, 16TB RAW, 8 SATA HDD bays (up to 10TB per HDD), H.265/H.264/MJPEG, SUNAPI, ONVIF, ARB (Automatic Recovery Backup) & Failover (N+1), Up To 520 Mbps Recording / Up To 200 Mbps Playback, Dual Stream Recording, iSCSI, WiseStream Support, HDMI(x2) Dual Display, Alarm I/O, 2-Way Audio, Maximum Camera Resolution of 32MP Recording/Display, Fisheye Dewarping (Local/CMS), AI Search (Wisenet AI Cameras Only), P2P QR Code.","7004.57","CAD","Recordings","active"
"XRN-3220B2-20TB","8K NVR (Intel based), 32Ch, 20TB RAW, 8 SATA HDD bays (up to 10TB per HDD), H.265/H.264/MJPEG, SUNAPI, ONVIF, ARB (Automatic Recovery Backup) & Failover (N+1), Up To 520 Mbps Recording / Up To 200 Mbps Playback, Dual Stream Recording, iSCSI, WiseStream Support, HDMI(x2) Dual Display, Alarm I/O, 2-Way Audio, Maximum Camera Resolution of 32MP Recording/Display, Fisheye Dewarping (Local/CMS), AI Search (Wisenet AI Cameras Only), P2P QR Code.","7633.37","CAD","Recordings","active"
"XRN-3220B2-32TB","8K NVR (Intel based), 32Ch, 32TB RAW, 8 SATA HDD bays (up to 10TB per HDD), H.265/H.264/MJPEG, SUNAPI, ONVIF, ARB (Automatic Recovery Backup) & Failover (N+1), Up To 520 Mbps Recording / Up To 200 Mbps Playback, Dual Stream Recording, iSCSI, WiseStream Support, HDMI(x2) Dual Display, Alarm I/O, 2-Way Audio, Maximum Camera Resolution of 32MP Recording/Display, Fisheye Dewarping (Local/CMS), AI Search (Wisenet AI Cameras Only), P2P QR Code.","9519.77","CAD","Recordings","active"
"XRN-3220B2-40TB","8K NVR (Intel based), 32Ch, 40TB RAW, 8 SATA HDD bays (up to 10TB per HDD), H.265/H.264/MJPEG, SUNAPI, ONVIF, ARB (Automatic Recovery Backup) & Failover (N+1), Up To 520 Mbps Recording / Up To 200 Mbps Playback, Dual Stream Recording, iSCSI, WiseStream Support, HDMI(x2) Dual Display, Alarm I/O, 2-Way Audio, Maximum Camera Resolution of 32MP Recording/Display, Fisheye Dewarping (Local/CMS), AI Search (Wisenet AI Cameras Only), P2P QR Code.","10777.37","CAD","Recordings","active"
"XRN-3220B2-48TB","8K NVR (Intel based), 32Ch, 48TB RAW, 8 SATA HDD bays (up to 10TB per HDD), H.265/H.264/MJPEG, SUNAPI, ONVIF, ARB (Automatic Recovery Backup) & Failover (N+1), Up To 520 Mbps Recording / Up To 200 Mbps Playback, Dual Stream Recording, iSCSI, WiseStream Support, HDMI(x2) Dual Display, Alarm I/O, 2-Way Audio, Maximum Camera Resolution of 32MP Recording/Display, Fisheye Dewarping (Local/CMS), AI Search (Wisenet AI Cameras Only), P2P QR Code.","12034.97","CAD","Recordings","active"
"XRN-3220B2-60TB","8K NVR (Intel based), 32Ch, 60TB RAW, 8 SATA HDD bays (up to 10TB per HDD), H.265/H.264/MJPEG, SUNAPI, ONVIF, ARB (Automatic Recovery Backup) & Failover (N+1), Up To 520 Mbps Recording / Up To 200 Mbps Playback, Dual Stream Recording, iSCSI, WiseStream Support, HDMI(x2) Dual Display, Alarm I/O, 2-Way Audio, Maximum Camera Resolution of 32MP Recording/Display, Fisheye Dewarping (Local/CMS), AI Search (Wisenet AI Cameras Only), P2P QR Code.","13921.37","CAD","Recordings","active"
"XRN-3220B2-64TB","8K NVR (Intel based), 32Ch, 64TB RAW, 8 SATA HDD bays (up to 10TB per HDD), H.265/H.264/MJPEG, SUNAPI, ONVIF, ARB (Automatic Recovery Backup) & Failover (N+1), Up To 520 Mbps Recording / Up To 200 Mbps Playback, Dual Stream Recording, iSCSI, WiseStream Support, HDMI(x2) Dual Display, Alarm I/O, 2-Way Audio, Maximum Camera Resolution of 32MP Recording/Display, Fisheye Dewarping (Local/CMS), AI Search (Wisenet AI Cameras Only), P2P QR Code.","14550.17","CAD","Recordings","active"
"XRN-3220B2-80TB","8K NVR (Intel based), 32Ch, 80TB RAW, 8 SATA HDD bays (up to 10TB per HDD), H.265/H.264/MJPEG, SUNAPI, ONVIF, ARB (Automatic Recovery Backup) & Failover (N+1), Up To 520 Mbps Recording / Up To 200 Mbps Playback, Dual Stream Recording, iSCSI, WiseStream Support, HDMI(x2) Dual Display, Alarm I/O, 2-Way Audio, Maximum Camera Resolution of 32MP Recording/Display, Fisheye Dewarping (Local/CMS), AI Search (Wisenet AI Cameras Only), P2P QR Code.","17065.37","CAD","Recordings","active"
"XRN-3220RB2","8K NVR (Intel based), 32Ch, No HDD, 8 SATA HDD bays (up to 10TB per HDD), H.265/H.264/MJPEG, SUNAPI, ONVIF, ARB (Automatic Recovery Backup) & Failover (N+1), Up To 520 Mbps Recording / Up To 200 Mbps Playback, Dual Stream Recording, iSCSI, WiseStream Support, HDMI(x2) Dual Display, Alarm I/O, 2-Way Audio, Maximum Camera Resolution of 32MP Recording/Display, Fisheye Dewarping (Local/CMS), AI Search (Wisenet AI Cameras Only), Support for RAID 5/6 (NOTE: RAID requires a minimum number of installed HDDs), P2P QR Code.","6166.17","CAD","Recordings","active"
"XRN-3220RB2-8TB","8K NVR (Intel based), 32Ch, 8TB RAW, 8 SATA HDD bays (up to 10TB per HDD), H.265/H.264/MJPEG, SUNAPI, ONVIF, ARB (Automatic Recovery Backup) & Failover (N+1), Up To 520 Mbps Recording / Up To 200 Mbps Playback, Dual Stream Recording, iSCSI, WiseStream Support, HDMI(x2) Dual Display, Alarm I/O, 2-Way Audio, Maximum Camera Resolution of 32MP Recording/Display, Fisheye Dewarping (Local/CMS), AI Search (Wisenet AI Cameras Only), Support for RAID 5/6 (NOTE: RAID requires a minimum number of installed HDDs), P2P QR Code.","7423.77","CAD","Recordings","active"
"XRN-3220RB2-10TB","8K NVR (Intel based), 32Ch, 10TB RAW, 8 SATA HDD bays (up to 10TB per HDD), H.265/H.264/MJPEG, SUNAPI, ONVIF, ARB (Automatic Recovery Backup) & Failover (N+1), Up To 520 Mbps Recording / Up To 200 Mbps Playback, Dual Stream Recording, iSCSI, WiseStream Support, HDMI(x2) Dual Display, Alarm I/O, 2-Way Audio, Maximum Camera Resolution of 32MP Recording/Display, Fisheye Dewarping (Local/CMS), AI Search (Wisenet AI Cameras Only), Support for RAID 5/6 (NOTE: RAID requires a minimum number of installed HDDs), P2P QR Code.","7738.17","CAD","Recordings","active"
"XRN-3220RB2-16TB","8K NVR (Intel based), 32Ch, 16TB RAW, 8 SATA HDD bays (up to 10TB per HDD), H.265/H.264/MJPEG, SUNAPI, ONVIF, ARB (Automatic Recovery Backup) & Failover (N+1), Up To 520 Mbps Recording / Up To 200 Mbps Playback, Dual Stream Recording, iSCSI, WiseStream Support, HDMI(x2) Dual Display, Alarm I/O, 2-Way Audio, Maximum Camera Resolution of 32MP Recording/Display, Fisheye Dewarping (Local/CMS), AI Search (Wisenet AI Cameras Only), Support for RAID 5/6 (NOTE: RAID requires a minimum number of installed HDDs), P2P QR Code.","8681.37","CAD","Recordings","active"
"XRN-3220RB2-20TB","8K NVR (Intel based), 32Ch, 20TB RAW, 8 SATA HDD bays (up to 10TB per HDD), H.265/H.264/MJPEG, SUNAPI, ONVIF, ARB (Automatic Recovery Backup) & Failover (N+1), Up To 520 Mbps Recording / Up To 200 Mbps Playback, Dual Stream Recording, iSCSI, WiseStream Support, HDMI(x2) Dual Display, Alarm I/O, 2-Way Audio, Maximum Camera Resolution of 32MP Recording/Display, Fisheye Dewarping (Local/CMS), AI Search (Wisenet AI Cameras Only), Support for RAID 5/6 (NOTE: RAID requires a minimum number of installed HDDs), P2P QR Code.","9310.17","CAD","Recordings","active"
"XRN-3220RB2-32TB","8K NVR (Intel based), 32Ch, 32TB RAW, 8 SATA HDD bays (up to 10TB per HDD), H.265/H.264/MJPEG, SUNAPI, ONVIF, ARB (Automatic Recovery Backup) & Failover (N+1), Up To 520 Mbps Recording / Up To 200 Mbps Playback, Dual Stream Recording, iSCSI, WiseStream Support, HDMI(x2) Dual Display, Alarm I/O, 2-Way Audio, Maximum Camera Resolution of 32MP Recording/Display, Fisheye Dewarping (Local/CMS), AI Search (Wisenet AI Cameras Only), Support for RAID 5/6 (NOTE: RAID requires a minimum number of installed HDDs), P2P QR Code.","11196.57","CAD","Recordings","active"
"XRN-3220RB2-40TB","8K NVR (Intel based), 32Ch, 40TB RAW, 8 SATA HDD bays (up to 10TB per HDD), H.265/H.264/MJPEG, SUNAPI, ONVIF, ARB (Automatic Recovery Backup) & Failover (N+1), Up To 520 Mbps Recording / Up To 200 Mbps Playback, Dual Stream Recording, iSCSI, WiseStream Support, HDMI(x2) Dual Display, Alarm I/O, 2-Way Audio, Maximum Camera Resolution of 32MP Recording/Display, Fisheye Dewarping (Local/CMS), AI Search (Wisenet AI Cameras Only), Support for RAID 5/6 (NOTE: RAID requires a minimum number of installed HDDs), P2P QR Code.","12454.17","CAD","Recordings","active"
"XRN-3220RB2-48TB","8K NVR (Intel based), 32Ch, 48TB RAW, 8 SATA HDD bays (up to 10TB per HDD), H.265/H.264/MJPEG, SUNAPI, ONVIF, ARB (Automatic Recovery Backup) & Failover (N+1), Up To 520 Mbps Recording / Up To 200 Mbps Playback, Dual Stream Recording, iSCSI, WiseStream Support, HDMI(x2) Dual Display, Alarm I/O, 2-Way Audio, Maximum Camera Resolution of 32MP Recording/Display, Fisheye Dewarping (Local/CMS), AI Search (Wisenet AI Cameras Only), Support for RAID 5/6 (NOTE: RAID requires a minimum number of installed HDDs), P2P QR Code.","13711.77","CAD","Recordings","active"
"XRN-3220RB2-60TB","8K NVR (Intel based), 32Ch, 60TB RAW, 8 SATA HDD bays (up to 10TB per HDD), H.265/H.264/MJPEG, SUNAPI, ONVIF, ARB (Automatic Recovery Backup) & Failover (N+1), Up To 520 Mbps Recording / Up To 200 Mbps Playback, Dual Stream Recording, iSCSI, WiseStream Support, HDMI(x2) Dual Display, Alarm I/O, 2-Way Audio, Maximum Camera Resolution of 32MP Recording/Display, Fisheye Dewarping (Local/CMS), AI Search (Wisenet AI Cameras Only), Support for RAID 5/6 (NOTE: RAID requires a minimum number of installed HDDs), P2P QR Code.","15598.17","CAD","Recordings","active"
"XRN-3220RB2-64TB","8K NVR (Intel based), 32Ch, 64TB RAW, 8 SATA HDD bays (up to 10TB per HDD), H.265/H.264/MJPEG, SUNAPI, ONVIF, ARB (Automatic Recovery Backup) & Failover (N+1), Up To 520 Mbps Recording / Up To 200 Mbps Playback, Dual Stream Recording, iSCSI, WiseStream Support, HDMI(x2) Dual Display, Alarm I/O, 2-Way Audio, Maximum Camera Resolution of 32MP Recording/Display, Fisheye Dewarping (Local/CMS), AI Search (Wisenet AI Cameras Only), Support for RAID 5/6 (NOTE: RAID requires a minimum number of installed HDDs), P2P QR Code.","16226.97","CAD","Recordings","active"
"XRN-3220RB2-80TB","8K NVR (Intel based), 32Ch, 80TB RAW, 8 SATA HDD bays (up to 10TB per HDD), H.265/H.264/MJPEG, SUNAPI, ONVIF, ARB (Automatic Recovery Backup) & Failover (N+1), Up To 520 Mbps Recording / Up To 200 Mbps Playback, Dual Stream Recording, iSCSI, WiseStream Support, HDMI(x2) Dual Display, Alarm I/O, 2-Way Audio, Maximum Camera Resolution of 32MP Recording/Display, Fisheye Dewarping (Local/CMS), AI Search (Wisenet AI Cameras Only), Support for RAID 5/6 (NOTE: RAID requires a minimum number of installed HDDs), P2P QR Code.","18742.17","CAD","Recordings","active"
"XRN-3220B4","8K NVR (Intel based), 32Ch, No HDD, 16 SATA HDD bays (up to 10TB per HDD), H.265/H.264/MJPEG, SUNAPI, ONVIF, ARB (Automatic Recovery Backup) & Failover (N+1), Up To 520 Mbps Recording / Up To 200 Mbps Playback, Dual Stream Recording, iSCSI, WiseStream Support, HDMI(x2) Dual Display, Alarm I/O, 2-Way Audio, Maximum Camera Resolution of 32MP Recording/Display, Fisheye Dewarping (Local/CMS), AI Search (Wisenet AI Cameras Only), P2P QR Code, Support for RAID 5/6 (NOTE: Requires a minimum number of HDDs per RAID type), HDD Hot Swap is available in RAID Mode.","8790.1","CAD","Recordings","active"
"XRN-3220B4-12TB","8K NVR (Intel based), 32Ch, 12TB RAW, 16 SATA HDD bays (up to 10TB per HDD), H.265/H.264/MJPEG, SUNAPI, ONVIF, ARB (Automatic Recovery Backup) & Failover (N+1), Up To 520 Mbps Recording / Up To 200 Mbps Playback, Dual Stream Recording, iSCSI, WiseStream Support, HDMI(x2) Dual Display, Alarm I/O, 2-Way Audio, Maximum Camera Resolution of 32MP Recording/Display, Fisheye Dewarping (Local/CMS), AI Search (Wisenet AI Cameras Only), P2P QR Code, Support for RAID 5/6 (NOTE: Requires a minimum number of HDDs per RAID type), HDD Hot Swap is available in RAID Mode.","10676.5","CAD","Recordings","active"
"XRN-3220B4-16TB","8K NVR (Intel based), 32Ch, 16TB RAW, 16 SATA HDD bays (up to 10TB per HDD), H.265/H.264/MJPEG, SUNAPI, ONVIF, ARB (Automatic Recovery Backup) & Failover (N+1), Up To 520 Mbps Recording / Up To 200 Mbps Playback, Dual Stream Recording, iSCSI, WiseStream Support, HDMI(x2) Dual Display, Alarm I/O, 2-Way Audio, Maximum Camera Resolution of 32MP Recording/Display, Fisheye Dewarping (Local/CMS), AI Search (Wisenet AI Cameras Only), P2P QR Code, Support for RAID 5/6 (NOTE: Requires a minimum number of HDDs per RAID type), HDD Hot Swap is available in RAID Mode.","11305.3","CAD","Recordings","active"
"XRN-3220B4-20TB","8K NVR (Intel based), 32Ch, 20TB RAW, 16 SATA HDD bays (up to 10TB per HDD), H.265/H.264/MJPEG, SUNAPI, ONVIF, ARB (Automatic Recovery Backup) & Failover (N+1), Up To 520 Mbps Recording / Up To 200 Mbps Playback, Dual Stream Recording, iSCSI, WiseStream Support, HDMI(x2) Dual Display, Alarm I/O, 2-Way Audio, Maximum Camera Resolution of 32MP Recording/Display, Fisheye Dewarping (Local/CMS), AI Search (Wisenet AI Cameras Only), P2P QR Code, Support for RAID 5/6 (NOTE: Requires a minimum number of HDDs per RAID type), HDD Hot Swap is available in RAID Mode.","11934.1","CAD","Recordings","active"
"XRN-3220B4-24TB","8K NVR (Intel based), 32Ch, 24TB RAW, 16 SATA HDD bays (up to 10TB per HDD), H.265/H.264/MJPEG, SUNAPI, ONVIF, ARB (Automatic Recovery Backup) & Failover (N+1), Up To 520 Mbps Recording / Up To 200 Mbps Playback, Dual Stream Recording, iSCSI, WiseStream Support, HDMI(x2) Dual Display, Alarm I/O, 2-Way Audio, Maximum Camera Resolution of 32MP Recording/Display, Fisheye Dewarping (Local/CMS), AI Search (Wisenet AI Cameras Only), P2P QR Code, Support for RAID 5/6 (NOTE: Requires a minimum number of HDDs per RAID type), HDD Hot Swap is available in RAID Mode.","12562.9","CAD","Recordings","active"
"XRN-3220B4-32TB","8K NVR (Intel based), 32Ch, 32TB RAW, 16 SATA HDD bays (up to 10TB per HDD), H.265/H.264/MJPEG, SUNAPI, ONVIF, ARB (Automatic Recovery Backup) & Failover (N+1), Up To 520 Mbps Recording / Up To 200 Mbps Playback, Dual Stream Recording, iSCSI, WiseStream Support, HDMI(x2) Dual Display, Alarm I/O, 2-Way Audio, Maximum Camera Resolution of 32MP Recording/Display, Fisheye Dewarping (Local/CMS), AI Search (Wisenet AI Cameras Only), P2P QR Code, Support for RAID 5/6 (NOTE: Requires a minimum number of HDDs per RAID type), HDD Hot Swap is available in RAID Mode.","13820.5","CAD","Recordings","active"
"XRN-3220B4-40TB","8K NVR (Intel based), 32Ch, 40TB RAW, 16 SATA HDD bays (up to 10TB per HDD), H.265/H.264/MJPEG, SUNAPI, ONVIF, ARB (Automatic Recovery Backup) & Failover (N+1), Up To 520 Mbps Recording / Up To 200 Mbps Playback, Dual Stream Recording, iSCSI, WiseStream Support, HDMI(x2) Dual Display, Alarm I/O, 2-Way Audio, Maximum Camera Resolution of 32MP Recording/Display, Fisheye Dewarping (Local/CMS), AI Search (Wisenet AI Cameras Only), P2P QR Code, Support for RAID 5/6 (NOTE: Requires a minimum number of HDDs per RAID type), HDD Hot Swap is available in RAID Mode.","15078.1","CAD","Recordings","active"
"XRN-3220B4-48TB","8K NVR (Intel based), 32Ch, 48TB RAW, 16 SATA HDD bays (up to 10TB per HDD), H.265/H.264/MJPEG, SUNAPI, ONVIF, ARB (Automatic Recovery Backup) & Failover (N+1), Up To 520 Mbps Recording / Up To 200 Mbps Playback, Dual Stream Recording, iSCSI, WiseStream Support, HDMI(x2) Dual Display, Alarm I/O, 2-Way Audio, Maximum Camera Resolution of 32MP Recording/Display, Fisheye Dewarping (Local/CMS), AI Search (Wisenet AI Cameras Only), P2P QR Code, Support for RAID 5/6 (NOTE: Requires a minimum number of HDDs per RAID type), HDD Hot Swap is available in RAID Mode.","16335.7","CAD","Recordings","active"
"XRN-3220B4-56TB","8K NVR (Intel based), 32Ch, 56TB RAW, 16 SATA HDD bays (up to 10TB per HDD), H.265/H.264/MJPEG, SUNAPI, ONVIF, ARB (Automatic Recovery Backup) & Failover (N+1), Up To 520 Mbps Recording / Up To 200 Mbps Playback, Dual Stream Recording, iSCSI, WiseStream Support, HDMI(x2) Dual Display, Alarm I/O, 2-Way Audio, Maximum Camera Resolution of 32MP Recording/Display, Fisheye Dewarping (Local/CMS), AI Search (Wisenet AI Cameras Only), P2P QR Code, Support for RAID 5/6 (NOTE: Requires a minimum number of HDDs per RAID type), HDD Hot Swap is available in RAID Mode.","17593.3","CAD","Recordings","active"
"XRN-3220B4-64TB","8K NVR (Intel based), 32Ch, 64TB RAW, 16 SATA HDD bays (up to 10TB per HDD), H.265/H.264/MJPEG, SUNAPI, ONVIF, ARB (Automatic Recovery Backup) & Failover (N+1), Up To 520 Mbps Recording / Up To 200 Mbps Playback, Dual Stream Recording, iSCSI, WiseStream Support, HDMI(x2) Dual Display, Alarm I/O, 2-Way Audio, Maximum Camera Resolution of 32MP Recording/Display, Fisheye Dewarping (Local/CMS), AI Search (Wisenet AI Cameras Only), P2P QR Code, Support for RAID 5/6 (NOTE: Requires a minimum number of HDDs per RAID type), HDD Hot Swap is available in RAID Mode.","18850.9","CAD","Recordings","active"
"XRN-3220B4-80TB","8K NVR (Intel based), 32Ch, 80TB RAW, 16 SATA HDD bays (up to 10TB per HDD), H.265/H.264/MJPEG, SUNAPI, ONVIF, ARB (Automatic Recovery Backup) & Failover (N+1), Up To 520 Mbps Recording / Up To 200 Mbps Playback, Dual Stream Recording, iSCSI, WiseStream Support, HDMI(x2) Dual Display, Alarm I/O, 2-Way Audio, Maximum Camera Resolution of 32MP Recording/Display, Fisheye Dewarping (Local/CMS), AI Search (Wisenet AI Cameras Only), P2P QR Code, Support for RAID 5/6 (NOTE: Requires a minimum number of HDDs per RAID type), HDD Hot Swap is available in RAID Mode.","21366.1","CAD","Recordings","active"
"XRN-3220B4-88TB","8K NVR (Intel based), 32Ch, 88TB RAW, 16 SATA HDD bays (up to 10TB per HDD), H.265/H.264/MJPEG, SUNAPI, ONVIF, ARB (Automatic Recovery Backup) & Failover (N+1), Up To 520 Mbps Recording / Up To 200 Mbps Playback, Dual Stream Recording, iSCSI, WiseStream Support, HDMI(x2) Dual Display, Alarm I/O, 2-Way Audio, Maximum Camera Resolution of 32MP Recording/Display, Fisheye Dewarping (Local/CMS), AI Search (Wisenet AI Cameras Only), P2P QR Code, Support for RAID 5/6 (NOTE: Requires a minimum number of HDDs per RAID type), HDD Hot Swap is available in RAID Mode.","22623.7","CAD","Recordings","active"
"XRN-3220B4-96TB","8K NVR (Intel based), 32Ch, 96TB RAW, 16 SATA HDD bays (up to 10TB per HDD), H.265/H.264/MJPEG, SUNAPI, ONVIF, ARB (Automatic Recovery Backup) & Failover (N+1), Up To 520 Mbps Recording / Up To 200 Mbps Playback, Dual Stream Recording, iSCSI, WiseStream Support, HDMI(x2) Dual Display, Alarm I/O, 2-Way Audio, Maximum Camera Resolution of 32MP Recording/Display, Fisheye Dewarping (Local/CMS), AI Search (Wisenet AI Cameras Only), P2P QR Code, Support for RAID 5/6 (NOTE: Requires a minimum number of HDDs per RAID type), HDD Hot Swap is available in RAID Mode.","23881.3","CAD","Recordings","active"
"XRN-3220B4-104TB","8K NVR (Intel based), 32Ch, 104TB RAW, 16 SATA HDD bays (up to 10TB per HDD), H.265/H.264/MJPEG, SUNAPI, ONVIF, ARB (Automatic Recovery Backup) & Failover (N+1), Up To 520 Mbps Recording / Up To 200 Mbps Playback, Dual Stream Recording, iSCSI, WiseStream Support, HDMI(x2) Dual Display, Alarm I/O, 2-Way Audio, Maximum Camera Resolution of 32MP Recording/Display, Fisheye Dewarping (Local/CMS), AI Search (Wisenet AI Cameras Only), P2P QR Code, Support for RAID 5/6 (NOTE: Requires a minimum number of HDDs per RAID type), HDD Hot Swap is available in RAID Mode.","25138.9","CAD","Recordings","active"
"XRN-3220B4-112TB","8K NVR (Intel based), 32Ch, 112TB RAW, 16 SATA HDD bays (up to 10TB per HDD), H.265/H.264/MJPEG, SUNAPI, ONVIF, ARB (Automatic Recovery Backup) & Failover (N+1), Up To 520 Mbps Recording / Up To 200 Mbps Playback, Dual Stream Recording, iSCSI, WiseStream Support, HDMI(x2) Dual Display, Alarm I/O, 2-Way Audio, Maximum Camera Resolution of 32MP Recording/Display, Fisheye Dewarping (Local/CMS), AI Search (Wisenet AI Cameras Only), P2P QR Code, Support for RAID 5/6 (NOTE: Requires a minimum number of HDDs per RAID type), HDD Hot Swap is available in RAID Mode.","26396.5","CAD","Recordings","active"
"XRN-3220B4-120TB","8K NVR (Intel based), 32Ch, 120TB RAW, 16 SATA HDD bays (up to 10TB per HDD), H.265/H.264/MJPEG, SUNAPI, ONVIF, ARB (Automatic Recovery Backup) & Failover (N+1), Up To 520 Mbps Recording / Up To 200 Mbps Playback, Dual Stream Recording, iSCSI, WiseStream Support, HDMI(x2) Dual Display, Alarm I/O, 2-Way Audio, Maximum Camera Resolution of 32MP Recording/Display, Fisheye Dewarping (Local/CMS), AI Search (Wisenet AI Cameras Only), P2P QR Code, Support for RAID 5/6 (NOTE: Requires a minimum number of HDDs per RAID type), HDD Hot Swap is available in RAID Mode.","27654.1","CAD","Recordings","active"
"XRN-3220B4-128TB","8K NVR (Intel based), 32Ch, 128TB RAW, 16 SATA HDD bays (up to 10TB per HDD), H.265/H.264/MJPEG, SUNAPI, ONVIF, ARB (Automatic Recovery Backup) & Failover (N+1), Up To 520 Mbps Recording / Up To 200 Mbps Playback, Dual Stream Recording, iSCSI, WiseStream Support, HDMI(x2) Dual Display, Alarm I/O, 2-Way Audio, Maximum Camera Resolution of 32MP Recording/Display, Fisheye Dewarping (Local/CMS), AI Search (Wisenet AI Cameras Only), P2P QR Code, Support for RAID 5/6 (NOTE: Requires a minimum number of HDDs per RAID type), HDD Hot Swap is available in RAID Mode.","28911.7","CAD","Recordings","active"
"XRN-3220B4-140TB","8K NVR (Intel based), 32Ch, 140TB RAW, 16 SATA HDD bays (up to 10TB per HDD), H.265/H.264/MJPEG, SUNAPI, ONVIF, ARB (Automatic Recovery Backup) & Failover (N+1), Up To 520 Mbps Recording / Up To 200 Mbps Playback, Dual Stream Recording, iSCSI, WiseStream Support, HDMI(x2) Dual Display, Alarm I/O, 2-Way Audio, Maximum Camera Resolution of 32MP Recording/Display, Fisheye Dewarping (Local/CMS), AI Search (Wisenet AI Cameras Only), P2P QR Code, Support for RAID 5/6 (NOTE: Requires a minimum number of HDDs per RAID type), HDD Hot Swap is available in RAID Mode.","30798.1","CAD","Recordings","active"
"XRN-3220B4-150TB","8K NVR (Intel based), 32Ch, 150TB RAW, 16 SATA HDD bays (up to 10TB per HDD), H.265/H.264/MJPEG, SUNAPI, ONVIF, ARB (Automatic Recovery Backup) & Failover (N+1), Up To 520 Mbps Recording / Up To 200 Mbps Playback, Dual Stream Recording, iSCSI, WiseStream Support, HDMI(x2) Dual Display, Alarm I/O, 2-Way Audio, Maximum Camera Resolution of 32MP Recording/Display, Fisheye Dewarping (Local/CMS), AI Search (Wisenet AI Cameras Only), P2P QR Code, Support for RAID 5/6 (NOTE: Requires a minimum number of HDDs per RAID type), HDD Hot Swap is available in RAID Mode.","32370.1","CAD","Recordings","active"
"XRN-3220B4-160TB","8K NVR (Intel based), 32Ch, 160TB RAW, 16 SATA HDD bays (up to 10TB per HDD), H.265/H.264/MJPEG, SUNAPI, ONVIF, ARB (Automatic Recovery Backup) & Failover (N+1), Up To 520 Mbps Recording / Up To 200 Mbps Playback, Dual Stream Recording, iSCSI, WiseStream Support, HDMI(x2) Dual Display, Alarm I/O, 2-Way Audio, Maximum Camera Resolution of 32MP Recording/Display, Fisheye Dewarping (Local/CMS), AI Search (Wisenet AI Cameras Only), P2P QR Code, Support for RAID 5/6 (NOTE: Requires a minimum number of HDDs per RAID type), HDD Hot Swap is available in RAID Mode.","33942.1","CAD","Recordings","active"
"XRN-1620B2","8K NVR (Intel based), No HDD, 16 channels, H265,H264, MJPEG, 8 fixed internal SATA HDDs (10TB max per HDD), ARB (Automatic Recovery Backup), 140 Mbps recording / up to 32 Mbps playback, Dual stream recording, WiseStream technology, HDMI/VGA dual display, max. resolution of 32MP recording/display and fisheye dewarping on web and CMS, web UI 2.0 (no plugins required), AI search (Wisenet AI cameras only), QR Code ","2292.5","CAD","Recordings","active"
"XRN-1620B2-2TB","8K NVR (Intel based), 2TB RAW, 16 channels, H265,H264, MJPEG, 8 fixed internal SATA HDDs (10TB max per HDD), ARB (Automatic Recovery Backup), 140 Mbps recording / up to 32 Mbps playback, Dual stream recording, WiseStream technology, HDMI/VGA dual display, max. resolution of 32MP recording/display and fisheye dewarping on web and CMS, web UI 2.0 (no plugins required), AI search (Wisenet AI cameras only), QR Code ","2606.9","CAD","Recordings","active"
"XRN-1620B2-4TB","8K NVR (Intel based), 4TB RAW, 16 channels, H265,H264, MJPEG, 8 fixed internal SATA HDDs (10TB max per HDD), ARB (Automatic Recovery Backup), 140 Mbps recording / up to 32 Mbps playback, Dual stream recording, WiseStream technology, HDMI/VGA dual display, max. resolution of 32MP recording/display and fisheye dewarping on web and CMS, web UI 2.0 (no plugins required), AI search (Wisenet AI cameras only), QR Code ","2921.3","CAD","Recordings","active"
"XRN-1620B2-8TB","8K NVR (Intel based), 8TB RAW, 16 channels, H265,H264, MJPEG, 8 fixed internal SATA HDDs (10TB max per HDD), ARB (Automatic Recovery Backup), 140 Mbps recording / up to 32 Mbps playback, Dual stream recording, WiseStream technology, HDMI/VGA dual display, max. resolution of 32MP recording/display and fisheye dewarping on web and CMS, web UI 2.0 (no plugins required), AI search (Wisenet AI cameras only), QR Code ","3550.1","CAD","Recordings","active"
"XRN-1620B2-12TB","8K NVR (Intel based), 12TB RAW, 16 channels, H265,H264, MJPEG, 8 fixed internal SATA HDDs (10TB max per HDD), ARB (Automatic Recovery Backup), 140 Mbps recording / up to 32 Mbps playback, Dual stream recording, WiseStream technology, HDMI/VGA dual display, max. resolution of 32MP recording/display and fisheye dewarping on web and CMS, web UI 2.0 (no plugins required), AI search (Wisenet AI cameras only), QR Code ","4178.9","CAD","Recordings","active"
"XRN-1620B2-16TB","8K NVR (Intel based), 16TB RAW, 16 channels, H265,H264, MJPEG, 8 fixed internal SATA HDDs (10TB max per HDD), ARB (Automatic Recovery Backup), 140 Mbps recording / up to 32 Mbps playback, Dual stream recording, WiseStream technology, HDMI/VGA dual display, max. resolution of 32MP recording/display and fisheye dewarping on web and CMS, web UI 2.0 (no plugins required), AI search (Wisenet AI cameras only), QR Code ","4807.7","CAD","Recordings","active"
"XRN-1620B2-24TB","8K NVR (Intel based), 24TB RAW, 16 channels, H265,H264, MJPEG, 8 fixed internal SATA HDDs (10TB max per HDD), ARB (Automatic Recovery Backup), 140 Mbps recording / up to 32 Mbps playback, Dual stream recording, WiseStream technology, HDMI/VGA dual display, max. resolution of 32MP recording/display and fisheye dewarping on web and CMS, web UI 2.0 (no plugins required), AI search (Wisenet AI cameras only), QR Code ","6065.3","CAD","Recordings","active"
"XRN-1620B2-30TB","8K NVR (Intel based), 30TB RAW, 16 channels, H265,H264, MJPEG, 8 fixed internal SATA HDDs (10TB max per HDD), ARB (Automatic Recovery Backup), 140 Mbps recording / up to 32 Mbps playback, Dual stream recording, WiseStream technology, HDMI/VGA dual display, max. resolution of 32MP recording/display and fisheye dewarping on web and CMS, web UI 2.0 (no plugins required), AI search (Wisenet AI cameras only), QR Code ","7008.5","CAD","Recordings","active"
"XRN-1620B2-36TB","8K NVR (Intel based),36TB RAW, 16 channels, H265,H264, MJPEG, 8 fixed internal SATA HDDs (10TB max per HDD), ARB (Automatic Recovery Backup), 140 Mbps recording / up to 32 Mbps playback, Dual stream recording, WiseStream technology, HDMI/VGA dual display, max. resolution of 32MP recording/display and fisheye dewarping on web and CMS, web UI 2.0 (no plugins required), AI search (Wisenet AI cameras only), QR Code ","7951.7","CAD","Recordings","active"
"XRN-1620B2-48TB","8K NVR (Intel based), 48TB RAW, 16 channels, H265,H264, MJPEG, 8 fixed internal SATA HDDs (10TB max per HDD), ARB (Automatic Recovery Backup), 140 Mbps recording / up to 32 Mbps playback, Dual stream recording, WiseStream technology, HDMI/VGA dual display, max. resolution of 32MP recording/display and fisheye dewarping on web and CMS, web UI 2.0 (no plugins required), AI search (Wisenet AI cameras only), QR Code ","9838.1","CAD","Recordings","active"
"XRN-1620SB1","8K NVR (Intel based), No HDD, 16 channels with 16 PoE/PoE+ ports (PoE Budget 200W), H265,H264, MJPEG, 4 fixed internal SATA HDDs (6TB max per HDD), ARB (Automatic Recovery Backup), 140 Mbps recording / up to 32 Mbps playback, Dual stream recording, WiseStream technology, HDMI/VGA dual display, max. resolution of 32MP recording/display and fisheye dewarping on web and CMS, web UI 2.0 (no plugins required), AI search (Wisenet AI cameras only), QR Code ","2533.54","CAD","Recordings","active"
"XRN-1620SB1-2TB","8K NVR (Intel based), 2TB RAW, 16 channels with 16 PoE/PoE+ ports (PoE Budget 200W), H265,H264, MJPEG, 4 fixed internal SATA HDDs (6TB max per HDD), ARB (Automatic Recovery Backup), 140 Mbps recording / up to 32 Mbps playback, Dual stream recording, WiseStream technology, HDMI/VGA dual display, max. resolution of 32MP recording/display and fisheye dewarping on web and CMS, web UI 2.0 (no plugins required), AI search (Wisenet AI cameras only), QR Code ","2847.94","CAD","Recordings","active"
"XRN-1620SB1-4TB","8K NVR (Intel based), 4TB RAW 16 channels with 16 PoE/PoE+ ports (PoE Budget 200W), H265,H264, MJPEG, 4 fixed internal SATA HDDs (6TB max per HDD), ARB (Automatic Recovery Backup), 140 Mbps recording / up to 32 Mbps playback, Dual stream recording, WiseStream technology, HDMI/VGA dual display, max. resolution of 32MP recording/display and fisheye dewarping on web and CMS, web UI 2.0 (no plugins required), AI search (Wisenet AI cameras only), QR Code ","3162.34","CAD","Recordings","active"
"XRN-1620SB1-8TB","8K NVR (Intel based), 8TB RAW, 16 channels with 16 PoE/PoE+ ports (PoE Budget 200W), H265,H264, MJPEG, 4 fixed internal SATA HDDs (6TB max per HDD), ARB (Automatic Recovery Backup), 140 Mbps recording / up to 32 Mbps playback, Dual stream recording, WiseStream technology, HDMI/VGA dual display, max. resolution of 32MP recording/display and fisheye dewarping on web and CMS, web UI 2.0 (no plugins required), AI search (Wisenet AI cameras only), QR Code ","3791.14","CAD","Recordings","active"
"XRN-1620SB1-12TB","8K NVR (Intel based),12TB RAW, 16 channels with 16 PoE/PoE+ ports (PoE Budget 200W), H265,H264, MJPEG, 4 fixed internal SATA HDDs (6TB max per HDD), ARB (Automatic Recovery Backup), 140 Mbps recording / up to 32 Mbps playback, Dual stream recording, WiseStream technology, HDMI/VGA dual display, max. resolution of 32MP recording/display and fisheye dewarping on web and CMS, web UI 2.0 (no plugins required), AI search (Wisenet AI cameras only), QR Code ","4419.94","CAD","Recordings","active"
"XRN-1620SB1-16TB","8K NVR (Intel based), 16TB RAW, 16 channels with 16 PoE/PoE+ ports (PoE Budget 200W), H265,H264, MJPEG, 4 fixed internal SATA HDDs (6TB max per HDD), ARB (Automatic Recovery Backup), 140 Mbps recording / up to 32 Mbps playback, Dual stream recording, WiseStream technology, HDMI/VGA dual display, max. resolution of 32MP recording/display and fisheye dewarping on web and CMS, web UI 2.0 (no plugins required), AI search (Wisenet AI cameras only), QR Code ","5048.74","CAD","Recordings","active"
"XRN-1620SB1-24TB","8K NVR (Intel based), 24TB RAW, 16 channels with 16 PoE/PoE+ ports (PoE Budget 200W), H265,H264, MJPEG, 4 fixed internal SATA HDDs (6TB max per HDD), ARB (Automatic Recovery Backup), 140 Mbps recording / up to 32 Mbps playback, Dual stream recording, WiseStream technology, HDMI/VGA dual display, max. resolution of 32MP recording/display and fisheye dewarping on web and CMS, web UI 2.0 (no plugins required), AI search (Wisenet AI cameras only), QR Code ","6306.34","CAD","Recordings","active"
"XRN-820S","8K NVR (Intel based), No HDD, 8 channels with 8 PoE/PoE+ ports (PoE Budget 100W), H265,H264, MJPEG, 2 fixed internal SATA HDDs (6TB max per HDD), ARB (Automatic Recovery Backup), 100 Mbps recording / up to 32 Mbps playback, Dual stream recording, WiseStream technology, HDMI/VGA dual display, max. resolution of 32MP recording/display and fisheye dewarping on web and CMS, web UI 2.0 (no plugins required), AI search (Wisenet AI cameras only), QR Code ","1790.77","CAD","Recordings","active"
"XRN-820S-2TB","8K NVR (Intel based), 2TB RAW, 8 channels with 8 PoE/PoE+ ports (PoE Budget 100W), H265,H264, MJPEG, 2 fixed internal SATA HDDs (6TB max per HDD), ARB (Automatic Recovery Backup), 100 Mbps recording / up to 32 Mbps playback, Dual stream recording, WiseStream technology, HDMI/VGA dual display, max. resolution of 32MP recording/display and fisheye dewarping on web and CMS, web UI 2.0 (no plugins required), AI search (Wisenet AI cameras only), QR Code ","2105.17","CAD","Recordings","active"
"XRN-820S-4TB","8K NVR (Intel based), 4TB RAW, 8 channels with 8 PoE/PoE+ ports (PoE Budget 100W), H265,H264, MJPEG, 2 fixed internal SATA HDDs (6TB max per HDD), ARB (Automatic Recovery Backup), 100 Mbps recording / up to 32 Mbps playback, Dual stream recording, WiseStream technology, HDMI/VGA dual display, max. resolution of 32MP recording/display and fisheye dewarping on web and CMS, web UI 2.0 (no plugins required), AI search (Wisenet AI cameras only), QR Code ","2419.57","CAD","Recordings","active"
"XRN-820S-6TB","8K NVR (Intel based), 6TB RAW, 8 channels with 8 PoE/PoE+ ports (PoE Budget 100W), H265,H264, MJPEG, 2 fixed internal SATA HDDs (6TB max per HDD), ARB (Automatic Recovery Backup), 100 Mbps recording / up to 32 Mbps playback, Dual stream recording, WiseStream technology, HDMI/VGA dual display, max. resolution of 32MP recording/display and fisheye dewarping on web and CMS, web UI 2.0 (no plugins required), AI search (Wisenet AI cameras only), QR Code ","2733.97","CAD","Recordings","active"
"XRN-820S-8TB","8K NVR (Intel based), 8TB RAW, 8 channels with 8 PoE/PoE+ ports (PoE Budget 100W), H265,H264, MJPEG, 2 fixed internal SATA HDDs (6TB max per HDD), ARB (Automatic Recovery Backup), 100 Mbps recording / up to 32 Mbps playback, Dual stream recording, WiseStream technology, HDMI/VGA dual display, max. resolution of 32MP recording/display and fisheye dewarping on web and CMS, web UI 2.0 (no plugins required), AI search (Wisenet AI cameras only), QR Code ","3048.37","CAD","Recordings","active"
"XRN-820S-12TB","8K NVR (Intel based), 12TB RAW, 8 channels with 8 PoE/PoE+ ports (PoE Budget 100W), H265,H264, MJPEG, 2 fixed internal SATA HDDs (6TB max per HDD), ARB (Automatic Recovery Backup), 100 Mbps recording / up to 32 Mbps playback, Dual stream recording, WiseStream technology, HDMI/VGA dual display, max. resolution of 32MP recording/display and fisheye dewarping on web and CMS, web UI 2.0 (no plugins required), AI search (Wisenet AI cameras only), QR Code ","3677.17","CAD","Recordings","active"
"QRN-1630S","16CH NVR with 16 PoE Ports (POE Budget 130W) with 8MP Camera Support. H265, H264, MJPEG, 2 fixed internal SATA HDDs (10TB each or 20TB Total). 128Mbps Network camera recording, Dual Stream recording option, 2 HDMI Outputs with local 4K display resolution (HDMI1: 3840x2160(30Hz), HDMI2: 1920x1080(60Hz)) - Automatic Recovery Back up (ARB) feature (A.K.A Edge recording retrieval). Four (4) Alarm In/ Two(2) Alarm out and Audio Output (RCA).  Easy connection using P2P service (QR code connect) with Wisenet Mobile APP (for Android and IOS) and the free of charge Wisenet Viewer. NDAA & FCC Compliant Model.","1506.5","CAD","Recordings","active"
"QRN-1630S-2TB","16CH NVR 2TB with 16 PoE Ports (POE Budget 130W) with 8MP Camera Support. H265, H264, MJPEG, 2 fixed internal SATA HDDs (10TB each or 20TB Total). 128Mbps Network camera recording, Dual Stream recording option, 2 HDMI Outputs with local 4K display resolution (HDMI1: 3840x2160(30Hz), HDMI2: 1920x1080(60Hz)) - Automatic Recovery Back up (ARB) feature (A.K.A Edge recording retrieval). Four (4) Alarm In/ Two(2) Alarm out and Audio Output (RCA).  Easy connection using P2P service (QR code connect) with Wisenet Mobile APP (for Android and IOS) and the free of charge Wisenet Viewer. NDAA & FCC Compliant Model.","1820.9","CAD","Recordings","active"
"QRN-1630S-4TB","16CH NVR 4TB with 16 PoE Ports (POE Budget 130W) with 8MP Camera Support. H265, H264, MJPEG, 2 fixed internal SATA HDDs (10TB each or 20TB Total). 128Mbps Network camera recording, Dual Stream recording option, 2 HDMI Outputs with local 4K display resolution (HDMI1: 3840x2160(30Hz), HDMI2: 1920x1080(60Hz)) - Automatic Recovery Back up (ARB) feature (A.K.A Edge recording retrieval). Four (4) Alarm In/ Two(2) Alarm out and Audio Output (RCA).  Easy connection using P2P service (QR code connect) with Wisenet Mobile APP (for Android and IOS) and the free of charge Wisenet Viewer. NDAA & FCC Compliant Model.","2135.3","CAD","Recordings","active"
"QRN-1630S-6TB","16CH NVR 6TB with 16 PoE Ports (POE Budget 130W) with 8MP Camera Support. H265, H264, MJPEG, 2 fixed internal SATA HDDs (10TB each or 20TB Total). 128Mbps Network camera recording, Dual Stream recording option, 2 HDMI Outputs with local 4K display resolution (HDMI1: 3840x2160(30Hz), HDMI2: 1920x1080(60Hz)) - Automatic Recovery Back up (ARB) feature (A.K.A Edge recording retrieval). Four (4) Alarm In/ Two(2) Alarm out and Audio Output (RCA).  Easy connection using P2P service (QR code connect) with Wisenet Mobile APP (for Android and IOS) and the free of charge Wisenet Viewer. NDAA & FCC Compliant Model.","2449.7","CAD","Recordings","active"
"QRN-1630S-8TB","16CH NVR 8TB with 16 PoE Ports (POE Budget 130W) with 8MP Camera Support. H265, H264, MJPEG, 2 fixed internal SATA HDDs (10TB each or 20TB Total). 128Mbps Network camera recording, Dual Stream recording option, 2 HDMI Outputs with local 4K display resolution (HDMI1: 3840x2160(30Hz), HDMI2: 1920x1080(60Hz)) - Automatic Recovery Back up (ARB) feature (A.K.A Edge recording retrieval). Four (4) Alarm In/ Two(2) Alarm out and Audio Output (RCA).  Easy connection using P2P service (QR code connect) with Wisenet Mobile APP (for Android and IOS) and the free of charge Wisenet Viewer. NDAA & FCC Compliant Model.","2764.1","CAD","Recordings","active"
"QRN-1630S-10TB","16CH NVR 10TB with 16 PoE Ports (POE Budget 130W) with 8MP Camera Support. H265, H264, MJPEG, 2 fixed internal SATA HDDs (10TB each or 20TB Total). 128Mbps Network camera recording, Dual Stream recording option, 2 HDMI Outputs with local 4K display resolution (HDMI1: 3840x2160(30Hz), HDMI2: 1920x1080(60Hz)) - Automatic Recovery Back up (ARB) feature (A.K.A Edge recording retrieval). Four (4) Alarm In/ Two(2) Alarm out and Audio Output (RCA).  Easy connection using P2P service (QR code connect) with Wisenet Mobile APP (for Android and IOS) and the free of charge Wisenet Viewer. NDAA & FCC Compliant Model.","3078.5","CAD","Recordings","active"
"QRN-1630S-12TB","16CH NVR 12TB with 16 PoE Ports (POE Budget 130W) with 8MP Camera Support. H265, H264, MJPEG, 2 fixed internal SATA HDDs (10TB each or 20TB Total). 128Mbps Network camera recording, Dual Stream recording option, 2 HDMI Outputs with local 4K display resolution (HDMI1: 3840x2160(30Hz), HDMI2: 1920x1080(60Hz)) - Automatic Recovery Back up (ARB) feature (A.K.A Edge recording retrieval). Four (4) Alarm In/ Two(2) Alarm out and Audio Output (RCA).  Easy connection using P2P service (QR code connect) with Wisenet Mobile APP (for Android and IOS) and the free of charge Wisenet Viewer. NDAA & FCC Compliant Model.","3392.9","CAD","Recordings","active"
"QRN-1630S-16TB","16CH NVR 16TB with 16 PoE Ports (POE Budget 130W) with 8MP Camera Support. H265, H264, MJPEG, 2 fixed internal SATA HDDs (10TB each or 20TB Total). 128Mbps Network camera recording, Dual Stream recording option, 2 HDMI Outputs with local 4K display resolution (HDMI1: 3840x2160(30Hz), HDMI2: 1920x1080(60Hz)) - Automatic Recovery Back up (ARB) feature (A.K.A Edge recording retrieval). Four (4) Alarm In/ Two(2) Alarm out and Audio Output (RCA).  Easy connection using P2P service (QR code connect) with Wisenet Mobile APP (for Android and IOS) and the free of charge Wisenet Viewer. NDAA & FCC Compliant Model.","4021.7","CAD","Recordings","active"
"QRN-1630S-20TB","16CH NVR 20TB with 16 PoE Ports (POE Budget 130W) with 8MP Camera Support. H265, H264, MJPEG, 2 fixed internal SATA HDDs (10TB each or 20TB Total). 128Mbps Network camera recording, Dual Stream recording option, 2 HDMI Outputs with local 4K display resolution (HDMI1: 3840x2160(30Hz), HDMI2: 1920x1080(60Hz)) - Automatic Recovery Back up (ARB) feature (A.K.A Edge recording retrieval). Four (4) Alarm In/ Two(2) Alarm out and Audio Output (RCA).  Easy connection using P2P service (QR code connect) with Wisenet Mobile APP (for Android and IOS) and the free of charge Wisenet Viewer. NDAA & FCC Compliant Model.","4650.5","CAD","Recordings","active"
"QRN-830S","8CH NVR with 8 PoE Ports (PoE Budget 65W) with 8MP Camera Support. H.265, H.264, MJPEG, 1 fixed internal SATA HDDs (up to 6TB). 80Mbps Network camera recording, Dual Stream recording option, HDMI Outputs with local 4K display resolution (HDMI1: 3840x2160(30Hz), Automatic Recovery Back-up (ARB) feature (A.K.A Edge recording retrieval). Easy connection using P2P service (QR code connect) with Wisenet Mobile APP (for Android and IOS) and the free of charge Wisenet Viewer. NDAA & FCC Compliant Model.","995.6","CAD","Recordings","active"
"QRN-830S-2TB","8CH NVR 2TB with 8 PoE Ports (PoE Budget 65W) with 8MP Camera Support. H.265, H.264, MJPEG, 1 fixed internal SATA HDDs (up to 6TB). 80Mbps Network camera recording, Dual Stream recording option, HDMI Outputs with local 4K display resolution (HDMI1: 3840x2160(30Hz), Automatic Recovery Back-up (ARB) feature (A.K.A Edge recording retrieval). Easy connection using P2P service (QR code connect) with Wisenet Mobile APP (for Android and IOS) and the free of charge Wisenet Viewer. NDAA & FCC Compliant Model.","1310.0","CAD","Recordings","active"
"QRN-830S-4TB","8CH NVR 4TB with 8 PoE Ports (PoE Budget 65W) with 8MP Camera Support. H.265, H.264, MJPEG, 1 fixed internal SATA HDDs (up to 6TB). 80Mbps Network camera recording, Dual Stream recording option, HDMI Outputs with local 4K display resolution (HDMI1: 3840x2160(30Hz), Automatic Recovery Back-up (ARB) feature (A.K.A Edge recording retrieval). Easy connection using P2P service (QR code connect) with Wisenet Mobile APP (for Android and IOS) and the free of charge Wisenet Viewer. NDAA & FCC Compliant Model.","1624.4","CAD","Recordings","active"
"QRN-830S-6TB","8CH NVR 6TB with 8 PoE Ports (PoE Budget 65W) with 8MP Camera Support. H.265, H.264, MJPEG, 1 fixed internal SATA HDDs (up to 6TB). 80Mbps Network camera recording, Dual Stream recording option, HDMI Outputs with local 4K display resolution (HDMI1: 3840x2160(30Hz), Automatic Recovery Back-up (ARB) feature (A.K.A Edge recording retrieval). Easy connection using P2P service (QR code connect) with Wisenet Mobile APP (for Android and IOS) and the free of charge Wisenet Viewer. NDAA & FCC Compliant Model.","1938.8","CAD","Recordings","active"
"XRN-426S-1T","4K NVR (Intel based), 4CH with 4 PoE/PoE+ ports (PoE Budget 50W), 1TB SSD, H.265/H.264/MJPEG, SUNAPI, ONVIF, ARB (Automatic Recovery Backup) & Failover (N+1), Up To 40 Mbps Recording / Up To 32 Mbps Playback, Dual Stream Recording, WiseStream Support, HDMI(x1), Alarm I/O, 2-Way Audio, Maximum Camera Resolution of 8MP Recording/Display, AI Search (Wisenet AI Cameras Only), P2P QR Code, WiFi Dongle Installation Support, VESA Mount Desk/Wall/Pole Installation ","1630.95","CAD","Recordings","active"
"XRN-420S","4K NVR (Intel based), 4CH with 4 PoE/PoE+ ports (PoE Budget 50W), H265,H264, MJPEG, 1 fixed internal SATA HDDs (6TB max), ARB (Automatic Recovery Backup), 50 Mbps recording / up to 32 Mbps playback, Dual stream recording, WiseStream technology, HDMI/VGA dual display, max. resolution of 8MP recording/display, AI search (Wisenet AI cameras only), QR Code","768.97","CAD","Recordings","active"
"XRN-420S-2TB","4K NVR (Intel based) 2TB RAW, 4CH with 4 PoE/PoE+ ports (PoE Budget 50W), H265,H264, MJPEG, 1 fixed internal SATA HDDs (6TB max), ARB (Automatic Recovery Backup), 50 Mbps recording / up to 32 Mbps playback, Dual stream recording, WiseStream technology, HDMI/VGA dual display, max. resolution of 8MP recording/display, AI search (Wisenet AI cameras only), QR Code","1240.57","CAD","Recordings","active"
"XRN-420S-4TB","4K NVR (Intel based) 4TB RAW, 4CH with 4 PoE/PoE+ ports (PoE Budget 50W), H265,H264, MJPEG, 1 fixed internal SATA HDDs (6TB max), ARB (Automatic Recovery Backup), 50 Mbps recording / up to 32 Mbps playback, Dual stream recording, WiseStream technology, HDMI/VGA dual display, max. resolution of 8MP recording/display, AI search (Wisenet AI cameras only), QR Code","1712.17","CAD","Recordings","active"
"XRN-420S-6TB","4K NVR (Intel based) 6TB RAW, 4CH with 4 PoE/PoE+ ports (PoE Budget 50W), H265,H264, MJPEG, 1 fixed internal SATA HDDs (6TB max), ARB (Automatic Recovery Backup), 50 Mbps recording / up to 32 Mbps playback, Dual stream recording, WiseStream technology, HDMI/VGA dual display, max. resolution of 8MP recording/display, AI search (Wisenet AI cameras only), QR Code","2183.77","CAD","Recordings","active"
"QRN-430S","4K NVR (Intel based), 4CH with 4 PoE/PoE+ ports (PoE Budget 35W), H265,H264, MJPEG, 1 fixed internal SATA HDDs (6TB max), ARB (Automatic Recovery Backup), 40 Mbps recording / up to 32 Mbps playback, Dual stream recording, WiseStream technology, 4K HDMI display, max. resolution of 8MP recording/display, QR Code","677.27","CAD","Recordings","active"
"QRN-430S-2TB","4K NVR (Intel based), 2TB RAW, 4CH with 4 PoE/PoE+ ports (PoE Budget 35W), H265,H264, MJPEG, 1 fixed internal SATA HDDs (6TB max), ARB (Automatic Recovery Backup), 40 Mbps recording / up to 32 Mbps playback, Dual stream recording, WiseStream technology, 4K HDMI display, max. resolution of 8MP recording/display, QR Code","991.67","CAD","Recordings","active"
"QRN-430S-4TB","4K NVR (Intel based), 4TB RAW, 4CH with 4 PoE/PoE+ ports (PoE Budget 35W), H265,H264, MJPEG, 1 fixed internal SATA HDDs (6TB max), ARB (Automatic Recovery Backup), 40 Mbps recording / up to 32 Mbps playback, Dual stream recording, WiseStream technology, 4K HDMI display, max. resolution of 8MP recording/display, QR Code","1306.07","CAD","Recordings","active"
"QRN-430S-6TB","4K NVR (Intel based), 6TB RAW, 4CH with 4 PoE/PoE+ ports (PoE Budget 35W), H265,H264, MJPEG, 1 fixed internal SATA HDDs (6TB max), ARB (Automatic Recovery Backup), 40 Mbps recording / up to 32 Mbps playback, Dual stream recording, WiseStream technology, 4K HDMI display, max. resolution of 8MP recording/display, QR Code","1620.47","CAD","Recordings","active"
"SPE-1630","Encoder, 16CH H.265/H.264/MJPEG, Supports: AHD, CVI, TVI and CVBS (AUTO), Up to 5MP@12fps, 4MP@15fps, 2MP@30fps, RS-485Interface, Coaxial Control: Pelco C when using CVBS or ACP up-coax protocol @ AHD,  ONVIF Profile S support, 1 HDMI OUT (16 multi Image, 1920x1080), I/O 16/4, Audio in/out 4/1","1801.25","CAD","Audio and power accessories","active"
"SPE-1610","Encoder, 16CH H.264/MJPEG, 30fps @ 2MP or lower and 15 fps @ 4MP, AHD/CVI/TVI/CVBS compatible, RS-485/422 Interface, Pelco C when using CVBS or ACP up-coax protocol @ AHD,  ONVIF protocol support, HDMI output, I/O 16/4, Audio in/out 4/1, 12VDC","1788.15","CAD","Audio and power accessories","active"
"SPE-420","Encoder, 4CH H.265/H.264/MJPEG,  5MP : 12fps/CH, 4MP : 15fps/CH, 1080p : 30fps/CH, 720p/WD1/4CIF/CIF: 30fps, AHD/CVI/TVI/CVBS compatible, RS-485/422 Interface, Pelco C when using CVBS or ACP up-coax protocol @ AHD,  ONVIF protocol support, HDMI output, I/O 4/2, Audio in/out 4/1, DC12V, PoE(IEEE 802.3af)","700.85","CAD","Audio and power accessories","active"
"SPD-152","Video decoding up to 64 cameras, Dual HDMI output (HDMI#1 UHD, HDMI#2 FHD), Supported resolution: 4K@60FPS ~ 2M@360FPS, ONVIF, SUNAPI, RTSP, H.265 / H.264 / MJPEG codec, up to 20 Layout, Sequence Support, 12V DC, PoE","1113.5","CAD","Cameras","active"
"TRTN-UA001","Environmental Sensor, Advanced BLE Detection Engine, Multi-Detection Capabilities (Vaping, THC, Aggression, Glass Breakage), Cloud-Integrated, Privacy-Compliant Design, Compatible with Major Security Systems and Dashboards. Real-time environmental monitoring, Detection coverage up to 15m. Precision analytics: Vaping, Aggression, Keyword detection, Health and environmental monitoring. BLE Radar with device tracking for loitering and unauthorized access management. Supported alerts include: Audio detection (Scream/Shout), Keyword triggers, and Smoke/Vape analytics; Installed software features: Customizable API alerts, real-time cloud sync, and 3rd Party VMS  or Triton Cloud dashboard. Operating temperature: -20°C to +55°C (-4°F ~ +131°F). Power in: PoE+ (802.3af), Power out: PoE+ (802.3af), 12VDC backup. Modular mounting options for versatile installation. Durable IP66-rated casing, privacy-compliant (no camera). ","3091.6","CAD","Video Management System","active"
"TRTN-PR001","Enhanced Multi-Detection Capabilities (Vaping, THC, Aggression), Cloud-Integrated, Privacy-Compliant Design, Compatible with Major Security Systems. Detection coverage up to 15m, Precision analytics: Vaping, Keyword detection, Basic environmental monitoring. Supports customizable alerts for vaping, THC detection, and aggression events. Installed software features include real-time cloud sync, customizable API integrations, and a streamlined 3rd Party VMS/Triton dashboard Integration for management and alerts. Operating temperature: -10°C to +50°C (14°F ~ 122°F). Power: PoE+ (802.3af), optional 12VDC. Durable IP65-rated casing, privacy-compliant (no camera).","2475.9","CAD","Video Management System","active"
"TRTN-VD001","Triton Vape Detector, Focused Single-Detection Capability for Vaping, Privacy-Compliant Design, Standalone Operation. Designed for environments requiring targeted vape detection with affordability and simplicity in mind. Detection coverage up to 15m. Optimized for high-accuracy vape detection to address vaping in schools, workplaces, and public spaces.Features: Real-time detection with customizable alerts for vape incidents. Integrated with the WAVE/Triton dashboard for monitoring and management. Operating temperature: 0°C to +40°C (32°F ~ 104°F). Power: 12VDC or PoE (802.3af). ","1860.2","CAD","Alarms","active"
"TRTN-CL1","1-Year Triton Cloud Service provides seamless cloud integration for real-time monitoring, data storage, and alert management. It enables remote access to device data, scalable management of multiple sensors, and customizable notifications for incidents like vaping, aggression, or environmental changes. This service ensures secure data handling, privacy compliance, and compatibility with Triton dashboards and third-party systems, offering a streamlined and efficient solution for maintaining safety and compliance across facilities.","497.8","CAD","Software and licensing","active"
"TRTN-CL5","5-Year Triton Cloud Service provides seamless cloud integration for real-time monitoring, data storage, and alert management. It enables remote access to device data, scalable management of multiple sensors, and customizable notifications for incidents like vaping, aggression, or environmental changes. This service ensures secure data handling, privacy compliance, and compatibility with Triton dashboards and third-party systems, offering a streamlined and efficient solution for maintaining safety and compliance across facilities.","2109.1","CAD","Software and licensing","active"
"TRTN-CL10","10-Year Triton Cloud Service provides seamless cloud integration for real-time monitoring, data storage, and alert management. It enables remote access to device data, scalable management of multiple sensors, and customizable notifications for incidents like vaping, aggression, or environmental changes. This service ensures secure data handling, privacy compliance, and compatibility with Triton dashboards and third-party systems, offering a streamlined and efficient solution for maintaining safety and compliance across facilities.","3707.3","CAD","Software and licensing","active"
"TRTN-CAGE","Triton Vape Sensor Steel anti-tamper cage.","340.6","CAD","Access","active"
"TRTN-Config","Optional professional configuration. Each license covers two devices. Configuration included on all orders with a cloud license.","524.0","CAD","Software and licensing","active"
"HV-IGS950/10PS-910","8 port Gigabit Websmart PoE+ switch, 2 x SFP uplink ports, 130W total power budget, no WAVE integration","930.1","CAD","Switches","active"
"HV-IGS950/20PS-910","16 port Gigabit Websmart PoE+ switch, 4 x SFP uplink ports, 370W total power budget, no WAVE integration","1454.1","CAD","Switches","active"
"HV-IGS950/28PS-910","24 port Gigabit Websmart PoE+ switch, 4 x SFP uplink ports, 370W total power budget, no WAVE integration","1978.1","CAD","Switches","active"
"HV-IGS950/52PS-910","48 port Gigabit Websmart PoE+ switch, 4 x SFP uplink ports, 740W total power budget, no WAVE integration","3550.1","CAD","Switches","active"
"HV-IMC2000TP/SP-980"," Industrial Temp Gigabit Media Converter. 10/100/1000T POE+ to 100X/1000X SFP. TAA compliant.  Optimized to use with Hanwha network camera products.","2410.4","CAD","Cameras","active"
"HV-GS980MX/18HSm","L3 Stackable Switch, 16x 100M/1/2.5/5G-T PoE++, 2x SFP+ ports and a single fixed PSU, US Power Cord. Optimized to use with Hanwha network camera products.","6222.5","CAD","Switches","active"
"HV-GS980MX/10HSm","L3 Stackable Switch, 8x 100M/1/2.5/5G PoE++, 2x SFP+ ports and a single fixed power supply, US Power Cord. Optimized to use with Hanwha network camera products.","5305.5","CAD","Switches","active"
"HV-GS980MX/52PSm -10","L3 Stackable Switch, 40x 10/100/1000-T PoE+ , 8x 100M/1G/2.5G/5G-T PoE+, 4x SFP+ Ports and a single fixed PSU, US Power Cord. Optimized to use with Hanwha network camera products.","6812.0","CAD","Switches","active"
"HV-GS980MX/28PSm-10","L3 Stackable Switch, 20x 10/100/1000-T PoE+ , 4x 100M/1G/2.5G/5G-T PoE+, 4x SFP+ Ports and a single fixed PSU, US Power Cord. Optimized to use with Hanwha network camera products.","5764.0","CAD","Switches","active"
"HV-x540L-28XS-10","10 Gigabit Layer 3 Stackable Switch, 28x SFP/SFP+ ports and a single fixed PSU, US Power Cord. Optimized to use with Hanwha network camera products","13034.5","CAD","Switches","active"
"HV-x540L-28XTm-10","10 Gigabit Layer 3 Stackable Switch, 24x 100M/1/2.5/5/10G, 4x SFP/SFP+ ports and a single fixed PSU, US Power Cord. Optimized to use with Hanwha network camera products","11475.6","CAD","Switches","active"
"HV-x530-52GPXm-90","L3 Stackable Switch, 40x 10/100/1000-T PoE+ , 8x 100M/1G/2.5G/5G-T PoE+,4x SFP+ Ports and dual fixed PSU. TAA compliant. Optimized to use with Hanwha network camera products","14128.35","CAD","Switches","active"
"HV-x250-18XTm-10","10 Gigabit Layer 3 Lite Stackable Switch, 16x 100M/1/2.5/5/10G, 2x SFP/SFP+ ports and a single fixed PSU, US Power Cord. Optimized to use with Hanwha network camera products","7781.4","CAD","Switches","active"
"HV-x250-28XTm-10","10 Gigabit Layer 3 Lite Stackable Switch, 24x 100M/1/2.5/5/10G, 4x SFP/SFP+ ports and a single fixed PSU, US Power Cord. Optimized to use with Hanwha network camera products","9340.3","CAD","Switches","active"
"HV-x250-18XS-10","10 Gigabit Layer 3 Lite Stackable Switch, 18x SFP/SFP+ ports and a single fixed PSU, US Power Cord. Optimized to use with Hanwha network camera products","6812.0","CAD","Switches","active"
"HV-x250-28XS-10","10 Gigabit Layer 3 Lite Stackable Switch, 28x SFP/SFP+ ports and a single fixed PSU, US Power Cord. Optimized to use with Hanwha network camera products","9340.3","CAD","Switches","active"
"HV-IE360-12GHX- 980","Indusrial switch. 8x 10/100/1000T, 2x 100/1000X SFP, 2x 1/10G SFP+, Industrial Ethernet, Layer 3 Switch, PoE++ Support. TAA compliant. Optimized to use with Hanwha network camera products","4978.0","CAD","Switches","active"
"HV-DRB50-48-1","DIN Rail Power supply. 50W DC output and 85 to 264V AC input voltage rating. Suitable for TS-35/7.5 and TS-35/15 DIN Rail mounts. Optimized to use with Hanwha network camera products","471.6","CAD","Power Supply","active"
"HV-GS970M/10PS-R-10","8 port Gigabit Managed PoE+ switch, 2 x SFP uplink ports, 124W total PoE budget, Optimized to use with Hanwha network camera products","1558.9","CAD","Switches","active"
"HV-GS970M/18PS-R-10","16 port Gigabit Managed PoE+ switch, 2 x SFP uplink ports, 247W total PoE budget, Optimized to use with Hanwha network camera products","2082.9","CAD","Switches","active"
"HV-GS970M/28PS-10","24 port Gigabit Managed PoE+ switch, 4 x SFP uplink ports, 370W total PoE budget, Optimized to use with Hanwha network camera products","2868.9","CAD","Switches","active"
"HV-GS980M/52PS-10","48 port Gigabit Managed PoE+ switch, 4 x SFP uplink ports, 740W total PoE budget, Optimized to use with Hanwha network camera products","4440.9","CAD","Switches","active"
"AT-x530L-28GPX-90","AT 24 x Gigabit Ethernet PoE+ with advanced management features, 4x10 GB( SFP+) uplink ports, PoE+ 740W total PoE budget (NDAA and TAA compliant)","7336.0","CAD","Switches","active"
"AT-x530L-28GPX-901","AT 24 x Gigabit Ethernet PoE+ with advanced management features, 4x10 GB( SFP+)uplink ports, PoE+ 740W total PoE budget","7336.0","CAD","Switches","active"
"HV-x530-28GSX-90","Stackable Multi-Gigabit Layer 3 Dual PSU Switch, 24x. SFP Ports, 4x SFP+ Ports and dual fixed PSU, TAA compliant. Optimized to use with Hanwha network camera products","15569.35","CAD","Switches","active"
"HV-x950-28XSQ-900","Advanced Layer 3 switch with SFP+ slot x 24- QSFP/QSFP28 slots x 4- Expansion slot x 1- Dual Hotswap PSU Bays. TAA compliant. Optimized to use with Hanwha network camera products","34322.0","CAD","Switches","active"
"HV-x950-52XSQ-900","Advanced Layer 3 Stackable Switch. 48x 1/10G SFP+ slot, 4x 40/100G QSFP28 slot and 2x PSU bays. PSU must be ordered separately. Purchasing service needed. TAA compliant. Optimized to use with Hanwha network camera products","44756.15","CAD","Switches","active"
"HV-PWR600-10","600W AC System Power Supply for x950 series switch. US Power cord. Optimized to use with Hanwha network camera products.","4401.6","CAD","Switches","active"
"HV-PWR800 V2-10","800W AC Hot Swappable Power Supply for AT-x530DP and AT-x930 series switches. US Power cord. Optimized to use with Hanwha network camera products","5240.0","CAD","Switches","active"
"AT-x530L-52GPX-90","AT 48 x Gigabit Ethernet PoE+ with advanced management features, 4x10GB (SFP+) uplink, 740W total PoE budget (NDAA and TAA compliant)","12052.0","CAD","Switches","active"
"AT-x530L-10GHXm-90","AT 8 x 1/2.5/5 Gigabit Ethernet PoE++ switch with advanced management features, 2x 10GB (SFP+)uplink,  500W total PoE budget (NDAA and TAA compliant)","10480.0","CAD","Switches","active"
"AT-x530L-18GHXm-90","AT 16 x 1/2.5/5 Gigabit Ethernet PoE++ switch with advanced management features, 2x 10GB (SFP+) uplink , 720W total PoE budget (NDAA and TAA compliant)","13886.0","CAD","Switches","active"
"AT-x530DP-28GHXm-10","AT 20 x  Gigabit Ethernet  4 x 1/2.5/5 Gigabit Ethernet PoE++ switch with advance management features 4 x 10GB  (SFP+) uplink.  PoE++  1480 W total PoE budget.  * hot swap psu's sold seperately, can take two psu.","8777.0","CAD","Switches","active"
"AT-PWR1200"," Hot swap power supply for AT-x530DP-28GHXm-10 switch. ","4978.0","CAD","Switches","active"
"AT-IE220-6GHX-K90","AT Industrial rugged switch with 4 x Gigabit Ethernet DIN Rail Mount, PoE++ and optional  2x 10G (SFP+). 180W total PoE budget *Power supply sold separately (NDAA and TAA compliant)","3013.0","CAD","Switches","active"
"AT-IE220-10GHX-K90","AT Industrial rugged switch with 8 x Gigabit Ethernet, PoE++ and optional  2x 10G (SFP+). 240W total PoE budget *Power supply sold separately (NDAA and TAA compliant)","3537.0","CAD","Switches","active"
"AT-IE340-12GP-980","AT Industrial rugged switch with 8 x Gigabit Ethernet 4x 1G SFP. PoE+ Total 240W (8/8 PoE at/af) *Power supply sold separately (NDAA and TAA compliant)","3930.0","CAD","Switches","active"
"AT-IE340-20GP-980","AT Industrial rugged switch with 16 x Gigabit Ethernet 4x 1G SFP. PoE+ Total 240W (16 port PoE af & 8 PoE at) *Power supply sold separately (NDAA and TAA compliant)","5371.0","CAD","Switches","active"
"AT-IE048-480","AT Power supply for Rugged switches, 480W @48Vdc, Industrial AC/DC power supply, DIN rail mount","1310.0","CAD","Switches","active"
"AT-IE048-240","AT Power supply for Rugged switches, 240W @48Vdc, Industrial AC/DC power supply, DIN rail mount","1113.5","CAD","Switches","active"
"SWT-G11MGHP","Hardened 11 Port - 2 x 100/1000/2500FX + 1 x 100/1000FX SFP Ports and 8 x 10/100/1000TX Ports Managed Switch, four 1000Mbps TX with 30W PoE, four 1000Mbps TX Combo Ports with 60W PoE, Hardened 48VDC 480Watt (10A) DIN Rail High Temp Power Supply (-40⁰C to +71⁰C With -40⁰C Start-Up) Included","5043.5","CAD","Switches","active"
"SWT-F11MGHP","Hardened 3 FX SFP 100/1000/2500Mbps FX + 8 Port 10/100Mbps TX Ports Managed Switch 60 Watt PoE, Hardened 48VDC 480Watt (10A) DIN Rail High Temp Power Supply (-40⁰C to +71⁰C With -40⁰C Start-Up) Included","4061.0","CAD","Switches","active"
"SBP-303HF","RJ-45 to Fiber mounting accessory for PTZ XNP-6320H/6321H, XNP-6550RH and QNP-6230H","352.39","CAD","Recorder accessories","active"
"TMC-FSTM1ACM-A","Hardened mini media fiber converter (A),100mbps, ST connector, multi-mode, 1 fiber , power supply included (not hardened), TMC-FSTM1-B required to work as a pair","956.3","CAD","Power Supply","active"
"TMC-FSTS1ACM-A","Hardened mini media fiber converter (A),100mbps, ST connector, single-mode, 1 fiber, power supply included (not hardened), TMC-FSTS1-B required to work as a pair","1113.5","CAD","Power Supply","active"
"TMC-FSTM1PoEM-A","Hardened media fiber converter (A), 100mbps, ST Connector, multi-mode, 1 fiber, PoE+ output,  48V power supply included (not hardened), TMC-FSTM1-B required to work as a pair","1179.0","CAD","Power Supply","active"
"TMC-FSTS1PoEM-A","Hardened media fiber converter (A), 100mbps, ST Connector, single-mode, 1 fiber, PoE+ output,  48V power supply included (not hardened), TMC-FSTS1-B required to work as a pair","1342.75","CAD","Power Supply","active"
"TMC-FSTM1-B","Hardened media fiber converter (B), cage mountable, 100mbps, ST connector, multi-mode, 1 fiber, power supply included, TMC-FSTM1ACM-A or TMC-FSTM1PoEM-A required to work as a pair","956.3","CAD","Power Supply","active"
"TMC-FSTS1-B","Hardened media fiber converter (B), cage mountable, 100mbps, ST connector, single-mode, 1 fiber, power supply included, TMC-FSTS1ACM-A or TMC-FSTS1PoEM-A required to work as a pair","1113.5","CAD","Power Supply","active"
"TMC-FSCM1ACM-A","Hardened mini media fiber converter (A),100mbps, SC connector, multi-mode, 1 fiber , power supply included (not hardened), TMC-FSCM1-B required to work as a pair","956.3","CAD","Power Supply","active"
"TMC-FSCS1ACM-A","Hardened mini media fiber converter (A),100mbps, SC connector, single-mode, 1 fiber, power supply included (not hardened), TMC-FSCS1-B required to work as a pair","1113.5","CAD","Power Supply","active"
"TMC-FSCM1PoEM-A","Hardened media fiber converter (A), 100mbps, SC Connector, multi-mode, 1 fiber, PoE+ output,  48V power supply included (not hardened), TMC-FSCM1-B required to work as a pair","1179.0","CAD","Power Supply","active"
"TMC-FSCS1PoEM-A","Hardened media fiber converter (A), 100mbps, SC Connector, single-mode, 1 fiber, PoE+ output,  48V power supply included (not hardened), TMC-FSCS1-B required to work as a pair","1342.75","CAD","Power Supply","active"
"TMC-FSCM1-B","Hardened media fiber converter (B), cage mountable, 100mbps, SC connector, multi-mode, 1 fiber, power supply included, TMC-FSCM1ACM-A or TMC-FSCM1PoEM-A required to work as a pair","956.3","CAD","Power Supply","active"
"TMC-FSCS1-B","Hardened media fiber converter (B), cage mountable, 100mbps, SC connector, single-mode, 1 fiber, power supply included, TMC-FSCS1ACM-A or TMC-FSCS1PoEM-A required to work as a pair","1113.5","CAD","Power Supply","active"
"TMC-GSFPM","10/100/1000Mbps Multi-Rate media converter, SFP, 100FX/1000FX selectable, small size, SFP module required","1473.75","CAD","Cameras","active"
"TMC-GSFP","10/100/1000Mbps Multi-Rate media converter, SFP, 100FX/1000FX selectable, SFP module required","1473.75","CAD","Cameras","active"
"TMC-GSFPPoEM","10/100/1000Mbps Multi-Rate media converter, SFP, 100FX/1000FX selectable, small size, PoE+, SFP module required","1604.75","CAD","Cameras","active"
"TMC-FSFPPoE30M","Hardened 100Mbps Media Converter, SFP, 48V PoE,  Power Supply Included. 30w output, SFP module required","995.6","CAD","Power Supply","active"
"SFP-GRJC","Copper 10/100/1000Mbps RJ45, MSA Compliant","294.75","CAD","Cameras","active"
"SFP-FLCM202","100Mbps, 1310nm, 2km, LC, 2 Fiber, Multi Mode, MSA Compliant","209.6","CAD","Cameras","active"
"SFP-FLCS220","100Mbps, 1310nm, 20km, LC, 2 Fiber, Single Mode, MSA Compliant","222.7","CAD","Cameras","active"
"SFP-FSCM102-A","100Mbps, 1310nm, 2km, SC, 1 Fiber, Pair with SFP-FSCM102-B,  Multi Mode, MSA Compliant  ","340.6","CAD","Cameras","active"
"SFP-FSCM102-B","100Mbps, 1550nm, 2km, SC, 1 Fiber, Pair with SFP-FSCM102-A,  Multi Mode, MSA Compliant  ","340.6","CAD","Cameras","active"
"SFP-FSCS120-A","100Mbps, 1310nm, 20km, SC, 1 Fiber, Pair with SFP-FSCM102-B, Single Mode, MSA Compliant  ","340.6","CAD","Cameras","active"
"SFP-FSCS120-B","100Mbps, 1550nm, 20km, SC, 1 Fiber, Pair with SFP-FSCM102-A, Single Mode, MSA Compliant  ","340.6","CAD","Cameras","active"
"SFP-GLCS215","1000Mbps, 1310nm, 15km, LC, 2 Fiber, Single Mode, MSA Compliant","209.6","CAD","Cameras","active"
"SFP-GLCS120-A","1000Mbps, 1310nm, 20km, LC, 1 Fiber, Pair with SFP-GLCS120-B, Single Mode, MSA Compliant ","504.35","CAD","Cameras","active"
"SFP-GLCS120-B","1000Mbps, 1550nm, 20km, LC, 1 Fiber, Pair with SFP-GLCS120-A, Single Mode, MSA Compliant ","504.35","CAD","Cameras","active"
"SFP-GLCM202","1000Mbps 1310nm, 2km, 2 Fiber, LC, Multi Mode, MSA Compliant  ","425.75","CAD","Cameras","active"
"SBP-C14","14 slot card cage rack, power supply included","1342.75","CAD","Power Supply","active"
"SBP-C03","3 slot card cage rack, power supply included","759.8","CAD","Power Supply","active"
"SBP-C14PS1","90-264 VAC 50/60hz power supply for SBP-C14","759.8","CAD","Power Supply","active"
"SBP-C14BP1","1 slot blank filler panel for SBP-C14 card cage ","45.85","CAD","Access","active"
"SBP-C14BP3","3 slot blank filler panel for SBP-C14 card cage ","45.85","CAD","Access","active"
"SBP-UDR","Universal DIN-Rail mount adapter kit that allow the Hanwha product to be mounted on the adaptor in a vertical axis configuration","45.85","CAD","Recorder accessories","active"
"TEU-F01","Single-Channel Ethernet over UTP with Pass-through PoE","615.7","CAD","Cameras","active"
"TEC-F01","Single-Channel Ethernet over COAX with Pass-through PoE","576.4","CAD","Cameras","active"
"TEU-F04","Four-Channel Ethernet over UTP with Pass-through PoE","2227.0","CAD","Cameras","active"
"TEC-F04","Four-Channel Ethernet over COAX with Pass-through PoE","2161.5","CAD","Cameras","active"
"TEU-F16","Sixteen-Channel Ethernet over UTP with Pass-through PoE","6419.0","CAD","Cameras","active"
"TEC-F16","Sixteen-Channel Ethernet over COAX with Pass-through PoE","6353.5","CAD","Cameras","active"
"TER-F01","100 Meter Ethernet Repeater Pass-Through PoE Power","504.35","CAD","Cameras","active"
"TER-F01PD","100 Meter Ethernet Repeater External Power ","504.35","CAD","Cameras","active"
"NOC-RIMP","Auxiliary metal mounting bracket with standoffs designed for secure installation of the NOP-RI2MS in a standard triple-gang box. Dimensions of 5.5"" × 3.63"" × 0.5"" (139.7mm × 92.2mm × 12.7mm).","98.25","CAD","Recorder accessories","active"
"NOA-E2PW8","Access and Power Integration Solution, 8-door kit, Prewired for 1 (2-Door Network Controller (IC2) and 3 (Downstream Reader Interfaces (RI2M), includes eFlow6NB power supply/charger (10A @ 12/24VDC, network-managed), PDS8CB 8-output power distribution module (2.5A max per output, PTC protected), VR6 voltage regulator (up to 6A output), and ACMS8CB 8-relay access control module (2.5A max per output, fused). Dual-voltage outputs for controllers and locking devices, factory-installed wire management and harness assemblies with terminal blocks, 16 AWG galvanized steel backplane, convenient knockout configuration (1 × 2"" conduit, 16 × double knockouts for 1/2"" & 3/4""), supervision for AC fail, battery fail/presence, and low power shutdown, accommodates up to four 12VDC/7AH batteries, CE compliant, lifetime warranty on Altronix power supply/chargers and sub-assemblies, Dimensions: 27.25"" × 21.5"" × 6.5"" (692.2mm × 546.1mm × 165.1mm)","5600.25","CAD","Power Supply","active"
"NOA-E1PW4","Access and Power Integration Solution, 4-door kit, Prewired for 1 (2-Door Intelligent Controller (IC2) and 1 (Downstream Reader Interface Panel (RI2MS)), includes eFlow6NB power supply/charger (6A @ 12/24VDC, PDS8CB 8-output power distribution module (2.5A max per output, PTC protected), VR6 voltage regulator (5-12VDC), and ACM4CB 4-relay access control module (2.5A max per output, PTC protected). Dual-voltage outputs for controllers and locking devices, factory-installed wire management and harness assemblies with terminal blocks, 16 AWG galvanized steel backplane, convenient knockout configuration (1 × 1.5"" conduit, 9 × double knockouts for 3/4"" & 1""), supervision for AC fail, battery fail/presence, and FACP accommodates up to two 12VDC/7AH batteries, UL294, cUL s319-05, CE compliant, lifetime warranty on Altronix power supply/chargers and sub-assemblies, dimensions: 18.0"" × 14.5"" × 4.625"" (457.2mm × 368.3mm × 117.5mm).","2940.95","CAD","Power Supply","active"
"NOC-50L4","High-security smart card credential with MIFARE DESFire® EV3 technology, EAL 5+ security certification, 13.56 MHz operating frequency, Typical read range up to 3"" (depending on reader), Dimensions: 2.13"" x 3.37"" x 0.03"" (54.0mm x 85.6mm x 0.8mm), Weight: 5.5 g (0.20 oz), Slot punch vertical or horizontal, White color, Printable (direct imaging & thermal transfer; printing exclusion areas may apply), Lifetime warranty","1441.0","CAD","Cameras","active"
"NOC-60L8","High-security smart keyfob credential with MIFARE DESFire® EV3 technology, EAL 5+ security certification, 13.56 MHz operating frequency, Typical read range up to 1"" (depending on reader), Dimensions: 1.57"" x 1.22"" x 0.19"" (39.9mm x 31.0mm x 4.9mm), Weight: 3.8g (0.134oz), Black with white center, Non-printable, 5-year warranty","2082.9","CAD","Cameras","active"
"NOD-AX25S","Multi-technology single gang keypad reader, 13.56 MHz (NFC), 125 kHz (PROX), Bluetooth BLE 5.3, Auto-Detect for Wiegand or OSDP infrastructures, Remote firmware upgrade support for radio enable/disable and control sequencing, Supports all Ethos-supported credentials (NFC, PROX, Bluetooth), 10-key mechanical keypad, Accelerometer-based tamper detection, Typical read range: 2 inches, EAL6+ Secure Element, IP65 or better, Power: 5–24 VDC, Current draw: 500 mA @ 12 VDC, Dimensions: 5.25"" x 3.29"" x 0.93"" (133.4mm x 83.6mm x 23.5mm), Regulatory compliance: FCC, IC, CE, UL294, OSDP Verified V2.2, Plastics: UL94-V0, UL746C-F1 for UV/water resistance, Lifetime warranty, Made in USA","1152.8","CAD","Access","active"
"NOD-AX20S","Multi-technology single gang reader, 13.56 MHz (NFC), 125 kHz (PROX), Bluetooth BLE 5.3, Auto-Detect for Wiegand or OSDP infrastructures, Remote firmware upgrade support for radio enable/disable and control sequencing, Supports all Ethos-supported credentials (NFC, PROX, Bluetooth), Accelerometer-based tamper detection, Typical read range: 2 inches, EAL6+ Secure Element, IP65 or better, Power: 5–24 VDC, Current draw: 500 mA @ 12 VDC, Dimensions: 5.25"" x 3.29"" x 0.73"" (133.4mm x 83.6mm x 18.5mm), Regulatory compliance: FCC, IC, CE, UL294, OSDP Verified V2.2, Plastics: UL94-V0, UL746C-F1 for UV/water resistance, Lifetime warranty, Made in USA","812.2","CAD","Cameras","active"
"NOD-AX15S","Multi-technology mullion keypad reader, 13.56 MHz (NFC), 125 kHz (PROX), Bluetooth BLE 5.3, Auto-Detect for Wiegand or OSDP infrastructures, Remote firmware upgrade support for radio enable/disable and control sequencing, Supports all Ethos-supported credentials (NFC, PROX, Bluetooth), 10-key mechanical keypad, Accelerometer-based tamper detection, Typical read range: 2 inches, EAL6+ Secure Element, IP65 or better, Power: 5–24 VDC, Current draw: 500 mA @ 12 VDC, Dimensions: 5.25"" x 1.81"" x 0.93"" (133.4mm x 46mm x 23.5mm), Regulatory compliance: FCC, IC, CE, UL294, OSDP Verified V2.2, Plastics: UL94-V0, UL746C-F1 for UV/water resistance, Lifetime warranty, Made in USA","1008.7","CAD","Access","active"
"NOD-AX10S","Multi-technology mullion reader, 13.56 MHz (NFC), 125 kHz (PROX), Bluetooth BLE 5.3, Auto-Detect for Wiegand or OSDP infrastructures, Remote firmware upgrade support for radio enable/disable and control sequencing, Supports all Ethos-supported credentials (NFC, PROX, Bluetooth), Accelerometer-based tamper detection, Typical read range: 2 inches, EAL6+ Secure Element, IP65 or better, Power: 5–24 VDC, Current draw: 500 mA @ 12 VDC, Dimensions: 5.25"" x 1.81"" x 0.73"" (133.4mm x 46mm x 18.5mm), Regulatory compliance: FCC, IC, CE, UL294, OSDP Verified V2.2, Plastics: UL94-V0, UL746C-F1 for UV/water resistance, Lifetime warranty, Made in USA","687.75","CAD","Cameras","active"
"NOP-IO168S","Access control I/O expansion panel with (16) high-precision supervised inputs and (8) Form-C relay outputs for auxiliary device and zone control, equipped with advanced filtering to minimize false alarms. Secure serial communication with NOP Series IC controllers ensures encrypted data transfer, advanced access control abiliites, and elevator support. Power input 12/24VDC. Enclosure-Mount Form Factor Design","1860.2","CAD","Access","active"
"NOP-RI2MS","A downstream reader-interface panel supporting (2) Wiegand/OSDP reader ports, (6) High Precision Supervised alarm inputs, (2) Unsupervisered Dedicated Inputs, and (4) Form-C relay outputs. (1) Serial Port with communication with NOP Series IC controllers ensures encrypted data transfer, offline event buffering, and advanced access control abilites. Power input: 12VDC in an enclosure-mount form factor","1355.85","CAD","Access","active"
"NOP-IC2","Powered by OnCAFE, Intelligent controller supporting (2) doors, featuring (2) Wiegand/OSDP reader ports up to (16 OSDP Readers), (8) High-Precision Supervised Inputs, (4) Form-C relay outputs, (2) Serial Ports, (2) Dedicated Unsupervised Inputs, (1) Dedicated RJ-45 10/100 Ethernet Port, and onboard power monitoring with memory retention. Supporting up to 1,000,000 cardholders, 100,000 offline event cache, 2,048 inputs/outputs, and 128 readers, it delivers advanced access control functions with elevator control. Secure operation through TLS 1.3 and AES-256 encryption. Power: 12-24VDC, Current draw 350mA","2325.25","CAD","Access","active"
"NHP-P200","Powered by OnCAFE, IP Controller supporting (2) doors, featuring (2) Wiegand/OSDP reader ports (up to 4 OSDP Readers), (5) Supervised Inputs, up to (4) Unsupervised OSDP Flex Inputs, (2) Form-C wet relay outputs with dry/12VDC/24VDC power selector, Built in tamper monitoring, (1) Dedicated RJ-45 10/100 PoE+ Ethernet Port, and onboard power monitoring with memory retention. Supporting up to 50,000 cardholders, and 250,000 offline event cache. Secure operation through TLS 1.3 and AES-256 encryption. Power: PoE++, 12-24VDC, Current draw 780mA on PoE+, Dimensions: 7.24"" x 7.24"" x 1.67"" (184mm x 184mm x 42.5mm)","1192.1","CAD","Controllers","active"
"NHP-P100","Powered by OnCAFE, IP Controller supporting (1) door, featuring (1) Wiegand/OSDP reader port (up to 2 OSDP Readers), (3) Supervised Inputs, up to (2) Unsupervised OSDP Flex Inputs, (1) Form-C wet relay output with dry/12VDC/24VDC power selector, Built in tamper monitoring, (1) Dedicated RJ-45 10/100 PoE+ Ethernet Port, and onboard power monitoring with memory retention. Supporting up to 50,000 cardholders, and 250,000 offline event cache. Secure operation through TLS 1.3 and AES-256 encryption. Power: PoE+, 12-24VDC, Current draw 480mA on PoE+, Dimensions: 7.24"" x 7.24"" x 1.67"" (184mm x 184mm x 42.5mm)","799.1","CAD","Controllers","active"
"HCF-8011RV","5MP (2560x1944) resolution, 20FPS @5MP, IR Viewable Length: 10m(32.8ft), BLC, Day & Night (ICR), WDR 120dB, Coaxial communication (ACP / Coaxitron), Selectable universal output (AHD / CVBS), IP66, IK10, Power 12VDC/24VAC, Operating Temperature -30°C ~ +55°C(-22°F ~ +131°F), hard coated dome bubble, white color","655.0","CAD","Cameras","active"
"HCB-7000A","Wisenet HD+ 4MP box camera, AHD or CVBS formats are available, RS485 /Coaxial Control, true D/N, 24VAC/12VDC (Require 4MP or higher CS Mount Lens). ","235.8","CAD","Recorder accessories","active"
"HCO-7070RA","Wisenet HD+ 4MP IR bullet camera, AHD or CVBS formats are available, manual vari-focal Lens (3.1X) (3.2-10mm), true D/N, 24VAC/12VDC, IR distance 98 feet, IP66/IK10.  ","393.0","CAD","Cameras","active"
"HCO-7010RA","Wisenet HD+ 4MP IR bullet camera, AHD or CVBS formats are available, 2.8 mm fixed lens, true D/N, 12VDC, IR distance 65 feet, IP66/IK10.","262.0","CAD","Cameras","active"
"ACO-8020R","Wisenet A Series 5MP IR bullet camera, AHD / TVI / CVI / CVBS formats are available, 5MP @ 30 FPS, (CVI supports up to 4M), 3.6mm fixed focal lens, FoV H: 94° / V: 54°, DWDR, IR distance 20m(65.6 ft), day & night , IP67, IK10, 12VDC, Analog, white.","150.65","CAD","Cameras","active"
"ACE-8020R","Wisenet A Series 5MP IR turret camera, AHD / TVI / CVI / CVBS formats are available, 5MP @ 30 FPS, (CVI supports up to 4M), 3.6mm fixed focal lens, FoV H: 94° / V: 54°, DWDR, IR distance 20m(65.6 ft), day & night, IP67, IK10, 12VDC, Analog, white.","150.65","CAD","Cameras","active"
"ACV-8080R","Wisenet A Series 5MP IR vandal dome camera, AHD / TVI / CVI / CVBS formats are available, 5MP @ 30fps (CVI supports up to 4M), motorized vari-focal lens 3x (3.5~10.5mm) (114°~ 33.9°), DWDR, IR distance 20m(65.6 ft), day & night, IP66, IK10, 12VDC, Analog, white.","242.35","CAD","Cameras","active"
"ACV-8081R","Wisenet A Series 5MP IR vandal dome camera, AHD / TVI / CVI / CVBS formats are available, 5MP @ 30fps, motorized vari-focal lens 3x (3.5~10.5mm) (99.1°~ 30.3°), WDR, IR distance 20m(65.6 ft), day & night, IP66, IK10, 12VDC, Analog, white.","353.7","CAD","Cameras","active"
"HCV-7070RA","Wisenet HD+ 4MP IR outdoor dome camera, AHD or CVBS formats are available, manual vari-focal Lens (3.1X) (3.2-10mm), true D/N, 24VAC/12VDC, IR distance 98 feet, IP66/IK10. ","393.0","CAD","Cameras","active"
"HCV-7010RA","Wisenet HD+ 4MP IR outdoor dome camera, AHD or CVBS formats are available, 2.8 mm fixed lens, true D/N, 12VDC, IR distance 65 feet, IP66/IK10. ","262.0","CAD","Cameras","active"
"HCD-7070RA","Wisenet HD+ 4MP IR indoor dome camera, AHD or CVBS formats are available, manual vari-focal Lens (3.1X) (3.2-10mm), true D/N, 24VAC/12VDC, IR distance 65 feet. ","353.7","CAD","Cameras","active"
"HCD-7010RA","Wisenet HD+ 4MP IR indoor dome camera, AHD or CVBS formats are available, 2.8 mm fixed lens, true D/N, 12VDC, IR distance 65 feet. ","235.8","CAD","Cameras","active"
"HCB-6000","Wisenet HD+ 2MP, Full HD(1080p) 30fps box camera, AHD/TVI/CVI/CVBS, 120 dB true WDR, RS485 /Coaxial Control, true D/N, 24VAC/12VDC (Require 2MP or higher CS Mount Lens)","235.8","CAD","Recorder accessories","active"
"HCB-6001","Wisenet HD+ 2MP, Full HD(1080p) 30fps box camera, AHD/TVI/CVI/CVBS, 120 dB true WDR, RS485 /Coaxial Control, simple focus, true D/N, 24VAC/12VDC (Require 2MP or higher CS Mount Lens)","281.65","CAD","Recorder accessories","active"
"HCD-6070R","Wisenet HD+ 2MP, Full HD(1080p) 30fps IR indoor dome camera, AHD/TVI/CVI/CVBS, manual Vari-focal Lens (3.1X) (3.2-10mm), 120 dB true WDR, true D/N, 24VAC/12VDC, IR distance 65 feet","353.7","CAD","Cameras","active"
"HCD-6080R","Wisenet HD+ 2MP, Full HD(1080p) 30fps IR indoor dome camera, AHD/TVI/CVI/CVBS, motorized vari-focal lens (3.1X) (3.2-10mm), 120 dB true WDR, true D/N, 24VAC/12VDC, IR distance 65 feet","419.2","CAD","Cameras","active"
"HCD-6010","Wisenet HD+ 2MP indoor dome camera, AHD, CVI, TVI, CVBS formats are available, 2.8 mm fixed lens, true D/N, 12VDC","235.8","CAD","Cameras","active"
"HCD-6020R","Wisenet HD+ 2MP IR indoor dome camera, AHD, CVI, TVI, CVBS formats are available, 4.0 mm fixed lens, true D/N, 12VDC","275.1","CAD","Cameras","active"
"HCV-6070R","Wisenet HD+ 2MP, Full HD(1080p) 30fps IR outdoor dome camera, AHD/TVI/CVI/CVBS, manual Vari-focal Lens (3.1X) (3.2-10mm), 120 dB true WDR, true D/N, 24VAC/12VDC, IR distance 98 feet, IP66/IK10","393.0","CAD","Cameras","active"
"HCV-6080R","Wisenet HD+ 2MP, Full HD(1080p) 30fps IR outdoor dome camera, AHD/TVI/CVI/CVBS, motorized vari-focal lens (3.1X) (3.2-10mm), 120 dB true WDR, true D/N, 24VAC/12VDC, IR distance 98 feet, IP66/IK10","458.5","CAD","Cameras","active"
"HCO-6070R","Wisenet HD+ 2MP, Full HD(1080p) 30fps IR outdoor bullet camera, AHD/TVI/CVI/CVBS, manual Vari-focal Lens (3.1X) (3.2-10mm), 120 dB true WDR, true D/N, 24VAC/12VDC, IR distance 98 feet, IP66/IK10","393.0","CAD","Cameras","active"
"ACO-6020R","Wisenet A Series 2MP IR bullet camera, AHD / TVI / CVI / CVBS formats are available, 2MP @ 30 FPS, 3.6mm fixed focal lens, FoV H: 81° / V: 42°, DWDR, IR distance 25m(82 ft), day & night , IP67, IK10, 12VDC, Analog, white.","116.59","CAD","Cameras","active"
"ACE-6020R","Wisenet A Series 2MP IR turret camera, AHD / TVI / CVI / CVBS formats are available, 2MP @ 30 FPS, 3.6mm fixed focal lens, FoV H: 81° / V: 42°, DWDR, IR distance 20m(65.6 ft), day & night, IP67, IK10, 12VDC, Analog, white.","116.59","CAD","Cameras","active"
"HCO-6020R","Wisenet HD+ 2MP IR bullet camera, AHD, CVI, TVI, CVBS formats are available, 4.0 mm fixed lens, true D/N, 12VDC","275.1","CAD","Cameras","active"
"HCO-6080R","Wisenet HD+ 2MP, Full HD(1080p) 30fps IR outdoor bullet camera, AHD/TVI/CVI/CVBS, motorized vari-focal lens (3.1X) (3.2-10mm), 120 dB true WDR, true D/N, 24VAC/12VDC, IR distance 98 feet, IP66/IK10","458.5","CAD","Cameras","active"
"HCP-6320A","Wisenet HD+ 2MP, Full HD(1080p) 30fps PTZ camera, Optical zoom lens 32X (4.44~142.6mm), true WDR 120dB, RS485/Up coax (ACP protocol only) PTZ control, true D/N, 24VAC.","1663.7","CAD","Cameras","active"
"HCP-6320HA","Wisenet HD+ 2MP, Full HD(1080p) 30fps PTZ camera, Optical zoom lens 32X (4.44~142.6mm), RS485/Up coax (ACP protocol only) PTZ control, true WDR 120dB, true D/N, 24VAC, IP66 IK10.","1925.7","CAD","Cameras","active"
"SCO-6085R","Wisenet HD+ 2MP, Full HD(1080p) 30fps IR bullet camera, 1/2.8"" 2M CMOS, vari-focal Lens (3.1X) (3.2-10mm), 60dB DWDR, Coaxial Control, true D/N, 24VAC/12VDC, IR distance 98.43 feet, IP66 IK10","327.5","CAD","Cameras","active"
"SCV-6085R","Wisenet HD+ 2MP, Full HD(1080p) 30fps IR vandal dome camera, 1/2.8"" 2M CMOS, Vari-focal Lens (3.1X) (3.2-10mm), 60dB DWDR, true D/N, 24VAC/12VDC, IR distance 98.42 feet, IP66 IK10","327.5","CAD","Cameras","active"
"SCD-6085R","Wisenet HD+ 2MP, Full HD(1080p) 30fps IR dome camera, 1/2.8"" 2M CMOS, vari-focal Lens (3.1X) (3.2-10mm), 60dB DWDR, Coaxial Control, true D/N, 24VAC/12VDC, IR distance 65.62 feet","301.3","CAD","Cameras","active"
"SCB-6005","Wisenet HD+ 2MP, Full HD(1080p) 30fps, 1/2.8"" 2M CMOS, 60dB DWDR, RS485 /Coaxial Control, true D/N, 24VAC/12VDC (Requires 2MP or higher CS Mount Lens)","208.29","CAD","Recorder accessories","active"
"ARD-1610","A-Series 16CH DVR, AHD / TVI / CVI up to 5MP (Half), CVBS (NTSC/Pal), Max. Analog 16CH + NW 2CH(2MP), 12/12fps@5MP(Half), 15/12fps@4MP(Half), 15/12fps@2MP recording, H.265/H.264/MJPEG, Recording Bandwidth Max. 100Mbps. 4CH audio input/ 1CH audio output, 4 alarm input and 1 relay output, coaxial control, HDMI/VGA video output, 1 x spot monitor output, QR code, up to two 6TB SATA HDDs (Max. 12TB).","763.73","CAD","Audio and power accessories","active"
"ARD-1610-4TB","A-Series 16CH DVR, 4TB HDD, AHD / TVI / CVI up to 5MP (Half), CVBS (NTSC/Pal), Max. Analog 16CH + NW 2CH(2MP), 12/12fps@5MP(Half), 15/12fps@4MP(Half), 15/12fps@2MP recording, H.265/H.264/MJPEG, Recording Bandwidth Max. 100Mbps. 4CH audio input/ 1CH audio output, 4 alarm input and 1 relay output, coaxial control, HDMI/VGA video output, 1 x spot monitor output, QR code, up to two 6TB SATA HDDs (Max. 12TB).","1392.53","CAD","Audio and power accessories","active"
"HRX-1634","5-in-1 16CH Pentabrid DVR, AHD, HDTVI, HDCVI (up to 8MP), Total 18CH(Analog Maximum 16CH and 2 Network Maximum 18CH), Analog Camera up 8MP(15/12fps), 5MP(20/12fps), 4MP(30/25fps), 2MP(30/25fps),1MP(30/25fps), 960H(or 720H)(30/25fps) * per CH and Network camera 2MP (480fps). Codec H.265/H.264/MJPEG, Recording Bandwidth Max. 128Mbps, Playback Bandwidth 32Mbps. 4CH audio input/ 1CH audio output, 16 alarm input and 4 relay output, coaxial control, HDMI/VGA video output, 1 X spot monitor output, QR code, Up to 2 SATA HDDs (6TB/HDD). NDAA & FCC Compliant Model.","1048.0","CAD","Audio and power accessories","active"
"HRX-1634-4TB","5-in-1 16CH Pentabrid DVR- 4TB Raw Storage, AHD, HDTVI, HDCVI (up to 8MP), Total 18CH(Analog Maximum 16CH and 2 Network Maximum 18CH), Analog Camera up 8MP(15/12fps), 5MP(20/12fps), 4MP(30/25fps), 2MP(30/25fps),1MP(30/25fps), 960H(or 720H)(30/25fps) * per CH and Network camera 2MP (480fps). Codec H.265/H.264/MJPEG, Recording Bandwidth Max. 128Mbps, Playback Bandwidth 32Mbps. 4CH audio input/ 1CH audio output, 16 alarm input and 4 relay output, coaxial control, HDMI/VGA video output, 1 X spot monitor output, QR code, Up to 2 SATA HDDs (6TB/HDD). NDAA & FCC Compliant Model.","1676.8","CAD","Audio and power accessories","active"
"HRX-1634-6TB","5-in-1 16CH Pentabrid DVR- 6TB Raw Storage, AHD, HDTVI, HDCVI (up to 8MP), Total 18CH(Analog Maximum 16CH and 2 Network Maximum 18CH), Analog Camera up 8MP(15/12fps), 5MP(20/12fps), 4MP(30/25fps), 2MP(30/25fps),1MP(30/25fps), 960H(or 720H)(30/25fps) * per CH and Network camera 2MP (480fps). Codec H.265/H.264/MJPEG, Recording Bandwidth Max. 128Mbps, Playback Bandwidth 32Mbps. 4CH audio input/ 1CH audio output, 16 alarm input and 4 relay output, coaxial control, HDMI/VGA video output, 1 X spot monitor output, QR code, Up to 2 SATA HDDs (6TB/HDD). NDAA & FCC Compliant Model.","1991.2","CAD","Audio and power accessories","active"
"HRX-1634-8TB","5-in-1 16CH Pentabrid DVR- 8TB Raw Storage, AHD, HDTVI, HDCVI (up to 8MP), Total 18CH(Analog Maximum 16CH and 2 Network Maximum 18CH), Analog Camera up 8MP(15/12fps), 5MP(20/12fps), 4MP(30/25fps), 2MP(30/25fps),1MP(30/25fps), 960H(or 720H)(30/25fps) * per CH and Network camera 2MP (480fps). Codec H.265/H.264/MJPEG, Recording Bandwidth Max. 128Mbps, Playback Bandwidth 32Mbps. 4CH audio input/ 1CH audio output, 16 alarm input and 4 relay output, coaxial control, HDMI/VGA video output, 1 X spot monitor output, QR code, Up to 2 SATA HDDs (6TB/HDD). NDAA & FCC Compliant Model.","2305.6","CAD","Audio and power accessories","active"
"HRX-1634-10TB","5-in-1 16CH Pentabrid DVR- 10TB Raw Storage, AHD, HDTVI, HDCVI (up to 8MP), Total 18CH(Analog Maximum 16CH and 2 Network Maximum 18CH), Analog Camera up 8MP(15/12fps), 5MP(20/12fps), 4MP(30/25fps), 2MP(30/25fps),1MP(30/25fps), 960H(or 720H)(30/25fps) * per CH and Network camera 2MP (480fps). Codec H.265/H.264/MJPEG, Recording Bandwidth Max. 128Mbps, Playback Bandwidth 32Mbps. 4CH audio input/ 1CH audio output, 16 alarm input and 4 relay output, coaxial control, HDMI/VGA video output, 1 X spot monitor output, QR code, Up to 2 SATA HDDs (6TB/HDD). NDAA & FCC Compliant Model.","2620.0","CAD","Audio and power accessories","active"
"HRX-1634-12TB","5-in-1 16CH Pentabrid DVR- 12TB Raw Storage, AHD, HDTVI, HDCVI (up to 8MP), Total 18CH(Analog Maximum 16CH and 2 Network Maximum 18CH), Analog Camera up 8MP(15/12fps), 5MP(20/12fps), 4MP(30/25fps), 2MP(30/25fps),1MP(30/25fps), 960H(or 720H)(30/25fps) * per CH and Network camera 2MP (480fps). Codec H.265/H.264/MJPEG, Recording Bandwidth Max. 128Mbps, Playback Bandwidth 32Mbps. 4CH audio input/ 1CH audio output, 16 alarm input and 4 relay output, coaxial control, HDMI/VGA video output, 1 X spot monitor output, QR code, Up to 2 SATA HDDs (6TB/HDD). NDAA & FCC Compliant Model.","2934.4","CAD","Audio and power accessories","active"
"HRX-1635","5-in-1 16CH Pentabrid DVR, AHD, HDTVI, HDCVI (up to 8MP), Total 18CH(Analog Maximum 16CH and 2 Network Maximum 18CH), Analog Camera up 8MP(15/12fps), 5MP(20/12fps), 4MP(30/25fps), 2MP(30/25fps),1MP(30/25fps), 960H(or 720H)(30/25fps) * per CH and Network camera 2MP (480fps). Codec H.265/H.264/MJPEG, Recording Bandwidth Max. 128Mbps, Playback Bandwidth 32Mbps. 4CH audio input/ 1CH audio output, 16 alarm input and 4 relay output, coaxial control, HDMI/VGA video output, 1 X spot monitor output, QR code, Up to 8 SATA HDDs (6TB/HDD). NDAA & FCC Compliant Model.","1790.77","CAD","Audio and power accessories","active"
"HRX-1635-4TB","5-in-1 16CH Pentabrid DVR- 4TB Raw Storage, AHD, HDTVI, HDCVI (up to 8MP), Total 18CH(Analog Maximum 16CH and 2 Network Maximum 18CH), Analog Camera up 8MP(15/12fps), 5MP(20/12fps), 4MP(30/25fps), 2MP(30/25fps),1MP(30/25fps), 960H(or 720H)(30/25fps) * per CH and Network camera 2MP (480fps). Codec H.265/H.264/MJPEG, Recording Bandwidth Max. 128Mbps, Playback Bandwidth 32Mbps. 4CH audio input/ 1CH audio output, 16 alarm input and 4 relay output, coaxial control, HDMI/VGA video output, 1 X spot monitor output, QR code, Up to 8 SATA HDDs (6TB/HDD). NDAA & FCC Compliant Model.","2419.57","CAD","Audio and power accessories","active"
"HRX-1635-8TB","5-in-1 16CH Pentabrid DVR- 8TB Raw Storage, AHD, HDTVI, HDCVI (up to 8MP), Total 18CH(Analog Maximum 16CH and 2 Network Maximum 18CH), Analog Camera up 8MP(15/12fps), 5MP(20/12fps), 4MP(30/25fps), 2MP(30/25fps),1MP(30/25fps), 960H(or 720H)(30/25fps) * per CH and Network camera 2MP (480fps). Codec H.265/H.264/MJPEG, Recording Bandwidth Max. 128Mbps, Playback Bandwidth 32Mbps. 4CH audio input/ 1CH audio output, 16 alarm input and 4 relay output, coaxial control, HDMI/VGA video output, 1 X spot monitor output, QR code, Up to 8 SATA HDDs (6TB/HDD). NDAA & FCC Compliant Model.","3048.37","CAD","Audio and power accessories","active"
"HRX-1635-12TB","5-in-1 16CH Pentabrid DVR- 12TB Raw Storage, AHD, HDTVI, HDCVI (up to 8MP), Total 18CH(Analog Maximum 16CH and 2 Network Maximum 18CH), Analog Camera up 8MP(15/12fps), 5MP(20/12fps), 4MP(30/25fps), 2MP(30/25fps),1MP(30/25fps), 960H(or 720H)(30/25fps) * per CH and Network camera 2MP (480fps). Codec H.265/H.264/MJPEG, Recording Bandwidth Max. 128Mbps, Playback Bandwidth 32Mbps. 4CH audio input/ 1CH audio output, 16 alarm input and 4 relay output, coaxial control, HDMI/VGA video output, 1 X spot monitor output, QR code, Up to 8 SATA HDDs (6TB/HDD). NDAA & FCC Compliant Model.","3677.17","CAD","Audio and power accessories","active"
"HRX-1635-16TB","5-in-1 16CH Pentabrid DVR- 16TB Raw Storage, AHD, HDTVI, HDCVI (up to 8MP), Total 18CH(Analog Maximum 16CH and 2 Network Maximum 18CH), Analog Camera up 8MP(15/12fps), 5MP(20/12fps), 4MP(30/25fps), 2MP(30/25fps),1MP(30/25fps), 960H(or 720H)(30/25fps) * per CH and Network camera 2MP (480fps). Codec H.265/H.264/MJPEG, Recording Bandwidth Max. 128Mbps, Playback Bandwidth 32Mbps. 4CH audio input/ 1CH audio output, 16 alarm input and 4 relay output, coaxial control, HDMI/VGA video output, 1 X spot monitor output, QR code, Up to 8 SATA HDDs (6TB/HDD). NDAA & FCC Compliant Model.","4305.97","CAD","Audio and power accessories","active"
"HRX-1635-20TB","5-in-1 16CH Pentabrid DVR- 20TB Raw Storage, AHD, HDTVI, HDCVI (up to 8MP), Total 18CH(Analog Maximum 16CH and 2 Network Maximum 18CH), Analog Camera up 8MP(15/12fps), 5MP(20/12fps), 4MP(30/25fps), 2MP(30/25fps),1MP(30/25fps), 960H(or 720H)(30/25fps) * per CH and Network camera 2MP (480fps). Codec H.265/H.264/MJPEG, Recording Bandwidth Max. 128Mbps, Playback Bandwidth 32Mbps. 4CH audio input/ 1CH audio output, 16 alarm input and 4 relay output, coaxial control, HDMI/VGA video output, 1 X spot monitor output, QR code, Up to 8 SATA HDDs (6TB/HDD). NDAA & FCC Compliant Model.","4934.77","CAD","Audio and power accessories","active"
"HRX-1635-24TB","5-in-1 16CH Pentabrid DVR- 24TB Raw Storage, AHD, HDTVI, HDCVI (up to 8MP), Total 18CH(Analog Maximum 16CH and 2 Network Maximum 18CH), Analog Camera up 8MP(15/12fps), 5MP(20/12fps), 4MP(30/25fps), 2MP(30/25fps),1MP(30/25fps), 960H(or 720H)(30/25fps) * per CH and Network camera 2MP (480fps). Codec H.265/H.264/MJPEG, Recording Bandwidth Max. 128Mbps, Playback Bandwidth 32Mbps. 4CH audio input/ 1CH audio output, 16 alarm input and 4 relay output, coaxial control, HDMI/VGA video output, 1 X spot monitor output, QR code, Up to 8 SATA HDDs (6TB/HDD). NDAA & FCC Compliant Model.","5563.57","CAD","Audio and power accessories","active"
"HRX-1635-30TB","5-in-1 16CH Pentabrid DVR- 30TB Raw Storage, AHD, HDTVI, HDCVI (up to 8MP), Total 18CH(Analog Maximum 16CH and 2 Network Maximum 18CH), Analog Camera up 8MP(15/12fps), 5MP(20/12fps), 4MP(30/25fps), 2MP(30/25fps),1MP(30/25fps), 960H(or 720H)(30/25fps) * per CH and Network camera 2MP (480fps). Codec H.265/H.264/MJPEG, Recording Bandwidth Max. 128Mbps, Playback Bandwidth 32Mbps. 4CH audio input/ 1CH audio output, 16 alarm input and 4 relay output, coaxial control, HDMI/VGA video output, 1 X spot monitor output, QR code, Up to 8 SATA HDDs (6TB/HDD). NDAA & FCC Compliant Model.","6506.77","CAD","Audio and power accessories","active"
"HRX-1635-36TB","5-in-1 16CH Pentabrid DVR- 36TB Raw Storage, AHD, HDTVI, HDCVI (up to 8MP), Total 18CH(Analog Maximum 16CH and 2 Network Maximum 18CH), Analog Camera up 8MP(15/12fps), 5MP(20/12fps), 4MP(30/25fps), 2MP(30/25fps),1MP(30/25fps), 960H(or 720H)(30/25fps) * per CH and Network camera 2MP (480fps). Codec H.265/H.264/MJPEG, Recording Bandwidth Max. 128Mbps, Playback Bandwidth 32Mbps. 4CH audio input/ 1CH audio output, 16 alarm input and 4 relay output, coaxial control, HDMI/VGA video output, 1 X spot monitor output, QR code, Up to 8 SATA HDDs (6TB/HDD). NDAA & FCC Compliant Model.","7449.97","CAD","Audio and power accessories","active"
"HRX-1635-48TB","5-in-1 16CH Pentabrid DVR- 48TB Raw Storage, AHD, HDTVI, HDCVI (up to 8MP), Total 18CH(Analog Maximum 16CH and 2 Network Maximum 18CH), Analog Camera up 8MP(15/12fps), 5MP(20/12fps), 4MP(30/25fps), 2MP(30/25fps),1MP(30/25fps), 960H(or 720H)(30/25fps) * per CH and Network camera 2MP (480fps). Codec H.265/H.264/MJPEG, Recording Bandwidth Max. 128Mbps, Playback Bandwidth 32Mbps. 4CH audio input/ 1CH audio output, 16 alarm input and 4 relay output, coaxial control, HDMI/VGA video output, 1 X spot monitor output, QR code, Up to 8 SATA HDDs (6TB/HDD). NDAA & FCC Compliant Model.","9336.37","CAD","Audio and power accessories","active"
"ARD-810","A-Series 8CH DVR, AHD / TVI / CVI up to 5MP Half, CVBS (NTSC/Pal), Max. Analog 8CH + NW 2CH(2MP), 12/12fps@5MP(Half), 15/12fps@4MP(Half), 15/12fps@2MP recording, H.265/H.264/MJPEG, Recording Bandwidth Max. 40Mbps. 1CH audio input/ 1CH audio output, 4 alarm input and 1 relay output, coaxial control, HDMI/VGA video output, 1 x spot monitor output, QR code, up to one 6TB SATA HDD (Max. 6TB).","461.12","CAD","Audio and power accessories","active"
"ARD-810-2TB","A-Series 8CH DVR, 2TB HDD, AHD / TVI / CVI up to 5MP Half, CVBS (NTSC/Pal), Max. Analog 8CH + NW 2CH(2MP), 12/12fps@5MP(Half), 15/12fps@4MP(Half), 15/12fps@2MP recording, H.265/H.264/MJPEG, Recording Bandwidth Max. 40Mbps. 1CH audio input/ 1CH audio output, 4 alarm input and 1 relay output, coaxial control, HDMI/VGA video output, 1 x spot monitor output, QR code, up to one 6TB SATA HDD (Max. 6TB).","775.52","CAD","Audio and power accessories","active"
"HRX-835A","Wisenet HD+ Pentabrid DVR AHD (up to 8MP), TVI (up to 8MP), CVI (up to 5MP), CVBS and IP (up to 8MP), Max. Analog 8CH + NW 10CH, up to 8MP, 8/8fps@8MP, 12/12fps@5MP recording (frame rate at higher resolutions will vary), triple codec H.265/H.264/MJPEG, Recording Bandwitth Max. 80Mbps, Playback Bandwith 32Mbps. 8CH audio input/ 1CH audio output, 8 alarm input and 4 relay output, coaxial control, HDMI/VGA video output, 1 X spot monitor output, QR code, Up to 4 SATA HDDs (6TB/HDD)","1397.77","CAD","Audio and power accessories","active"
"HRX-835A-4TB","Wisenet HD+ Pentabrid DVR AHD (up to 8MP), - 4TB Raw Storage.TVI (up to 8MP), CVI (up to 5MP), CVBS and IP (up to 8MP), Max. Analog 8CH + NW 10CH, up to 8MP, 8/8fps@8MP, 12/12fps@5MP recording (frame rate at higher resolutions will vary), triple codec H.265/H.264/MJPEG, Recording Bandwitth Max. 80Mbps, Playback Bandwith 32Mbps. 8CH audio input/ 1CH audio output, 8 alarm input and 4 relay output, coaxial control, HDMI/VGA video output, 1 X spot monitor output, QR code, Up to 4 SATA HDDs (6TB/HDD)","2026.57","CAD","Audio and power accessories","active"
"HRX-835A-6TB","Wisenet HD+ Pentabrid DVR AHD (up to 8MP), - 6TB Raw Storage.TVI (up to 8MP), CVI (up to 5MP), CVBS and IP (up to 8MP), Max. Analog 8CH + NW 10CH, up to 8MP, 8/8fps@8MP, 12/12fps@5MP recording (frame rate at higher resolutions will vary), triple codec H.265/H.264/MJPEG, Recording Bandwitth Max. 80Mbps, Playback Bandwith 32Mbps. 8CH audio input/ 1CH audio output, 8 alarm input and 4 relay output, coaxial control, HDMI/VGA video output, 1 X spot monitor output, QR code, Up to 4 SATA HDDs (6TB/HDD)","2340.97","CAD","Audio and power accessories","active"
"HRX-835A-8TB","Wisenet HD+ Pentabrid DVR AHD (up to 8MP), - 8TB Raw Storage.TVI (up to 8MP), CVI (up to 5MP), CVBS and IP (up to 8MP), Max. Analog 8CH + NW 10CH, up to 8MP, 8/8fps@8MP, 12/12fps@5MP recording (frame rate at higher resolutions will vary), triple codec H.265/H.264/MJPEG, Recording Bandwitth Max. 80Mbps, Playback Bandwith 32Mbps. 8CH audio input/ 1CH audio output, 8 alarm input and 4 relay output, coaxial control, HDMI/VGA video output, 1 X spot monitor output, QR code, Up to 4 SATA HDDs (6TB/HDD)","2655.37","CAD","Audio and power accessories","active"
"HRX-835A-12TB","Wisenet HD+ Pentabrid DVR AHD (up to 8MP), - 12TB Raw Storage.TVI (up to 8MP), CVI (up to 5MP), CVBS and IP (up to 8MP), Max. Analog 8CH + NW 10CH, up to 8MP, 8/8fps@8MP, 12/12fps@5MP recording (frame rate at higher resolutions will vary), triple codec H.265/H.264/MJPEG, Recording Bandwitth Max. 80Mbps, Playback Bandwith 32Mbps. 8CH audio input/ 1CH audio output, 8 alarm input and 4 relay output, coaxial control, HDMI/VGA video output, 1 X spot monitor output, QR code, Up to 4 SATA HDDs (6TB/HDD)","3284.17","CAD","Audio and power accessories","active"
"HRX-835A-16TB","Wisenet HD+ Pentabrid DVR AHD (up to 8MP), - 16TB Raw Storage.TVI (up to 8MP), CVI (up to 5MP), CVBS and IP (up to 8MP), Max. Analog 8CH + NW 10CH, up to 8MP, 8/8fps@8MP, 12/12fps@5MP recording (frame rate at higher resolutions will vary), triple codec H.265/H.264/MJPEG, Recording Bandwitth Max. 80Mbps, Playback Bandwith 32Mbps. 8CH audio input/ 1CH audio output, 8 alarm input and 4 relay output, coaxial control, HDMI/VGA video output, 1 X spot monitor output, QR code, Up to 4 SATA HDDs (6TB/HDD)","3912.97","CAD","Audio and power accessories","active"
"HRX-835A-24TB","Wisenet HD+ Pentabrid DVR AHD (up to 8MP), - 24TB Raw Storage.TVI (up to 8MP), CVI (up to 5MP), CVBS and IP (up to 8MP), Max. Analog 8CH + NW 10CH, up to 8MP, 8/8fps@8MP, 12/12fps@5MP recording (frame rate at higher resolutions will vary), triple codec H.265/H.264/MJPEG, Recording Bandwitth Max. 80Mbps, Playback Bandwith 32Mbps. 8CH audio input/ 1CH audio output, 8 alarm input and 4 relay output, coaxial control, HDMI/VGA video output, 1 X spot monitor output, QR code, Up to 4 SATA HDDs (6TB/HDD)","5170.57","CAD","Audio and power accessories","active"
"HRX-435","Wisenet HD+ Pentabrid DVR AHD (up to 8MP), TVI (up to 8MP), CVI (up to 5MP), CVBS and IP (up to 8MP), • Max. Analog 4CH + NW 6CH, up to 8MP, 8/8fps@8MP, 12/12fps@5MP recording (frame rate at higher resolutions will vary), triple codec H.265/H.264/MJPEG, Recording Bandwitth Max. 30Mbps, Playback Bandwith 32Mbps. 4CH audio input/ 1CH audio output, 4 alarm input and 2 relay output, coaxial control, HDMI/VGA video output, 1 X spot monitor output, QR code , Up to 2 SATA HDDs (6TB/HDD)","524.0","CAD","Audio and power accessories","active"
"HRX-435-2TB","Wisenet HD+ Pentabrid DVR AHD (up to 8MP), - 2TB Raw Storage.TVI (up to 8MP), CVI (up to 5MP), CVBS and IP (up to 8MP), • Max. Analog 4CH + NW 6CH, up to 8MP, 8/8fps@8MP, 12/12fps@5MP recording (frame rate at higher resolutions will vary), triple codec H.265/H.264/MJPEG, Recording Bandwitth Max. 30Mbps, Playback Bandwith 32Mbps. 4CH audio input/ 1CH audio output, 4 alarm input and 2 relay output, coaxial control, HDMI/VGA video output, 1 X spot monitor output, QR code , Up to 2 SATA HDDs (6TB/HDD)","838.4","CAD","Audio and power accessories","active"
"HRX-435-4TB","Wisenet HD+ Pentabrid DVR AHD (up to 8MP), - 4TB Raw Storage.TVI (up to 8MP), CVI (up to 5MP), CVBS and IP (up to 8MP), • Max. Analog 4CH + NW 6CH, up to 8MP, 8/8fps@8MP, 12/12fps@5MP recording (frame rate at higher resolutions will vary), triple codec H.265/H.264/MJPEG, Recording Bandwitth Max. 30Mbps, Playback Bandwith 32Mbps. 4CH audio input/ 1CH audio output, 4 alarm input and 2 relay output, coaxial control, HDMI/VGA video output, 1 X spot monitor output, QR code , Up to 2 SATA HDDs (6TB/HDD)","1152.8","CAD","Audio and power accessories","active"
"HRX-435-6TB","Wisenet HD+ Pentabrid DVR AHD (up to 8MP), - 6TB Raw Storage.TVI (up to 8MP), CVI (up to 5MP), CVBS and IP (up to 8MP), • Max. Analog 4CH + NW 6CH, up to 8MP, 8/8fps@8MP, 12/12fps@5MP recording (frame rate at higher resolutions will vary), triple codec H.265/H.264/MJPEG, Recording Bandwitth Max. 30Mbps, Playback Bandwith 32Mbps. 4CH audio input/ 1CH audio output, 4 alarm input and 2 relay output, coaxial control, HDMI/VGA video output, 1 X spot monitor output, QR code , Up to 2 SATA HDDs (6TB/HDD)","1467.2","CAD","Audio and power accessories","active"
"HRX-435-8TB","Wisenet HD+ Pentabrid DVR AHD (up to 8MP), - 8TB Raw Storage.TVI (up to 8MP), CVI (up to 5MP), CVBS and IP (up to 8MP), • Max. Analog 4CH + NW 6CH, up to 8MP, 8/8fps@8MP, 12/12fps@5MP recording (frame rate at higher resolutions will vary), triple codec H.265/H.264/MJPEG, Recording Bandwitth Max. 30Mbps, Playback Bandwith 32Mbps. 4CH audio input/ 1CH audio output, 4 alarm input and 2 relay output, coaxial control, HDMI/VGA video output, 1 X spot monitor output, QR code , Up to 2 SATA HDDs (6TB/HDD)","1781.6","CAD","Audio and power accessories","active"
"HRX-435-12TB","Wisenet HD+ Pentabrid DVR AHD (up to 8MP), - 12TB Raw Storage.TVI (up to 8MP), CVI (up to 5MP), CVBS and IP (up to 8MP), • Max. Analog 4CH + NW 6CH, up to 8MP, 8/8fps@8MP, 12/12fps@5MP recording (frame rate at higher resolutions will vary), triple codec H.265/H.264/MJPEG, Recording Bandwitth Max. 30Mbps, Playback Bandwith 32Mbps. 4CH audio input/ 1CH audio output, 4 alarm input and 2 relay output, coaxial control, HDMI/VGA video output, 1 X spot monitor output, QR code , Up to 2 SATA HDDs (6TB/HDD)","2410.4","CAD","Audio and power accessories","active"
"ARD-410","A-Series 4CH DVR, AHD / TVI / CVI up to 5MP Half, CVBS (NTSC/Pal), Max. Analog 4CH + NW 2CH(2MP), 12/12fps@5MP(Half), 15/12fps@4MP(Half), 15/12fps@2MP recording, H.265/H.264/MJPEG, Recording Bandwidth Max. 30Mbps. 1CH audio input/ 1CH audio output, 4 alarm input and 1 relay output, coaxial control, HDMI/VGA video output, 1 x spot monitor output, QR code, up to one 6TB SATA HDD (Max. 6TB).","288.2","CAD","Audio and power accessories","active"
"ARD-410-2TB","A-Series 4CH DVR, 2TB HDD, AHD / TVI / CVI up to 5MP Half, CVBS (NTSC/Pal), Max. Analog 4CH + NW 2CH(2MP), 12/12fps@5MP(Half), 15/12fps@4MP(Half), 15/12fps@2MP, recording, H.265/H.264/MJPEG, Recording Bandwidth Max. 30Mbps. 1CH audio input/ 1CH audio output, 4 alarm input and 1 relay output, coaxial control, HDMI/VGA video output, 1 x spot monitor output, QR code, up to one 6TB SATA HDD (Max. 6TB).","602.6","CAD","Audio and power accessories","active"
"HRX-434","Wisenet HD+ Pentabrid DVR AHD (up to 8MP), TVI (up to 8MP), CVI (up to 5MP), CVBS and IP (up to 8MP), • Max. Analog 4CH + NW 6CH, up to 8MP, 8/8fps@8MP, 12/12fps@5MP recording (frame rate at higher resolutions will vary), triple codec H.265/H.264/MJPEG, Recording Bandwitth Max. 30Mbps, Playback Bandwith 32Mbps. 4CH audio input/ 1CH audio output, 4 alarm input and 2 relay output, coaxial control, HDMI/VGA video output, 1 X spot monitor output, QR code , Up to 1 SATA HDDs (6TB/HDD)","437.54","CAD","Audio and power accessories","active"
"HRX-434-2TB","Wisenet HD+ Pentabrid DVR AHD (up to 8MP), - 2TB Raw Storage.TVI (up to 8MP), CVI (up to 5MP), CVBS and IP (up to 8MP), • Max. Analog 4CH + NW 6CH, up to 8MP, 8/8fps@8MP, 12/12fps@5MP recording (frame rate at higher resolutions will vary), triple codec H.265/H.264/MJPEG, Recording Bandwitth Max. 30Mbps, Playback Bandwith 32Mbps. 4CH audio input/ 1CH audio output, 4 alarm input and 2 relay output, coaxial control, HDMI/VGA video output, 1 X spot monitor output, QR code , Up to 1 SATA HDDs (6TB/HDD)","751.94","CAD","Audio and power accessories","active"
"HRX-434-4TB","Wisenet HD+ Pentabrid DVR AHD (up to 8MP), - 4TB Raw Storage.TVI (up to 8MP), CVI (up to 5MP), CVBS and IP (up to 8MP), • Max. Analog 4CH + NW 6CH, up to 8MP, 8/8fps@8MP, 12/12fps@5MP recording (frame rate at higher resolutions will vary), triple codec H.265/H.264/MJPEG, Recording Bandwitth Max. 30Mbps, Playback Bandwith 32Mbps. 4CH audio input/ 1CH audio output, 4 alarm input and 2 relay output, coaxial control, HDMI/VGA video output, 1 X spot monitor output, QR code , Up to 1 SATA HDDs (6TB/HDD)","1066.34","CAD","Audio and power accessories","active"
"HRX-434-6TB","Wisenet HD+ Pentabrid DVR AHD (up to 8MP), - 6TB Raw Storage.TVI (up to 8MP), CVI (up to 5MP), CVBS and IP (up to 8MP), • Max. Analog 4CH + NW 6CH, up to 8MP, 8/8fps@8MP, 12/12fps@5MP recording (frame rate at higher resolutions will vary), triple codec H.265/H.264/MJPEG, Recording Bandwitth Max. 30Mbps, Playback Bandwith 32Mbps. 4CH audio input/ 1CH audio output, 4 alarm input and 2 relay output, coaxial control, HDMI/VGA video output, 1 X spot monitor output, QR code , Up to 1 SATA HDDs (6TB/HDD)","1380.74","CAD","Audio and power accessories","active"
"AIB-800","AI appliance capable of adding AI features to non-AI cameras, Up to 8CH support, Max resolution 8K, protocols: SUNAPI, ONVIF, Video Analytics based on AI [Object detection and classification (Person, Face, Vehicle, License plate), Attribute, BestShot] People counting, Vehicle counting, Queue management, Heatmap based on AI, Operating Temperature: 0°C to 40°C (32℉ to 104℉), Power: 12VDC","5698.5","CAD","Software and licensing","active"
"SLA-T2480BA","Bandit Barrier 2.4mm fixed lens (138°), compatible with PNM-9000QB, and XNB-6002 (not included), cable length 8m (26 feet), black color","1034.9","CAD","Cameras","active"
"SLA-C-E24","Canon 24mm f1.4L, Auto-Iris (EF 24mm f/1.4L II USM) : Horizontal field of view: 8K 62.1°, CarePak 4 Years warranty ","6582.75","CAD","Cameras","active"
"SLA-C-E70200","Canon 70-200mm f2.8L, Auto-Iris, Vari Focal (EF 70–200mm f/2.8L USM) : Horizontal field of view: 8K 23.2° ~ 8.3° ,  CarePak 4 Years Warranty","7139.5","CAD","Cameras","active"
"SLA-C-I3910","1/1.8"" 3.9-10mm F1.5 Varifocal, HD Series P-iris (i-CS Mount) Day/Night IR (12 MP capable) for AI Box Camera ( PNB-A9001)","596.05","CAD","Recorder accessories","active"
"SLA-C-I2885","1/2.7"" 2.8-8.5mm F1.2 Varifocal, HD Series P-iris (i-CS Mount) Day/Night IR (8 MP capable) for WN7 Box Cameras ( XNB-9002 and XNB-8002)","569.85","CAD","Recorder accessories","active"
"SLA-T1080F","1.6mm fixed lens module, compatible with the XNB-6001, straight body style, 2MP @ 60fps, 0.03 Lux, 120dB WDR, 187º horizontal field of view, 8 meters cable (26 feet cable)","406.1","CAD","Cameras","active"
"SLA-T2480","2.4mm fixed lens module, compatible with the XNB-6001, straight body style, 2MP @ 60fps, 0.45 Lux, 120dB WDR, 138º horizontal field of view, 8 meters (26 feet cable)","281.65","CAD","Cameras","active"
"SLA-T2480V","2.4mm fixed lens module, compatible with the XNB-6001, right angle body style, 2MP @ 60fps, 0.45 Lux, 120dB WDR, 138º horizontal field of view, 8 meters/ 26 feet cable","281.65","CAD","Cameras","active"
"SLA-T4680","4.6mm pinhole lens module, compatible with the XNB-6001, straight body style, 2MP @ 60fps, 0.06 Lux, 120dB WDR, 73º horizontal field of view, 8 meters/ 26 feet cable","281.65","CAD","Cameras","active"
"SLA-T4680V","4.6mm pinhole lens module, compatible with the XNB-6001, right angle body style, 2MP @ 60fps, 0.06 Lux, 120dB WDR, 73º horizontal field of view, 8 meters/ 26 feet cable","281.65","CAD","Cameras","active"
"SLA-T2480WA","Outdoor rated 2.4mm fixed lens module, straight body style, compatible with PNM-9000QB and XNB-6002, 2MP @ 30fps, 0.45 Lux, 138º horizontal field of view, 8 meters/ 26 feet cable, IP66, NEMA 4X, IK10, Operating temperature -30°C~+55°C(-22°F ~+131°F)","360.25","CAD","Cameras","active"
"SLA-T2480WDA","Outdoor rated 2.4mm fixed lens module, Dome style, compatible with PNM-9000QB and XNB-6002, 2MP @ 30fps, 0.45 Lux, 138º horizontal field of view, 8 meters/ 26 feet cable, IP66, NEMA 4X, IK10, Operating temperature -30°C~+55°C(-22°F ~+131°F)","360.25","CAD","Cameras","active"
"SLA-T4680A","4.6mm pinhole lens module, compatible with PNM-9000QB and XNB-6002, straight body style, 2MP @ 30fps, 0.06 Lux, 73º horizontal field of view, 8 meters/ 26 feet cable","281.65","CAD","Cameras","active"
"SLA-T4680VA","4.6mm pinhole lens module, compatible with PNM-9000QB and XNB-6002, right angle body style, 2MP @ 30fps, 0.06 Lux, 73º horizontal field of view, 8 meters/ 26 feet cable","281.65","CAD","Cameras","active"
"SLA-T2480A","2.4mm fixed lens module, compatible with PNM-9000QB and XNB-6002, straight body style, 2MP @ 30fps, 0.45 Lux, 138º horizontal field of view, 8 meters/ 26 feet cable","281.65","CAD","Cameras","active"
"SLA-T2480VA","2.4mm fixed lens module, compatible with PNM-9000QB and XNB-6002, right angle body style, 2MP @ 30fps, 0.45 Lux, 138º horizontal field of view, 8 meters/ 26 feet cable","281.65","CAD","Cameras","active"
"SLA-T1080FA","1.6mm fixed lens module, compatible with PNM-9000QB and XNB-6002, straight body style, 2MP @ 30fps, 0.03 Lux, 187º horizontal field of view, 8 meters cable/ 26 feet cable","406.1","CAD","Cameras","active"
"SLA-H-4680VA","Height strip with 4.6mm pinhole lens module, compatible with PNM-9000QB, right angle body style, 2MP @ 30fps, 0.06 Lux, 73º horizontal field of view, 8 meters/ 26 feet cable","713.95","CAD","Cameras","active"
"SLA-T2880BA","Bandit Barrier 2.8mm fixed lens (107.4°), compatible with PNM-9000QB, and XNB-6002 (not included), cable length 8m (26 feet), black color","1034.9","CAD","Cameras","active"
"SLA-T4680DA","Door Jamb head with a 4.6mm lens, compatible with PNM-9000QB, and XNB-6002 (not included), cable length 8m (26 feet), black color","353.7","CAD","Cameras","active"
"SLA-T4680DSA","Door Jamb head with a 4.6mm lens, compatible with PNM-9000QB, and XNB-6002 (not included), cable length 8m (26 feet), silver color","353.7","CAD","Cameras","active"
"SLA-T4680D","Door Jamb head with a 4.6mm lens, compatible with XNB-6001 (not included) 8m (26 feet) cable, black color","353.7","CAD","Cameras","active"
"SLA-T4680DS","Door Jamb head with a 4.6mm lens, compatible with XNB-6001 (not included) 8m (26 feet) cable, silver color","353.7","CAD","Cameras","active"
"SLA-T4680DW","Door Jamb head with a 4.6mm lens, compatible with XNB-6001 (not included) 8m (26 feet) cable, white color","353.7","CAD","Cameras","active"
"SLA-T-M410DN","Megapixel Lens, image sensor from 1/2.3” up to 1/1.7“, Up to 12MP resolution, Vari-focal (4~10mm), DC auto iris, CS-Mount, Compatible with: XNB-6005/8000, PNB-A9001","550.2","CAD","Recorder accessories","active"
"SLA-T-M1250DN","Megapixel Lens, image sensor from 1/2.3” up to 1/1.7“, Up to 12MP resolution, Vari-focal (12~50mm), DC auto iris, CS-Mount, Compatible with: XNB-6005/8000, PNB-A9001","550.2","CAD","Recorder accessories","active"
"SLA-T-M940DN","Lens, 1/2.3"", Up to 4K Vari-focal(9~40mm), Auto DC IRIS, CS-Mount, compatible with: XNB-6000, HCB-6000/6001/7000/7000A","483.39","CAD","Recorder accessories","active"
"SLA-2M3600P","1/2.8"" 2MP CMOS with a 3.6mm fixed focal lens, FoV: H: 94.8˚, V: 49.3˚, for the PNM-9320VQP and PNM-9322VQP","111.35","CAD","Cameras","active"
"SLA-5M3700P","1/1.8"" 5MP CMOS with a 3.7mm fixed focal lens, FoV: H: 97.5˚, V: 71.9˚ for the PNM-9320VQP and PNM-9322VQP","327.5","CAD","Cameras","active"
"SLA-5M4600P","1/1.8"" 5MP CMOS with a 4.6mm fixed focal lens, FoV: H: 77.9˚, V: 57.9˚ for the PNM-9320VQP and PNM-9322VQP","327.5","CAD","Cameras","active"
"SLA-2M2400Q","1/2.8"" 2MP CMOS with a 2.4mm fixed focal lens, FoV: H: 135.4˚, V: 71.2˚ for the PNM-9000VQ","111.35","CAD","Cameras","active"
"SLA-2M2800Q","1/2.8"" 2MP CMOS with a 2.8mm fixed focal lens, FoV: H: 107.4˚, V: 62.2˚, for the PNM-9000VQ","111.35","CAD","Cameras","active"
"SLA-2M3600Q","1/2.8"" 2MP CMOS with a 3.6mm fixed focal lens, FoV: H: 94.8˚, V: 49.3˚, for the PNM-9000VQ","111.35","CAD","Cameras","active"
"SLA-5M3700Q","1/1.8"" 5MP CMOS with a 3.7mm fixed focal lens, FoV: H: 97.5˚, V: 71.9˚ for the PNM-9000VQ","327.5","CAD","Cameras","active"
"SLA-5M4600Q","1/1.8"" 5MP CMOS with a 4.6mm fixed focal lens, FoV: H: 77.9˚, V: 57.9˚ for the PNM-9000VQ","327.5","CAD","Cameras","active"
"SLA-5M7000Q","1/1.8"" 5MP CMOS with a 7.0mm fixed focal lens, FoV: H: 50.7˚, V: 37.8˚ for the PNM-9000VQ","327.5","CAD","Cameras","active"
"SLA-5M4600D","1/1.8"" 5MP CMOS with a 4.6mm fixed focal lens, FoV: H: 77.9˚, V: 57.9˚ for the PNM-9000VD","327.5","CAD","Cameras","active"
"SLA-5M7000D","1/1.8"" 5MP CMOS with a 7.0mm fixed focal lens, FoV: H: 50.7˚, V: 37.8˚ for the PNM-9000VD","327.5","CAD","Cameras","active"
"SLA-2M2402D","1/2.8"" 2MP CMOS with a 2.4mm fixed focal lens, FoV: H: 135.4˚, V: 71.2˚, for the PNM-7002VD","111.35","CAD","Cameras","active"
"SLA-2M2802D","1/2.8"" 2MP CMOS with a 2.8mm fixed focal lens, FoV: H: 107.4˚, V: 62.2˚, for the PNM-7002VD","111.35","CAD","Cameras","active"
"SLA-2M3602D","1/2.8"" 2MP CMOS with a 3.6mm fixed focal lens, FoV: H: 94.8˚, V: 49.3˚, for the PNM-7002VD","111.35","CAD","Cameras","active"
"SLA-2M6002D","1/2.8"" 2MP CMOS with a 6.0mm fixed focal lens, FoV: H: 50.4˚, V: 28.8˚, for the PNM-7002VD","111.35","CAD","Cameras","active"
"SLA-M2890DN","Lens, 1/2.8"", 3 MP, Vari-focal (2.8-9.0mm), Auto DC Iris, CS-Mount ","260.69","CAD","Recorder accessories","active"
"SLA-M2890PN","Lens, 1/2.8"", 3 MP, Vari-focal (2.8-9.0mm), Auto P Iris, CS-Mount ","326.19","CAD","Recorder accessories","active"
"SBP-168WMW1","Wall mount white compatible with XNP-6120HW","104.8","CAD","Recorder accessories","active"
"SHP-1730FPW","Plenum rated in-ceiling mount  Compatible with XNP-C7310R & C9310R","242.35","CAD","Recorder accessories","active"
"SBP-300BW1","Wall Mount Base Compatible with wall mounts SBP-300WMW and SBP-300WMW1 Table top mount for (TNO-7180RLP) Includes conduit hole 3/4"" (19.1mm) (M25) ","65.5","CAD","Recorder accessories","active"
"SBP-187WMW","Wall & Pole Mount for (TNO-7180RLP) High Speed Global shutter LPR camera (Steel strap sold separately)","196.5","CAD","Recorder accessories","active"
"SBD-110GPA","Installation kit for TNV-C8014RM & TNV-C8034RM, includes mount plate and M12 to RJ45 adapter","104.8","CAD","Recorder accessories","active"
"SBD-137WMA","Wall adaptor plate to make a Q-Core camera compatible with SBP-137WMW and SBP-137WMW1","26.2","CAD","Cameras","active"
"SBD-110GP1","Adaptor plate for Single, Double, 4"" Octagon, supported cameras: QNV-C8011R/C8012/C9011R,  QND-6011/21, 8011/21, QNF-8010, 9010, LND-6012R/22R, QND-6012R/22R, 7012R/22R, QNE-8011R/21R, ANE-L6012R, L7012R","26.2","CAD","Cameras","active"
"SPM-4210","Network I/O Box for PTZ plus, 4-configurable I/O ports, Audio I/O, PoE. Compatible with XNP-9300RW/9250R/9250 XNP-8300RW/8250R/8250, XNP-6400RW/6400R/6400, PNM-C12083RVD/C7083RVD/12082RVD/7082RVD","347.15","CAD","Audio and power accessories","active"
"SBS-165B","Surface Mount Back Box (with conduit holes) for TID-600R","64.19","CAD","Recorder accessories","active"
"SBS-165TM","Tilt Mount for TID-600R, 30° Tilt angle, Installable on Left or Right ","40.61","CAD","Recorder accessories","active"
"SHS-165F","Flush Mount for TID-600R, 2 Cover plates included (White, Dark Grey)","140.17","CAD","Recorder accessories","active"
"SBC-160BF","Black Skin Cover for XNF-9013RV, QTY of 6","65.5","CAD","Access","active"
"SBC-165W","White Skin Cover for TID-600R ","28.82","CAD","Access","active"
"TA-18","Turbine Compact Flush-Mount Back Box for TCIS-2 and TCIS-3","445.4","CAD","Recorder accessories","active"
"TA-14","Windscreen Microphone for TCIS-2 and TCIS-3","258.07","CAD","Audio and power accessories","active"
"TA-13","Turbine Mini On Wall Back Box White, Compatible with TMIS-1","412.65","CAD","Access","active"
"TA-5","Bracket for US 2 GANG Double Depth back Box, compatible with TCIS-2 and TCIS-3","127.07","CAD","Recorder accessories","active"
"TA-1","Turbine Compact Onwall Back Box, IP66, IK10,Aluminum ally, Grey,  Compatible with TCIS-2 and TCIS 3","320.95","CAD","Access","active"
"TKIS-2","Zenitel Turbine Intercom module used as an external relay for the Zenitel Turbine Intercoms, Ports-I/O, Relay, 10W Audio Out, DIN-rail mountable, Avaya and CISCO Certified, UL","1458.03","CAD","Audio and power accessories","active"
"SBD-110GP","Adaptor plate for Single, Double, 4"" Octagon, supported cameras (HCD-7010R / 7020R / 7030R, XND-6010 / 6020R / 8020R / 8030R / 8040R, 6012R / 6022R / 6032R, HCD-7010RA / 7020RA/ 7030RA, LND-6012R / 6022R/ 6032R / 6072R, QND-6010R / 6012R / 6020R / 6022R / 6030R/ 6032R, QND-7010R /7012R / 7022R / 7020R / 7030R / 7032R / 7080R, QND-8010R / 8020R / 8030R, SCD-6013 / 6023R)  Pack of 5","58.95","CAD","Cameras","active"
"SBD-150GP","Adapter plate for Double, 4"" Octagon, 4"" Square compatible with QNV-6082R/6082R1/6084R/7082R/6072R/6072R1/7082R/8080R, XNP-6040HW, ACV-8080R/8081R, ANV-L6082R/7082R, QNV-C9083R/C8083R/C6083R","39.3","CAD","Access","active"
"SBP-B-100P","Single Gang Box Converter Plate for XNV-6011","51.09","CAD","Access","active"
"STB-2000","ATM mounting bracket for remote head lens, compatible with SLA-T2480, SLA-T2480A, SLA-T4680, SLA-T4680A lenses","162.44","CAD","Recorder accessories","active"
"SBP-168HM","Cap Adapter for the XNP-6120H","103.49","CAD","Access","active"
"SBP-140CMB","Ceiling mount base (w/o conduit holes), compatible with extension pipes: SBP-150CMP/300CMP/900CMP","45.85","CAD","Recorder accessories","active"
"SBP-C15P","Ceiling mount coupler (for pipe extension), compatible with SBP-150CMP, SBP-300CMP, SBP-900CMP","26.2","CAD","Recorder accessories","active"
"SBP-C35H","3/4” to 1.5” PF pipe converter, to support compatibility between 3/4” pipe/connector and hanging adaptor Pack of 4","104.8","CAD","Access","active"
"SBP-C15NP","1.5” NPT to PF thread converter, to support compatibility with NPT threaded pipes","26.2","CAD","Access","active"
"SBP-C15H","1.5"" Coupler (White) Pack of 4 compatible with Ceiling mount SBP-140CMB, SBP-180CMB, SBP-180CMS Hanging Adaptor SBP-099HMW, SBP-120HMW, SBP-140HMW, SBP-160HMW1,  SBP-180HMW1, SBP-200HMW, SBP-250HMW, SBP-315HMW, SBP-156HMW","104.8","CAD","Recorder accessories","active"
"SBP-140CMT","Tile Grid Ceiling Mount Pack of 4, Compatible with QND-6011/6021, QND-8011/8021 QNF-8010/9010,  QND-6012R/6022R/6082R, QNV-C9011R/C8011R/C8012,  LND-6012R/6022R/6072R, QNE-8011R/8021R, ANE-L6012R/L7012R/L7012L,  QNV-C8083R/C9083R, XND-8082RV/9082RV,  X plus indoor dome, P AI indoor dome","203.05","CAD","Recorder accessories","active"
"SBP-140HMW","Cap Adapter for QNV-C9083R, QNV-C8083R","64.19","CAD","Access","active"
"SBP-200C","Mount Plate Pack of 5 for SBP-250WMW & SBP-400WMW compatible with PNM-C16013RVQ","39.3","CAD","Recorder accessories","active"
"SBP-200HMW","Cap Adapter for the PNM-9000VD, PNM-7002VD and PNM-C16013RVQ Multi-sensor","64.19","CAD","Access","active"
"SBP-300HM8","Cap Adapter for the PND-9080R, XND-6080 / 6080R / 6080V / 6080RV, XND-8080R / 8080RV, XND-L6080R / L6080RV / L6080V","64.19","CAD","Access","active"
"SBP-300HM7","Small cap adapter (aluminum), accessory for XNV-6011, SCD-6013 / 6023R / 6025R, QND-6010R / 7010R / 7020R / 7030R, XND-6010 / 6020R, XND-8020R / 8030R / 8040R,  XNV-6011, HCD-6010 / 6020R / 7010R / 7010RA / 7020R / 7020RA / 7030R / 7030RA, LND-6011R / 6021R / 6031R.","64.19","CAD","Access","active"
"SBP-300HMW7","Small cap adapter (aluminum), accessory for XNV-6011W, QND-8010R / 8020R / 8030R, QND-6012R / 6022R / 6032R, QND-7012R / 7022R / 7032R, LND-6010R / 6012R / 6020R / 6022R / 6030R / 6032R, HCF-8010V white color","64.19","CAD","Access","active"
"SBP-300HM6","Medium Cap Adapter (Aluminum), accessory for PNV-9080R, XNV-6120 / 6120R / 6080 / 6080R / 6085 / 6085V, XNV-8080R, XNV-L6080 / L6080R, PNM-7000VD","64.19","CAD","Access","active"
"SBP-300HM5","Small cap adapter (aluminum), accessory for 5MP fisheye cameras (SNF-8010, SNF-8010VM, XNF-8010R / 8010RV / 8010RVM, PNF-9010R / 9010RV / 9010RVM), QNE-6080RV, QNV-7080RV, Works with Mounts (SBP-300CM, SBP-300LM, SBP-300WM, SBP-300WM1)","64.19","CAD","Recorder accessories","active"
"SBP-301HMW3","Medium Cap Adapter Accessory, compatible with QNP-6250, QNP-6320, White color","64.19","CAD","Access","active"
"SBP-301HM5","Small Cap Adapter (Aluminum), accessory for SCV-6083R / 6023R/ 6085R, LNV-6071R, QNV-6070R / 6071R / 7080R/ 7081R, HCV-6070R / 6080R / 6080RSD / 7070R / 7070RA / 7080R / 7080RVP  , XNP-6040H, (Ivory color).","64.19","CAD","Access","active"
"SBP-099HMW","Small cap adapter, accessory for Q-mini cameras: QNF-8010,QNF-9010,QND-6011, QND-6021, QND-8011, QND-8021 (White color)","44.54","CAD","Cameras","active"
"SBP-300HMW5","Small cap adapter, accessory for XNF-8010RW / 8010RVW, QNE-6080RVW / 7080RVW (White color).","64.19","CAD","Access","active"
"SBP-150CMI","Ceiling mount (150mm) (w/o conduit holes), compatible with all 1.5"" hanging mounts and extension pipes:  SBP-C15P, SBP-150CMP/300CMP/900CMP","104.8","CAD","Recorder accessories","active"
"SBP-300CMI","Pendant Mount Accessory, Length: 300mm (11.81"") with female 1.5"" pipe thread","117.9","CAD","Recorder accessories","active"
"SBP-302CM-06","Extension pendant pipe 6"" long, fit the SBP-302CMB (Mounting backbox), SBP-302CMA (mounting plate), SBP-302CM  (telescopic pendant mount) and the extension pipes SBP-302CM-12 and SBP-302CM-36","58.95","CAD","Recorder accessories","active"
"SBP-301HMW2","Small cap adapter (aluminum) accessory, (QNV-6072R / 6082R / 8080R / 7082R, LNV-6070R / 6072R), (White color).","64.19","CAD","Access","active"
"SBP-317HMWP","Hanging Cap Adapter with extra storage space. Can be used with PNM-9084RQZ / PNM-9084RQZ1 / PNM-9085RQZ / PNM-9085RQZ1. Mount screw size : PF 1 1/2"", White","360.25","CAD","Recorder accessories","active"
"SBP-315C","Mount Plate Pack of 5 for SBP-250WMW & SBP-400WMW compatible with PNM-9084RQZ/RQZ1, PNM-9085RQZ/RQZ1","39.3","CAD","Recorder accessories","active"
"SBP-315HMW","Cap Adapter for PNM-9084RQZ(1), PNM-9085RQZ(1)","91.7","CAD","Access","active"
"SBP-317HMW","Can be used with PNM-9084RQZ / PNM-9084RQZ1 / PNM-9085RQZ / PNM-9085RQZ1. Mount screw size : PF 1 1/2"", (White color).","98.25","CAD","Recorder accessories","active"
"SBP-122HM","Small cap adapter for: (QND-7080R / 6070R / 6071R / 7081R), QNV-7010R/20R/30R, QNV-6010R/20R/30R, XNV-6010/20R, XNV-8020R/30R/40R, HCD-6070R / 6080R / 7070R / 7070RA /7080R, HCV-7010R /7010RA / 7020R / 7020RA / 7030R / 7030RA, LND-6071R, LNV6011R / 6021R / 6031R, SCD-6083R / 6085R)","44.54","CAD","Access","active"
"SBP-122HMW","Cap adapter for the (ANV-L6012R / L7012R , QND- 6072R / 7082R / 6082R / 8080R, QNV-6012R / 6022R / 6032R / 7012R / 7022R / 7032R / 8010R / 8020R / 8030R, LND-6070R / 6072R, LNV-6010R / 6012R / 6020R / 6022R/ 6030R / 6032R, HCF-8010V), white color","44.54","CAD","Access","active"
"SBP-167HM","Hanging cap (ivory) for the indoor X Plus dome cameras","65.5","CAD","Cameras","active"
"SBP-250C","Mount Plate Pack of 5 for SBP-250WMW & SBP-400WMW compatible with PNM-C16083RVQ/C32083RVQ, PNM-8082VT, PNM-9084QZ/QZ1,  PNM-9022V, PNM-C9022RV, PNM-9031RV","39.3","CAD","Recorder accessories","active"
"SBP-250HMW","Cap adapter for the PNM-9084QZ1, PNM-9084QZ, PNM-8082VT, PNM-9022V, PNM-C9022RV, PNM-9031RV, PNM-9002VQ, PNM-C16083RVQ, PNM-C32083RVQ","98.25","CAD","Access","active"
"SBP-276HMW","Cap adapter for the PNM-9084QZ, PNM-8082VT, PNM-9022V, PNM-9031RV, PNM9002VQ","98.25","CAD","Access","active"
"SBP-160HMW1","Hanging cap compatible with: XNF-9010RV / 9010RVM, XND-9082RV / 8082RV, XND- 6081V / 6081VZ / 6081RV / 6081REV, XND-8081RV / 8081REV, PND-A9081RV, PND-A6081RV, XND-6083RV / C7083RV / 8081VZ / 8083RV / C8083RV / 8093RV / 9083RV / C9083RV, XNV-C6083R / C7083R / C8083R / C9083R, TNF-9010, white color.","65.5","CAD","Access","active"
"SBP-187HM","Hanging cap (ivory) for the outdoor X Plus dome cameras","65.5","CAD","Cameras","active"
"SBP-180CMS","Swivel based Ceiling Mount (base), compatible with SBP-C15P, SBP-150CMP/300CMP/900CMP","222.7","CAD","Recorder accessories","active"
"SBP-180CMB","Ceiling mount base (with conduit holes) compatible with SBP-C15P, SBP-150CMP/300CMP/900CMP","170.3","CAD","Recorder accessories","active"
"SBP-180HMW1","Hanging cap compatible with:  XNV-8082R / 8093R / 9082R, XNV- 6083R / 8083R / 9083R, XNV-6123R / 6081 / 6081R / 6081Z / 6081RE / 8081RE / 8081R / 8081Z, PNV-A9081R / A6081R / A9081RLP / PNV-A6081R-E1T / PNV-A6081R-E2T, XNV-6083RZ / 8083RZ / 9083RZ, white color.","65.5","CAD","Access","active"
"SBC-170C","Silver Skin Cover for TNV-8011C","45.85","CAD","Access","active"
"SBC-170CB","Black Skin Cover for TNV-8011C","45.85","CAD","Access","active"
"SBC-170CW","White Skin Cover for TNV-8011C","45.85","CAD","Access","active"
"SBC-160B","Black skin cover for indoor X-Plus series domes XND-6081REV / 6081RV / 6081V / 6081VZ / 8081REV / 8081RV / 8081VZ / 9082RV / 8082RV / 6083RV / 8083RV / 8093RV / 9083RV, PND-A9081RV, PND-A6081RV.  QTY of 3","65.5","CAD","Cameras","active"
"SBC-200B","Black Skin Cover for PNM-C16013RVQ Pack of 3","65.5","CAD","Access","active"
"SBC-180B","Black skin cover for outdoor X-Plus series domes XNV-6081 / 6081R / 6081RE / 6081Z / 8081R / 8081RE / 8081Z / 9082R / 8082R / 6083R / 8083R / 8093R / 903R. QTY of 3","65.5","CAD","Cameras","active"
"SBV-160WC","Weather cap for the following outdoor domes: PNV-9080R, XND-6085 / 6085V / 6080 / 6080R / 6085 / 6120 / 6120R / 8080R / L6080 / L6080R","39.3","CAD","Cameras","active"
"SBV-120WCW","Weather cap for the following outdoor domes: QNV- 6012R / 6022R / 6032R / 8010R / 8020R / 8030R / 7012R / 7022R / 7032R, ANV-L6012R / L7012R, LNV- 6010R / 6012R / 6020R / 6022R / 6030R / 6032R, white color.","39.3","CAD","Cameras","active"
"SBV-121WCW","Weather Cap compatible with QNV-C8013R/C8023R","39.3","CAD","Access","active"
"SBV-140WCBW","Weather Cap compatible with TNV-C8011RW","39.3","CAD","Access","active"
"SBV-161WCW","Weather cap compatible with: XNV-C6083R/C7083R/C8083R/C9083R","39.3","CAD","Access","active"
"SBV-253WCW","Weather cap compatible with: PNM-9031RV / PNM-9022V","45.85","CAD","Access","active"
"SBV-A14B","Back box compatible with ANV-L6012R/L6082R/L7012R/L7082R, ANO-L6012R/L6022R/L6082R/L7012R/L7022R/L7082R, ANE-L6012R/L7012R, QNV-6072R/6072R1/6082R/6082R1/6084R/7082R/8080R/8081R","64.19","CAD","Access","active"
"SBV-180BW","Backbox compatible with XND-C9083RV/C8083RV/C7083RV/C6083RV, XND-9083RV/8093RV/8083RV/6083RV, XNV-9083R/8093R/8083R/6083R, XND-9082RV/8082RV, XNV-9082R/8082R","64.19","CAD","Access","active"
"SBV-180WW","Waterproof Backbox for Vandal X-Core and X-Plus cameras; Compatible models: XNV-6080R/L6080R/6085/6120R/8080R; XNV-6081R/8081R/6083R/8083R/8093R/9083R; XNV-C6083R/C7083R/C8083R/C9083R","157.2","CAD","Cameras","active"
"SBV-215WCW","Weather cap for PNM-C7083RVD/7082RVD and PNM-C12083RVD/12082RVD","52.4","CAD","Access","active"
"SBP-215HMWB","Hanging Cap Adapter with vibration isolation gasket for Audio Beacon SPS-A100M","85.15","CAD","Audio and power accessories","active"
"SBP-215HMW","Hanging mount for PNM-C7083RVD/7082RVD and PNM-C12083RVD/12082RVD","52.4","CAD","Recorder accessories","active"
"SBC-140WB","Black Skin Cover for TNV-C8011RW","52.4","CAD","Access","active"
"SBV-140TBW","Tilt Mount for TNV-C8011RW - 20° tilt","45.85","CAD","Recorder accessories","active"
"SBV-140TMW","Tilt Mount, compatible with: QNV-C8083R/C9083R, QNV-C8011R/C8012/C9011R, QND-6011/6021, QND-8011/8021, QND-6012R/6022R/6082R, QND-7012R/7022R/7082R, QNE-8011R/8021R","64.19","CAD","Recorder accessories","active"
"SBV-138TMW","23° Tilt mount for Varifocal outdoor dome Q and L series cameras: Compatible models: QNV-6072R/6082R, QNV-7082R, QNV-8080R; LNV-6072R_x000D_","64.19","CAD","Recorder accessories","active"
"SBP-160TM","23° tilt mount for vandal outdoor domes (XNV-6080/R/8080R/L6080/L6080R, PNV-9080R/SNV-8081/8080/7084/R/6084/R/6085R/5084/R, SCV-6081R, XNV-6120/R, XNV-6085)","32.75","CAD","Recorder accessories","active"
"SBP-160TMW1","Tilt Mount, compatible with: XNF-9010RV/RVM, XND-9082RV, XND-8082RV, XND-6081RV/6081REV, XND-8081RV/8081REV, PND-A9081RV","64.19","CAD","Recorder accessories","active"
"SBP-300TM1","20° Tilt Angle Wall Mount Adapter (Poly Carbonate), Accessory for 5MP fisheye cameras (XNF-8010R/RV/RVM, PNF-9010R/RV/RVM), Ivory","77.29","CAD","Recorder accessories","active"
"SPB-VAN14W","Smoke Dome compatible with XNV-6012/6012M, XNV-6022RM, QNV-6024RM","45.85","CAD","Cameras","active"
"SPB-VAN23W","Smoke Dome for TNV-C8014RM & TNV-C8034RM","72.05","CAD","Cameras","active"
"SPG-VAN23W","Clear Dome for TNV-C8014RM & TNV-C8034RM","72.05","CAD","Cameras","active"
"SPB-IND88W","Tinted dome for Indoor dome X-Core cameras","104.8","CAD","Cameras","active"
"SPB-PTZ95W","Smoke Dome Cover compatible with XNP-C7310R & XNP-C9310R","174.23","CAD","Cameras","active"
"SPG-PTZ95W","Dome Cover compatible with XNP-C7310R & XNP-C9310R","174.23","CAD","Cameras","active"
"SPB-VAN82W","Smoke Dome for Q AI V/F Compatible with QNV-C6083R/C8083R/C9083R","111.35","CAD","Cameras","active"
"SPB-VAN88W","Tinted dome for Vandal dome X-Core cameras","111.35","CAD","Cameras","active"
"SPB-VAN89W","Tinted dome cover for: XNV-6083RZ / XNV-8083RZ / XNV-9083RZ","104.8","CAD","Cameras","active"
"SHD-1400FPW","Plenum rated flush mount Compatible with QNV-C8083R/C9083R","176.85","CAD","Recorder accessories","active"
"SHD-1400FW","In-ceiling flush mount Compatible with QNV-C8083R/C9083R","103.49","CAD","Recorder accessories","active"
"SHD-1370FPW","In-ceiling Mount Plenum compatible with XNV-6123R, XNV-6083RZ/8083RZ/9083RZ, XNV-6083Z/8083Z, XNV-6083R/8083R/8093R/9083R, XNV-8082R/9082R, PNV-A6081R/A9081R","163.75","CAD","Recorder accessories","active"
"SHD-1200FW","Lite In-ceiling mount compatible with QNV-C8013R/8023R","104.8","CAD","Recorder accessories","active"
"SHD-1200FPW","Plenum In-ceiling Mount compatible with: QNV-C8011R/C8012/C9011R","99.56","CAD","Recorder accessories","active"
"SHD-1201FPW","Plenum In-ceiling mount compatible with QNV-C8013R/C8023R　","131.0","CAD","Recorder accessories","active"
"SHD-1350FPW","In-ceiling Housing for X-Plus module cameras ","176.85","CAD","Cameras","active"
"SPB-VAN85W","Tinted bubble for outdoor X-Plus cameras, compatible with: XNV-8081RE/8081R/8081Z, XNV-6081RE/6081R/6081/6081Z, PNV-A9081R, XNV-9082R/8082R","104.8","CAD","Cameras","active"
"SPB-IND85W","Tinted bubble for indoor X-Plus cameras, compatible with: XND-8081REV/8081RV/8081VZ, XND-6081REV/6081RV/6081V/6081VZ, PND-A9081RV, XND-9082RV/8082RV","98.25","CAD","Cameras","active"
"SPB-FCD85W","Tinted bubble for indoor flush mount X-Plus cameras, compatible with: XND-8081RF/8081FZ, XND-6081RF/6081F/6081FZ, PND-A9081RF, XNV-9082R/8082R","98.25","CAD","Recorder accessories","active"
"SPB-PTZ73","Tinted replacement Bubble for XNP-6120H","131.0","CAD","Access","active"
"SPB-PTZ82W","Smoke Dome Cover compatible with QNP-6320H and QNP-6250H","137.55","CAD","Cameras","active"
"SPB-PTZ85W","Smoked dome cover for PTZ Plus cameras: XNP-6400/6400R, XNP-8250/8250R, XNP-9250/9250R (not compatible with wiper models)","131.0","CAD","Cameras","active"
"SPB-VAN71","Tinted replacement Bubble for XNV-6120, XNV-6120R","104.8","CAD","Access","active"
"SPB-VAN81","Tinted replacement Bubble for XNV-6085","104.8","CAD","Access","active"
"SPB-IND11","Tinted bubble (XND-6010/6020/8020R/8030R/8040R)","32.75","CAD","Access","active"
"SPB-IND12","Tinted bubble (QND- 6010R/6020R/6030R / 7010R/7020R/7030R, LND-6011R/6021R/6031R, HCD-7010RA/20RA/30RA)","32.75","CAD","Access","active"
"SPB-INW72","Smoked dome cover for White Q/L varifocal indoor domes, (except QND-8080R)","32.75","CAD","Cameras","active"
"SPB-IND81V","Tinted bubble (XND-6080V/XND-6080RV XND-8080RV)","58.95","CAD","Access","active"
"SPB-VAN11","Tinted bubble (XNV- 6010/6020/ 8020R/8030R/8040R)","32.75","CAD","Access","active"
"SPB-VAN12","Tinted bubble (QNV- 6010R/6020R/6030R/ 7010R/7020R/7030R, LNV-6011R/6021R/6031R)","32.75","CAD","Access","active"
"SPB-VAN16W","Smoke Dome compatible with QNV-C8011R/C8012/C9011R","52.4","CAD","Cameras","active"
"SPB-VAN72","Tinted bubble (HCV-6070R/6080R/7070RA, SCV-6083R)","45.85","CAD","Access","active"
"SPB-VAW12","Smoked dome cover for White Q/L fixed vandal domes (LNV-6012R/6022R/6032R, QNV-6012R/6022R/6032R/8010R/8020R/8030R)","32.75","CAD","Cameras","active"
"SPB-INW12","Smoked dome cover for White Q/L fixed indoor domes (LND-6012R/6022R/6032R, QND-6012R/6022R/6032R)","32.75","CAD","Cameras","active"
"SPB-INW73","Smoked dome cover for White QND-8080R","32.75","CAD","Cameras","active"
"SPB-VAN3","Accessory, tinted replacement Bubble for XNV-6080/6080R/L6080/L6080R, XNV-8080R","90.39","CAD","Access","active"
"SPB-IND6","Accessory, tinted replacement Bubble for SCD-6083R,HCD-6080R/6070R","51.09","CAD","Access","active"
"SPB-MDC31","Tinted dome cover for PNM-9084QZ and PNM-8082VT","124.45","CAD","Cameras","active"
"SPB-MDC41","Tinted dome cover for PNM-9084RQZ and PNM-9085RQZ","301.3","CAD","Cameras","active"
"SPB-MDC41V","Smoke dome compatible with PNM-C19183RVTP　","366.8","CAD","Cameras","active"
"SPB-MDC41W","Tinted dome cover for PNM-9022V","163.75","CAD","Cameras","active"
"SPB-PTZ6","Accessory, tinted replacement Bubble for Indoor PTZ: XNP-6320/6321, QNP-6230/6250/6320, HCP-6320A","129.69","CAD","Cameras","active"
"SPG-VAN13W","Dome cover with conduit hole access - Compatible with TNV-C7013RC","103.49","CAD","Cameras","active"
"SPB-VAW72","Smoked dome cover for: QNV-8080R, QNV-6082R, LNV-6072R","45.85","CAD","Cameras","active"
"SPG-IND12B","Black cover for QND-6010R / 6012R / 6020R / 6022R / 6030R / 6032R, QND-7010R / 7012R / 7020R / 7022R / 7030R / 7032R,  LND-6010R / 6011R / 6012R/ 6020R / 6021R / 6022R / 6030R / 6031R / 6032R, HCD-6010 / 6020R / 7010R / 7010RA / 7020R / 7020RA / 7030R / 7030RA, SCD-6013 / 6023R / 6025R","32.75","CAD","Access","active"
"SPG-IND72B","Black cover for LND-6070R / 6071R / 6072R, QND-6070R / 6071R / 6072R / 6082R, QND-7080R / 7081R / 7082R","32.75","CAD","Access","active"
"SPG-IND16B","Black cover for Q-mini cameras QND-6011, QND-6021, QND-8011, QND-8021","32.75","CAD","Cameras","active"
"SHD-315F","2X2 drop ceiling tile flush mount adaptor for the PNM-9084RQZ and PNM-9085RQZ","425.75","CAD","Recorder accessories","active"
"SHD-1198FW","In-ceiling flush mount accessory for indoor dome: QND-8080R, QND-7080R, QND-6070R, HCD-7070RA, HCD-7070R, HCD-6080R, HCD-6070R, HCD-6020R, HCD-6010 (White color)","103.49","CAD","Recorder accessories","active"
"SHF-1500F","In-ceiling flush mount accessory for XNF-8010R/RV/RVM, PNF-9010R/RV/RVM","103.49","CAD","Recorder accessories","active"
"SHD-400F","In-ceiling flush mount accessory for XNV-6011, Aluminum Body, Ivory","155.89","CAD","Recorder accessories","active"
"SHD-3000F1","In-ceiling flush mount accessory for PNV-9080R, XNV-6080/R, XNV-8080R, XNV-L6080/L6080R","103.49","CAD","Recorder accessories","active"
"SHD-3000F4","In-ceiling flush mount accessory for PND-9080R, XND-6080RV, XND-6080V & XND-8080RV, XND-L6080/L6080R","103.49","CAD","Recorder accessories","active"
"SHD-3000F5","In-ceiling flush mount accessory for PNM-9000VQ, plenum rated (UL2820)","327.5","CAD","Recorder accessories","active"
"SHP-1680F","In-ceiling flush mount accessory for XNP-6120H, XND-6085V, XNV-6085","103.49","CAD","Recorder accessories","active"
"SHD-1408FW","In-ceiling flush mount accessory for: HCV-6070R/6080R/7070RA, PND-9080R, QNV-6082R/7080R/8080R, XND-6080RV/6080V/8080RV/L6080RV/L6080V (White color)","103.49","CAD","Recorder accessories","active"
"SHD-1408FPW","Plenum rated flush mount, white color. Compatible with HCD-6080R/7070RA, QND-6082R/8080R, XNV-6010/6020R/8020R/8030R/8040R, HCV-7010RA/7020RA/7030RA/6080R/6070R, LNV-6012R/6022R/6032R/6072R, QNV-6012R/6022R/6032R/6082R/8010R/8020R/8030R/8080r, XND-6080V/6080RV/8080RV, XND-L6080V/6080RV, XNP-6040H","163.75","CAD","Recorder accessories","active"
"SHD-1100FW","In-ceiling Mount compatible with QNV-C8011R/C8012/C9011R","104.8","CAD","Recorder accessories","active"
"SHD-1101FW","Lite In-ceiling mount compatible with QND-C8013R/C8023R","104.8","CAD","Recorder accessories","active"
"SHD-1100FPW","Plenum In-ceiling mount compatible with QND-C8013R/C8023R","131.0","CAD","Recorder accessories","active"
"SHD-1128FPW","Plenum rated flush mount, white color. Compatible with: QNF-8010/9010, HCD-6010/6020R/7010RA/7020RA/7030RA, QND-6011/6021/8011/8021/6012R/6022R/6032R/ 7010R/7020R/7030R/8010R/8020R/8030R, LND-6012R/6022R/6032R, XND-6010/6020R/8020R/8030R/8040R, XNV-6011/6011W","103.49","CAD","Recorder accessories","active"
"SHP-1520FW","White color PTZ flush mount. Compatible with QNP-6320/6250","155.89","CAD","Recorder accessories","active"
"SHP-1563FW","PTZ-Plus flush mount, white color. Compatible with XNP-9250/9250R/8250/8250R/6400/6400R, QNP-6320R/6250R, XNP-C6403/C8253/C9253, XNP-C6403R/C8253R/C9253R","146.72","CAD","Recorder accessories","active"
"SHP-1563FPW","Plenum rated PTZ-Plus flush mount, white color. Compatible with XNP-9250/9250R/8250/8250R/6400/6400R, QNP-6320R/6250R, XNP-C6403/C8253/C9253, XNP-C6403R/C8253R/C9253R","208.29","CAD","Recorder accessories","active"
"SHP-1680FPW","White color PTZ flush mount. Compatible with HCP-6320/6320A, QNP-6230/6250/6320, XNP-6320/6321/6120H","208.29","CAD","Recorder accessories","active"
"SHP-1680FW","In-ceiling flush mount accessory for XNP-6120H, XND-6085V, XNV-6085, XNV-6120, XNV-6120R (White color)","103.49","CAD","Recorder accessories","active"
"SBU-500PM","Pole Mount compatible with SBU-500WM for Positioning Cameras TNU-4041T/4051T / TNU-6321","873.77","CAD","Recorder accessories","active"
"SBU-500WM","Wall mount for the TNU-6321","425.75","CAD","Recorder accessories","active"
"SBP-137WM1","Outdoor wall mount for outdoor domes (QNV-7010R/7020R/7030R, XNV-6010/6020R/8020R/8030R/8040R, HCV-6080R/6070R/7010RA/7020RA/7030RA/7070RA, SCV-6023R/6083R, XNP-6040H)","85.15","CAD","Recorder accessories","active"
"SBP-137WMW1","Outdoor wall mount for outdoor domes (QNV-6012R/6022R/6032R/8010R/8020R/8030R, 8080R/6082R), white color","85.15","CAD","Recorder accessories","active"
"SBP-125WMW1","Wall/Pole mount for: QNV-C8011R/C8012/C9011R, QND-6011/6021/8011/8021, QND-6012R/6022R, QND-6082R, QNE-8011R/8021R, LND-6012R/6022R/6072R, QND-7012R/7022R/7082R (Stainless steel straps are NOT included, compatible with SBP-150S and SBP-060S) ","85.15","CAD","Recorder accessories","active"
"SBP-120WM","Indoor Wall mount for indoor domes (QND-7080R/7030R/7020R/7010R/6070R/6030R/6020R/6010R, XND-6010/6020/8020R/8030R/8040R, SCD-6083R/6023R)","32.75","CAD","Recorder accessories","active"
"SBP-142CMW","Ceiling Mount compatible with TNM-3620TDY, TNM-C3620TDR/C3622TDR","174.23","CAD","Recorder accessories","active"
"SBP-142WMW","Wall Mount compatible with TNM-3620TDY, TNM-C3620TDR/C3622TDR","349.77","CAD","Recorder accessories","active"
"SBP-140WMW","Wall/Pole mount. Compatible with: QNV-C8083R/QNV-C9083R (Stainless steel straps are NOT included, compatible with SBP-150S and SBP-060S) ","85.15","CAD","Recorder accessories","active"
"SBP-115PA","3 Pin Adaptor for Wall&Pole Mount (SBP-250WMW/SBP-400WMW) Compatible with XNP-C7310R/C9310R, XNP-C6403/C8253/C9253, XNP-6400/8250/9250 Pack of 3","196.5","CAD","Recorder accessories","active"
"SBP-115PFA","1.5"" PF Adaptor for Wall&Pole Mount (SBP-250WMW/SBP-400WMW) Compatible with SBP-180HMW1/200HMW/215HMW/250HMW/315HMW Pack of 3 ","196.5","CAD","Recorder accessories","active"
"SBP-120HMW","Cap Adapter for QNV-C9011R/C8011R/C8012","64.19","CAD","Access","active"
"SBP-120WMW","Indoor wall mount for indoor domes (QND-8080R/8030R/8020R/8010R/6082R/6032R/6022R/6012R), white color","32.75","CAD","Recorder accessories","active"
"SBP-160WMW1","Wall mount Compatible models: XND-C6083RV/C7083RV/C8083RV/C9083RV, XND-6083RV/8083RV/9083RV, XNV-C6083R/C7083R/C8083R/C9083R, XND-8082RV/9082RV, XNF-9010RV/9013RV, PND-A6081RV/A9081RV","103.49","CAD","Recorder accessories","active"
"SBP-300CMW1","Ceiling mount with conduit holes compatible with Hanging Adaptor SBP-120HMW/140HMW/160HMW1/180HMW1","235.8","CAD","Recorder accessories","active"
"SBP-250WMW","Wall Mount White Compatible with  1. Camera Direct   : QNV-C8083R/C9083R, XND-C6083RV/C7083RV/C8083RV/C9083RV, XNV-C6083R/C7083R/C8083R/C9083R, XND-6083RV/8083RV/9083RV, XNV-6083R/8083R/8093R/9083R, PNV-A9081R/A6081R/A6081R-E1T/A6081R-E2T, XNV-6083RZ/8083RZ/9083RZ, etc. 2. with SBP-115PA    : XNP-6400/8250/9250, XNP-6400R/8250R/9250R, XNP-6400RW/8300RW/9300RW, XNP-C6403/C8253/C9253, XNP-C6403R/C8253R/C9253R, XNP-C6403RW/C8303RW/C9303RW, XNP-C7310R/C9310R, QNP-6250R/6320R 3. Hanging Adaptor with SBP-115PFA   : SBP-099HMW/120HMW/140HMW/160HMW1/180HMW1/200HMW/215HMW/250HMW/315HMW and others 4. Gang Plate   : SBD-110GP1, SBD-090GP 5. with Mounting Hole Cover (SBP-200C/250C/315C)   : PNM-C16013RVQ, PNM-C16083RVQ/C32083RVQ, PNM-9084RQZ/9085RQZ and others","209.6","CAD","Recorder accessories","active"
"SBP-400WMW","Wall Mount White Compatible with  1. Camera Direct   : QNV-C8083R/C9083R, XND-C6083RV/C7083RV/C8083RV/C9083RV, XNV-C6083R/C7083R/C8083R/C9083R, XND-6083RV/8083RV/9083RV, XNV-6083R/8083R/8093R/9083R, PNV-A9081R/A6081R/A6081R-E1T/A6081R-E2T, XNV-6083RZ/8083RZ/9083RZ, etc. 2. with SBP-115PA    : XNP-6400/8250/9250, XNP-6400R/8250R/9250R, XNP-6400RW/8300RW/9300RW, XNP-C6403/C8253/C9253, XNP-C6403R/C8253R/C9253R, XNP-C6403RW/C8303RW/C9303RW, XNP-C7310R/C9310R, QNP-6250R/6320R 3. Hanging Adaptor with SBP-115PFA   : SBP-099HMW/120HMW/140HMW/160HMW1/180HMW1/200HMW/215HMW/250HMW/315HMW and others 4. Gang Plate   : SBD-110GP1, SBD-090GP 5. with Mounting Hole Cover (SBP-200C/250C/315C)   : PNM-C16013RVQ, PNM-C16083RVQ/C32083RVQ, PNM-9084RQZ/9085RQZ and others","415.27","CAD","Recorder accessories","active"
"SBP-300WMW","White Gooseneck mount","103.49","CAD","Recorder accessories","active"
"SBP-390WMW2","Wall Mount Accessory, 2x knock out built-in, compatible with all full size outdoor PTZs and all caps, White color ","281.65","CAD","Recorder accessories","active"
"SBP-300WM1","Wall Mount Accessory, All caps except SBP-329HM and all outdoor PTZs Ivory","103.49","CAD","Recorder accessories","active"
"SBP-300WMW1","Wall Mount Accessory (white), Compatible with white hanging caps","103.49","CAD","Recorder accessories","active"
"SBP-300WMS1","Stainless Steel wall mount for stainless steel cameras PTZ: XNP-6320HS, QNP-6320HS and dome cameras: XNV-6080RSA, XNV-8080RSA, (need to purchase a separate cap SBP-300HMS6 for the dome cameras)","818.75","CAD","Recorder accessories","active"
"SBP-390WM2","Wall Mount Accessory, 2x knock out built-in, compatible with all full size outdoor PTZs and all caps, Ivory color as well as SBP-300PM pole mount adaptor and SBP-300KM corner mount adaptor","281.65","CAD","Recorder accessories","active"
"SBP-300WM","Wall Mount Accessory, All caps and all outdoor PTZs Ivory","103.49","CAD","Recorder accessories","active"
"SBP-300WMS","Stainless Steel wall mount (gooseneck) for stainless steel cameras PTZ: XNP-6320HS, QNP-6320HS and dome cameras: XNV-6080RSA, XNV-8080RSA, PNM-9002VQS (need to purchase a separate cap SBP-300HMS6 for the dome cameras)","818.75","CAD","Recorder accessories","active"
"SBP-300HMS6","Stainless steel cap adaptor for XNV-6080RSA, XNV-8080RSA","635.35","CAD","Access","active"
"SBP-302PM","Pole Mount Adapter Accessory, use with SBO-100B1, PNO-9080R, SNO-8081R SBO-100B1","103.49","CAD","Recorder accessories","active"
"SBP-300PMW2","Pole Mount Adapter Accessory, use with SBP-300WMW1, White color, made of aluminum","103.49","CAD","Recorder accessories","active"
"SBD-140PMB","Pole Mount compatible with QNV-C8011R/C8012/C9011R, QNV-C8083R/C9083R, QND-6011/6021, QND-8011/8021, QNF-8010/9010, QND-6012R(1)/6022R(1)/6072R(1)/6082R(1), QND-7012R/7022R/7082R, QNE-8011R/8021R, LND-6012R/6022R/6072R, ANE-L6012R/L7012R ","91.7","CAD","Recorder accessories","active"
"SBD-140PMW","Pole mount base. Compatible with: QNV-C8083R/C9083R, QNV-C8011R/C8012/C9011R, QND-6012R(1)/ 6022R(1)/6082R(1), QND-7012R/7022R/7082R, QNE-8011R/8021R, LND-6012R/6022R/6072R, ANE-L6012R/L7012R","64.19","CAD","Recorder accessories","active"
"SBD-180PMW","Pole mount base. Compatible with: PNV-A6081R/A9081R, XNV-8082R/9082R, XNV-6083R/8083R/8093R/9083R XNV-6123R, XNV-6083Z/8083Z, XNV-6083RZ/8083RZ/9083RZ, PND-A6081RV/A9081RV, XND-8082RV/9082RV, XNF-9010RV/9013RV, XND-6083RV/8083RV/8093RV/9083RV, XNO-6083R/6123R/8083R/9083R, XND-C6083RV/C7083RV/C8083RV/C9083RV, XNO-C6083R/C8083R/C9083R, XNV-C6083R/C7083R/C8083R/C9083R","91.7","CAD","Recorder accessories","active"
"SBB-300PMW1","Installation plate for SBP-300PMW1, compatible with Box Camera Housing: SHB-4301HP/ SHB-4300H1/ SHB-4200/ SHB-4200H","41.92","CAD","Cameras","active"
"SBP-300PM1","Pole Mount Adapter Accessory, use with SBP-300WM,SBP-300WM1, SBP-390WM2, Ivory color, made of aluminum","103.49","CAD","Recorder accessories","active"
"SBP-300PMS","Pole mount adaptor for the SBP-300WMS and SBP-300WMS1","144.1","CAD","Recorder accessories","active"
"SBP-303PM","Pole mount adapter accessory for thermal bullet cameras, compatible with TNO-4040T, TNO-4030T, TNO-4050T, TNO-4030TR, TNO-4040TR, TNO-3010T/3020T/3030T","103.49","CAD","Recorder accessories","active"
"SBP-300KM1","Corner Mount Adapter Accessory, ivory color","103.49","CAD","Recorder accessories","active"
"SBP-300KMW1","Corner Mount Adapter Accessory, use with SBP-300WMW1, White color, made of aluminum","103.49","CAD","Recorder accessories","active"
"SBP-300KMS","Corner mount adaptor for the SBP-300WMS and SBP-300WMS1","196.5","CAD","Recorder accessories","active"
"SBP-300LM","Parapet Mount Accessory, compatible with all full size outdoor PTZs and all caps, Ivory color","517.45","CAD","Recorder accessories","active"
"SBP-300LMW","Parapet Mount Accessory, compatible with all full size outdoor PTZs and all caps, White","517.45","CAD","Recorder accessories","active"
"SBP-302CM","Telescopic pendant mount Accessory, require a mounting plate SBP-302CMA","327.5","CAD","Recorder accessories","active"
"SBP-300CMP","Ceiling mount pipe (300mm/11.8inch), Compatible with: SBP-140CMB, SBP-180CMB and Pipe extension: SBP-C15P, SBP-150CMP/300CMP/900CMP","85.15","CAD","Recorder accessories","active"
"SBP-300CMTS","Swivel based Ceiling Mount with Telescopic Extension Pipe","576.4","CAD","Recorder accessories","active"
"SBP-300CMTW","Telescopic Ceiling Mount with female 1.5"" pipe thread and 3/4"" conduit access holes, Product dimension: ø180x956.5~1667.5mm (ø7.09x37.66~65.65"")","365.49","CAD","Recorder accessories","active"
"SBP-900CMP","Ceiling mount pipe (900mm/35.43inch), Compatible with: SBP-140CMB, SBP-180CMB and Pipe extension: SBP-C15P, SBP-150CMP/300CMP/900CMP","131.0","CAD","Recorder accessories","active"
"SBP-900CMW","Pendant Mount Accessory, Length: 900mm (35.43"") with female 1.5"" pipe thread and 3/4"" conduit access holes","275.1","CAD","Recorder accessories","active"
"SBP-300CMW","Pendant Mount Accessory, white","103.49","CAD","Recorder accessories","active"
"SBP-302CMA","Mounting plate for the telescopic pendant mount SBP-302CM","39.3","CAD","Recorder accessories","active"
"SBP-300CM","Pendant Mount Accessory, Ivory","103.49","CAD","Recorder accessories","active"
"SBP-302CM-36","Extension pendant pipe 36"" long, fit the SBP-302CMB (Mounting backbox), SBP-302CMA (mounting plate), SBP-302CM (telescopic pendant mount) and the extension pipes SBP-302CM-12 and SBP-302CM-36","137.55","CAD","Recorder accessories","active"
"SBP-302CM-12","Extension pendant pipe 12"" long, fit the SBP-302CMB (Mounting backbox), SBP-302CMA (mounting plate), SBP-302CM (telescopic pendant mount) and the extension pipes SBP-302CM-12 and SBP-302CM-36","85.15","CAD","Recorder accessories","active"
"SBP-302CMB","Back box made to fit SBP-302CM telescopic pendant mount and the extension pipes (SBP-302CM-12 and SBP-302CM-36)","248.9","CAD","Recorder accessories","active"
"SBP-302CMAS","Telescopic pendant mount accessory with 90 degrees swivel joint, 4.5’ to 8’ adjustable, includes SBP-302CMA for ceiling mount, Ivory color","524.0","CAD","Recorder accessories","active"
"SBP-302CMS","Swivel adapter for pendant mount for SBP-302CM, SBP-302CM-12, SBP-302CM-36 and it also requires one mounting option either SBP-302CMA or SBP-302CMB","157.2","CAD","Recorder accessories","active"
"SBP-150S","Stainless steel mount strap (QTY of 2) for a wall/pole mount: Length: 1,500mm (59.1""), Width : 12.6mm (0.5"")","52.4","CAD","Recorder accessories","active"
"SBP-060S","Stainless steel mount strap (QTY of 2) for a wall/pole mount: Length: 600mm (23.6""), Width : 12.6mm (0.5"")","39.3","CAD","Recorder accessories","active"
"SBP-156WMW","Wall/Pole mount, Material : Aluminum, Color : White, Dimensions :135(W)x183(H)x302(D)mm (5.31x7.20x11.89""),  Compatible with: XNP-9300RW/8300RW/6400RW, QNP-6320R/6250R/6320H/6250H. Stainless Steel Pole straps are not included.","195.19","CAD","Recorder accessories","active"
"SBP-156HMW","Hanging mount, Material : Aluminum, Color : White, Dimensions : Φ95.5x77.0 mm( Φ3.76x3.03""), Compatible with: XNP-9300RW/8300RW/6400RW, QNP-6320R/6250R/6320H/6250H","85.15","CAD","Recorder accessories","active"
"SBP-150CMP","Ceiling mount pipe (150mm/5.9inch), Compatible with: SBP-140CMB, SBP-180CMB and Pipe extension: SBP-C15P, SBP-150CMP/300CMP/900CMP ","58.95","CAD","Recorder accessories","active"
"SBP-156CMW","Ceiling mount, Weight: 4.2 kg (9.3 lb), Material: Aluminum, Color: White, Compatible with: XNP-9300RW/8300RW/6400RW, QNP-6320R/6250R/6320H/6250H","334.05","CAD","Recorder accessories","active"
"SBP-156LMW1","Telescopic Parapet Mount, White color parapet mount , Weight : 7.1 kg (15.7 lb), Product dimensions: 835~1098x1000x95mm(32.9~43.2x39.4x3.8""),  (doesn't include SBP-156HMW)","537.1","CAD","Recorder accessories","active"
"SBP-156LMW","Telescopic Parapet Mount, White color parapet mount ,  Weight : 7.1 kg (15.7 lb), Product dimensions: 853~1116x1000x95mm(33.6~43.9x39.4x3.8""),  Compatible with: XNP-9300RW/8300RW/6400RW, QNP-6320R/6250R/6320H/6250H, Package includes SBP-156HMW","569.85","CAD","Recorder accessories","active"
"SBD-140KMB","Light weight stainless steel corner mount compatible with: QNV-C8011R/C8012/C9011R, QNV-C8083R/C9083R, QND-6011/6021, QND-8011/8021, QNF-8010/9010, QND-6012R(1)/6022R(1)/6072R(1)/6082R(1), QND-7012R/7022R/7082R, QNE-8011R/8021R, LND-6012R/6022R/6072R, ANE-L6012R/L7012R","91.7","CAD","Recorder accessories","active"
"SBP-156KMW","Corner mount, Material: Aluminum, Color: White, Dimensions : 276.8(W)x183.0(H)x158.5(D)mm (10.90x7.20x6.24""), Compatible with: XNP-9300RW/8300RW/6400RW, QNP-6320R/6250R/6320H/6250H","155.89","CAD","Recorder accessories","active"
"SBP-099TMW","Tilt mount for Q fisheye cameras, Compatible with QNF-9010, QNF-8010","64.19","CAD","Recorder accessories","active"
"SBP-125HMW","Hanging Mount for QNE-8011R/8021R","44.54","CAD","Recorder accessories","active"
"SHD-2500FPW","Plenum In-ceiling Mount compatible with: PNM-C16083RVQ/C32083RVQ","327.5","CAD","Recorder accessories","active"
"SHD-2501FPW","Plenum-rated In-ceiling Mount compatible with PNM-C19183RVTP","327.5","CAD","Recorder accessories","active"
"SHD-2510FPW","Plenum Flush Mount for PNM-9084QZ/8082VT","327.5","CAD","Recorder accessories","active"
"SHD-1600FW","In-ceiling mount compatible with XND-C6083RV, XND-C7083RV, XND-C8083RV, XND-C9083RV","85.15","CAD","Recorder accessories","active"
"SHD-2000FPW","Plenum rated in-ceiling mount compatible with PNM-C16013RVQ","222.7","CAD","Recorder accessories","active"
"SHD-1600FPW","Plenum Flush Mount for XNF-8010R/8010RV/9010RV/9010RVM, XND-6085V, XNV-6080/6080R/8080R/L6080/L6080R/6120/6120R/6085","247.59","CAD","Recorder accessories","active"
"SBL-100D","Dome bracket for SLA-T2480A, SLA-T4680A, SLA-T2480, SLA-T4680 ","51.09","CAD","Recorder accessories","active"
"SBL-101C","Corner bracket for SLA-T2480A, SLA-T4680A, SLA-T2480, SLA-T4680","51.09","CAD","Recorder accessories","active"
"SCL-30","Extension cable for remote head lens, 3m (9.84Ft), compatible with: PNM-9000QB, XNB-6002, SLA-T4680A, SLA-T4680VA, SLA-T2480A, SLA-T2480VA, SLA-T1080FA, SLA-T2880BA, SLA-T4680DA, SLA-T4680DSA","124.45","CAD","Access","active"
"SCL-150","Extension cable for remote head lens, 15m (49.2Ft), compatible with: PNM-9000QB, SLA-T4680A, SLA-T4680VA, SLA-T2480A, SLA-T2480VA, SLA-T1080FA, SLA-T2880BA, SLA-T4680DA, SLA-T4680DSA","124.45","CAD","Access","active"
"STB-1520VW","Box camera swivel adapter, converting 1.5”NPT to ¼-20 UNC, Compatible with TNM-3620TDY (body temperature detection camera), SPI-35B (Blackbody), All other box cameras; white color","170.3","CAD","Cameras","active"
"STB-5075W","Floor stand with adjustable height; compatible with all box cameras, temperature detecting camera [TNM-3620TDY] , blackbody [SPI-35B] , and all other box cameras, extend between 50 inch to 75 inch;  white color","589.5","CAD","Cameras","active"
"STB-4150V","Wall/Ceiling Mount Accessory for Box cameras","37.99","CAD","Recorder accessories","active"
"SBP-300B","Wall Mount Base, Works with Mounts (SBP-300WM/300WM1), Ivory","116.59","CAD","Recorder accessories","active"
"SBV-120GW","Back Box with knockouts, Compatible with QNV-6012R/6022R/6032R,QNV-8010R/8020R/8030R","64.19","CAD","Access","active"
"SBO-090GP","Gang plate (for bullet) Adaptor plate for Single, Double, 4"" Octagon Compatible with QNO-C8083R / QNO-C9083R / ANO-L6012R / ANO-L6022R / ANO-L6082R / ANO-L7012R / ANO-L7022R / ANO-L7082R","26.2","CAD","Cameras","active"
"SBO-140WW","Waterproof Back box for bullet cameras. Compatible with: QNO-C8083R/C9083R, ANO-L6012R/22R/82R, ANO-L7012R/22R/82R","99.56","CAD","Cameras","active"
"SBO-140BW","Back box for bullet cameras. Compatible with: QNO-C8083R/C9083R, ANO-L6012R/22R/82R, ANO-L7012R/22R/82R","64.19","CAD","Cameras","active"
"SBO-100B1","IR Bullet camera Back box. (QNO-7030R/7020R/7010R, QNO-7080R, SCO-6083R, HCO-6080R/6070R/7010RA/7020RA/7030RA/7070RA, QNO-8010R/8020R/8030R, QNO-6012R/6022R/6032R/6082R)","64.19","CAD","Cameras","active"
"SBO-126B","IR bullet camera back box. (XNO-L6080R, QNO-8080R)","64.19","CAD","Cameras","active"
"SBP-060BA","Conduit Adapter compatible with PNM-C16013R, QNV-C8083R/C9083R, XNO-C6083R/C7083R/C8083R/C9083R","26.2","CAD","Access","active"
"SBO-147BA","Conduit Hole Adaptor for X-Core bullet cameras ","26.2","CAD","Cameras","active"
"SBO-147B","Water-Proof Back Box for QNO-6082R","98.25","CAD","Access","active"
"SBV-140WW","Waterproof Back box for dome cameras. Compatible with: QNV-C8083R/C9083R, QNV-C8011R/C8012/C9011R, QND-6011/6021, QND-8011/8021, QND-6012R/6022R/6082R, QND-7012R/7022R/7082R, QNE-8011R/8021R","99.56","CAD","Cameras","active"
"SBV-140BW","Back box for dome cameras. Compatible with: QNV-C8083R/C9083R, QNV-C8011R/C8012/C9011R, QND-6011/6021, QND-8011/8021, QND-6012R/6022R/6082R, QND-7012R/7022R/7082R, QNE-8011R/8021R","64.19","CAD","Cameras","active"
"SBV-160BW","White Back Box, Compatible with: XNF-9010RV/RVM, and all indoor X-Plus cameras (XND)","64.19","CAD","Cameras","active"
"SBV-158G","Vandal dome camera Back box. (PNV-9080R, XNV-6080/R, XNV-8080R, XNV-6120/R, XNV-6085, PNM-7000VD)","111.35","CAD","Cameras","active"
"SBV-136B","Back Box with knockouts and water proof design, Compatible with SCV-6083R/6023R, QNV-7080R, HCV-6070R/6080R, XNP-6040H","64.19","CAD","Access","active"
"SBV-136BW","Back box with knockouts (QNV-8080R,QNV-6082R), white color","64.19","CAD","Access","active"
"SBF-100B1","Fisheye camera Back box. (XNF-8010R/RV/RVM, PNF-9010R/RV/RVM)","64.19","CAD","Cameras","active"
"SBV-116B","Back box with knockouts, compatible with XNV-6011","64.19","CAD","Access","active"
"SBP-300NB","Installation Back box compatible with (SBP-300WM, SBP-300WM1, SBP-300KM, SBP-300PM)","393.0","CAD","Access","active"
"SBP-050NBW","Installation Cabinet compatible with 1. Camera Direct: QNV-C8083R/C9083R, XND-C6083RV/C7083RV/C8083RV/C9083RV, XNV-C6083R/C7083R/C8083R/C9083R, XND-6083RV/8083RV/9083RV, XNV-6083R/8083R/8093R/9083R 2. SBP-156WMW & SBP-250WMW 3. Misc.: SBV-140BW, SBO-140BW, SBO-090GP, SBD-110GP1, SBP-050PMW (Max Load 11lbs/5kg)","432.3","CAD","Cameras","active"
"SBP-050PMW","Pole Mount for SBP-050NBW included SBP-060S Steel Straps (Max Load  33lbs/15kg)","98.25","CAD","Recorder accessories","active"
"SBP-150NBW","Installation Cabinet compatible with 1. Camera Direct: QNV-C8083R/C9083R, XND-C6083RV/C7083RV/C8083RV/C9083RV, XNV-C6083R/C7083R/C8083R/C9083R, XND-6083RV/8083RV/9083RV, XNV-6083R/8083R/8093R/9083R 2. SBP-156WMW , SBP-250WMW, SBP-400WMW 3. Misc.: SBV-140BW, SBO-140BW, SBO-090GP, SBD-110GP1, SBP-150PMW (Max Load 33lbs/15kg)","812.2","CAD","Cameras","active"
"SBP-150PMW","Pole Mount for SBP-150NBW (Max Load 88lbs/40kg)","301.3","CAD","Recorder accessories","active"
"SBP-300NBW","Installation Back box compatible with (SBP-300WMW, SBP-300WMW1, SBP-300KMW, SBP-300PMW)","393.0","CAD","Access","active"
"SBP-300NM","PVM camera (TNB-6030) mounting hardware.","85.15","CAD","Recorder accessories","active"
"SBP-2CTW1","2'x2’ drop ceiling tile (or half of 2'x4’ ceiling tile) accessory with 1.5” NPT female thread, includes suspension wire, four turnbuckles, and anchors to suspend from wood or concrete structures, supports up to 50lb, scratch resistant fused epoxy white finish","196.5","CAD","Access","active"
"SBP-HCFW","1.5” coupler, female thread on both sides, White","19.65","CAD","Access","active"
"SBP-HCF","1.5” coupler, female thread on both sides, Ivory","19.65","CAD","Access","active"
"SBP-35PVMB","Telescopic PVM uni-strut mount, 3'-5.5’ drop length, VESA compatible 75x75mm, 100x100mm, Up to 25° of tilt and 360° continuous rotation, black","209.6","CAD","Recorder accessories","active"
"SBP-35PVMW","Telescopic PVM uni-strut mount, 3'-5.5’ drop length, VESA compatible 75x75mm, 100x100mm, Up to 25° of tilt and 360° continuous rotation, white","209.6","CAD","Recorder accessories","active"
"SBP-59PVMB","Telescopic PVM uni-strut mount, 5'-9’ drop length, VESA compatible 75x75mm, 100x100mm, Up to 25° of tilt and 360° continuous rotation, black","262.0","CAD","Recorder accessories","active"
"SBP-59PVMW","Telescopic PVM uni-strut mount, 5'-9’ drop length, VESA compatible 75x75mm, 100x100mm, Up to 25° of tilt and 360° continuous rotation, white","262.0","CAD","Recorder accessories","active"
"SBP-917PVMB1","Telescopic PVM uni-strut mount, 9.5'-17’ drop length, VESA compatible 75x75mm, 100x100mm, Up to 25° of tilt and 360° continuous rotation, black color. Three piece attachment for standard shipping","327.5","CAD","Recorder accessories","active"
"SBP-917PVMW1","Telescopic PVM uni-strut mount, 9.5'-17’ drop length, VESA compatible 75x75mm, 100x100mm, Up to 25° of tilt and 360° continuous rotation, white","393.0","CAD","Recorder accessories","active"
"STB-10PVMSC-B","Self-checkout monitor mount, accommodates one SMT-1030PV 10"" PVM, easy height adjustment, angle optimized for best view, all installation hardware and brackets included, Powder coated black color, VESA 75 x 75 mm, product weight 3lbs","229.25","CAD","Recorder accessories","active"
"STB-10PVMCWA-W","Horizontal gondola monitor mount, accommodates one SMT-1030PV 10"" PVM, easy height adjustment, angle optimized for best view, all installation hardware and brackets included, Powder coated white color, VESA 75 x 75 mm, product weight 3lbs","379.9","CAD","Recorder accessories","active"
"STB-10PVMGUX-W","Gondola upright monitor mount, accommodates one SMT-1030PV 10"" PVM, easy height adjustment, angle optimized for best view, all installation hardware and brackets included, Powder coated white color, VESA 75 x 75 mm, product weight 3lbs","406.1","CAD","Recorder accessories","active"
"SPI-50","IR emitter up to 200m (656 feet), 25˚ IR angle, 850nm wave length, 24VAC, IP67, -40°C ~ +60°C (-40°F ~ 140°F).  Compatible with the TNU-6320 & TNU-6321","2947.5","CAD","Access","active"
"SHD-46VDB","Flush Door Jamb Lens Housing for SLA-T4680V lens (not included) and XNB-6001 (not included), black color","196.5","CAD","Access","active"
"SHD-46VDE"," Flush Door Jamb Lens Housing for SLA-T4680V lens (not included) and XNB-6001 (not included), silver color","196.5","CAD","Access","active"
"SHP-3701H","PTZ Housing Accessory, IP66, IK10, Built-in Heater -58°F XNP-6320/6321, QNP-6230/6250/6320","719.19","CAD","Cameras","active"
"WWT-P-VESA","VESA mount + adapter box for WWT-P and WRT-P Micro form factor","170.3","CAD","Recorder accessories","active"
"WRR-P-HDDCRDL","HDD cradle for WRR-P and WRR-Q servers (1U and 2U chassis)","104.8","CAD","Access","active"
"SBP-302F","Ceiling tile support plate for the XND-6081FZ/8081FZ, XND-6081RF/8081RF, XND-9082RF/8082RF and SHD-3000F5","340.6","CAD","Access","active"
"SPP-C45W","RJ45 type converting cable (Plugin to Pigtail), compatible QNV-6012R(1)/6022R(1)/6072R(1)/6082R(1), QNV-7012R/7022R/7032R/7082R,QNV-8010R/20R/80R, QNV-C6083R/C8083R/C9083R Pack of 5 ","87.77","CAD","Access","active"
"SPP-C45WA","RJ45 type converting cable (Plugin to Pigtail), compatible with ANV-L6012R/L6082R, ANV-L7012R/L7082R Pack of 5","87.77","CAD","Access","active"
"SPP-C1900","HDMI Cable Pack of 3 compatible with QNV-C6083R","131.0","CAD","Access","active"
"SPP-C7200","Audio and Alarm cable compatible with QND-C8013R/C8023R Pack of 3","65.5","CAD","Audio and power accessories","active"
"SPP-C7400","Audio and Alarm cable for TNV-C7013RC, QNV-C8083R/9083R, XNV-C6083R/C7083R/C8083R/C9083R, XND-C6083RV/C7083RV/C8083RV/C9083RV, PNM-C32083RVQ/C16083RVQ (Pack of 3)","58.95","CAD","Audio and power accessories","active"
"SPP-E128G","MicroSD Industrial Memory Card, 128GB, Wide Temp (°C -40 - +85)","150.65","CAD","Access","active"
"SPP-E256G","MicroSD Industrial Memory Card, 256GB, Wide Temp (°C -40 - +85)","262.0","CAD","Access","active"
"SPP-E512G","MicroSD Industrial Memory Card, 512GB, Wide Temp (°C -40 - +85)","393.0","CAD","Access","active"
"SPP-E10T","MicroSD Industrial Memory Card, 1TB, Wide Temp (°C -40 - +85)","825.3","CAD","Access","active"
"SHB-9000H","TNB-9000 Box Camera Housing,  Body/Sun shield : Aluminum, Front & Rear cap : ABS. Wall Mount Arm Included. Operating Temperature: -50°C ~ +60°C(-58°F ~ +140°F) / 10-100% RH (condensing), Weight: 6.2kg(13.67 lb), Color: White, IP66. Input Voltage 110vac, Thermostat controlled Fan and heater - UL 62368-1 Certified ","3831.75","CAD","Recorder accessories","active"
"SHB-4301HP","Indoor/Outdoor PoE Housing w/Mounting Bracket Accessory, Heater/Blower, IP66","589.5","CAD","Recorder accessories","active"
"SHB-4300H1","Indoor/Outdoor Housing w/Mounting Bracket Accessory, Heater/Blower -58°F~122°F, 24VAC, IP66","457.19","CAD","Recorder accessories","active"
"SHB-4200","Indoor/Outdoor Housing w/Mounting Bracket Accessory, 14°F~122°F, IP66","117.9","CAD","Recorder accessories","active"
"SHB-4200H","Indoor/Outdoor Housing w/Mounting Bracket Accessory, Heater/Blower, -31°F~122°F, 24VAC, IP66","183.4","CAD","Recorder accessories","active"
"SHB-V-3200HPR","Outdoor enclosure with PoE+, IR and Wall mount for Box cameras. Compatible with most XNB and PNB Cameras. See complete camera compatibility list in the mount selection tool.","1441.0","CAD","Recorder accessories","active"
"SHB-V-WCPA","Conduit adapter plate for outdoor enclosure: SHB-V-3200HPR Enclosure.","104.8","CAD","Access","active"
"SHB-V-DBHWGC","Pole mount adapter, (Ø 8.2"", max 8.9"") for  outdoor enclosure: SHB-V-3200HPR.  Note: The SHB-V-WCPA is also needed for pole mount installation.","262.0","CAD","Recorder accessories","active"
"SBP-302CMW","Telescopic pendant mount Accessory, requires a mounting plate SBP-302CMAW or SBP-302CMBW (white color)","327.5","CAD","Recorder accessories","active"
"SBP-302CMAW","Mounting plate for the telescopic pendant mount SBP-302CMW (white color)","39.3","CAD","Recorder accessories","active"
"SBP-302CM-06W","Extension pendant pipe 6"" long, fit the SBP-302CMBW (Mounting backbox), SBP-302CMAW (mounting plate), SBP-302CMW (telescopic pendant mount) and the extension pipes SBP-302CMW-06 SBP-302CMW-12 and SBP-302CMW-36; white color","58.95","CAD","Recorder accessories","active"
"SBP-302CMBW","Back box made to fit SBP-302CMW telescopic pendant mount and the extension pipes (SBP-302-CMW-06, SBP-302CMW-12 and SBP-302CMW-36), White color","248.9","CAD","Recorder accessories","active"
"SBP-302CMSW","Swivel adapter for pendant mount for SBP-302CMW, SBP-302CMW-06, SBP-302CMW-12, SBP-302CMW-36 and it also requires one mounting option either SBP-302CMAW or SBP-302CMBW; White color","157.2","CAD","Recorder accessories","active"
"SBP-302CMASW","Telescopic pendant mount accessory with 90 degrees swivel joint, 4.5’ to 8’ adjustable, includes SBP-302CMAW for ceiling mount, White color","524.0","CAD","Recorder accessories","active"
"SMT-3240","32"" LED Monitor, UHD (3840*2160 60Hz),   HDMI, DP, 16:9 aspect ratio, Built-in Speaker (2W X 2), VESA DPM Compatible (100x100mm)","2462.8","CAD","Audio and power accessories","active"
"SMT-3221PV","32” (31.55"") AI Enabled IP public view monitor (AI PVM), 1080p (1920x1080 60Hz), 16:9 Aspect Ratio, HDMI In (x2), Ethernet, Built-in Speakers (2W x2), AI Object Classification and Analytics, Face Detection, Motion Activated LED and Audio Alarm, Customizable Text Overlay Messages, Custom Logo Image Support, Slide Show & Live Video, Hallway View Mode, Landscape and Portrait Display Modes, Built-In 2MP IP Camera, 3.06mm Fixed Lens (H:107.7°, V:59.0°), 120dB WDR, H.265/H.264/MJPEG, Micro SD/SDHC/SDXC, VESA Compatible (100x100mm / 200x100mm / 200x200mm), Black Cabinet, Dual Power (HPoE and DC 24V).  ***Power adapter is not included*** Optional Power Adapters: HPoE Power Injector (SPO-8315) or DC24V Power Adapter (SPU60240)","3078.5","CAD","Audio and power accessories","active"
"SMT-3231PV","32” (31.55"") AI Enabled IP public view monitor (AI PVM), PIP/PBP, 1080p (1920x1080 60Hz), 16:9 Aspect Ratio, HDMI In (x2), Ethernet, Built-in Speakers (2W x2), AI Object Classification and Analytics, Face Detection, Motion Activated LED and Audio Alarm, Customizable Text Overlay Messages, Custom Logo Image Support, Slide Show & Live Video, Hallway View Mode, Landscape and Portrait Display Modes, Built-In 2MP IP Camera, 3.06mm Fixed Lens (H:107.7°, V:59.0°), 120dB WDR, H.265/H.264/MJPEG, Micro SD/SDHC/SDXC, VESA Compatible (100x100mm / 200x100mm / 200x200mm), Black Cabinet, Dual Power (HPoE and DC 24V).  ***Power adapter is not included*** Optional Power Adapters: HPoE Power Injector (SPO-8315) or DC24V Power Adapter (SPU60240)","3864.5","CAD","Audio and power accessories","active"
"SMT-3211PVM-PIP","32"" IP public view monitor,1080p (1920x1080), HDMI, VGA, Ethernet, 16:9 aspect ratio, Built-in speaker (2x2 W), VESA mountable (100 x 100mm / 200 x 100mm), black casing, face detection display for visual deterrent, PIP, customizable text overlay with pre-configured ""recording in progress"" OSD,  2MP IP camera built-in, 4.6mm fixed lens(73.8°H), 150dB WDR, H.265/H.264/MJPEG, WiseStream II compression technology, micro SD/SDHC/SDXC, bi-directional audio, hallway view mode Power supply NOT included","5436.5","CAD","Power Supply","active"
"SMT-3211PVM","32"" IP public view monitor,1080p (1920x1080), HDMI, VGA, Ethernet, 16:9 aspect ratio, Built-in speaker (2x2 W), VESA mountable (100 x 100mm / 200 x 100mm), black casing, face detection display for visual deterrent, customizable text overlay with pre-configured ""recording in progress"" OSD,  2MP IP camera built-in, 4.6mm fixed lens(73.8°H), 150dB WDR, H.265/H.264/MJPEG, WiseStream II compression technology, micro SD/SDHC/SDXC, bi-directional audio, hallway view mode Power supply NOT included","4583.69","CAD","Power Supply","active"
"SMT-2721D","27"" FHD monitor with built-in 64ch IP video decoder, HDMI video out x1 (FHD), Clone and Expand modes, Supported camera resolution: Up to 4K, Maximum decoding performance: 2x8MP@30fps, 12x2MP@30fps, ONVIF, SUNAPI, RTSP, H.265/H.264/MJPEG codec, Up to 20 Layouts, Sequencing, Built-in Speakers (1W x2), Ethernet 10/100/1000Mbps, VESA DPMS Compatible (100x100mm/200x200mm/200x100mm), Black Metal Cabinet, Dual Redundant Power (HPoE 802.3bt, DC 24V), NDAA compliant. ***Monitor stand and power adapters are not included*** Optional Accessories: HPoE Power Injector (SPO-8315), DC24V Power Adapter (SPU-60241), Monitor Stand (SBM-4343)","2618.69","CAD","Audio and power accessories","active"
"SMT-2721PV","27"" AI Enabled IP public view monitor (AI PVM), 1080p (1920x1080 60Hz), 16:9 Aspect Ratio, HDMI In (x2), Ethernet, Built-in Speakers (2W x2), AI Object Classification and Analytics, Face Detection, Motion Activated LED and Audio Alarm, Customizable Text Overlay Messages, Custom Logo Image Support, Slide Show & Live Video, Hallway View Mode, Landscape and Portrait Display Modes, Built-In 2MP IP Camera, 3.06mm Fixed Lens (H:107.7°, V:59.0°), 120dB WDR, H.265/H.264/MJPEG, Micro SD/SDHC/SDXC, VESA Compatible (100x100mm / 200x100mm / 200x200mm), Black Cabinet, Dual Power (HPoE and DC 24V).  ***Power adapter is not included*** Optional Power Adapters: HPoE Power Injector (SPO-8315) or DC24V Power Adapter (SPU60240)","2423.5","CAD","Audio and power accessories","active"
"SMT-2731PV","27"" AI Enabled IP public view monitor (AI PVM), PIP/PBP, 1080p (1920x1080 60Hz), 16:9 Aspect Ratio, HDMI In (x2), Ethernet, Built-in Speakers (2W x2), AI Object Classification and Analytics, Face Detection, Motion Activated LED and Audio Alarm, Customizable Text Overlay Messages, Custom Logo Image Support, Slide Show & Live Video, Hallway View Mode, Landscape and Portrait Display Modes, Built-In 2MP IP Camera, 3.06mm Fixed Lens (H:107.7°, V:59.0°), 120dB WDR, H.265/H.264/MJPEG, Micro SD/SDHC/SDXC, VESA Compatible (100x100mm / 200x100mm / 200x200mm), Black Cabinet, Dual Power (HPoE and DC 24V).  ***Power adapter is not included*** Optional Power Adapters: HPoE Power Injector (SPO-8315) or DC24V Power Adapter (SPU60240)","3275.0","CAD","Audio and power accessories","active"
"SMT-2431","24"" LED Monitor, Full HD, 1080p (1920x1080), HDMI, VGA, 16:9 aspect ratio, VESA DPM Compatible (100x100mm)","1296.9","CAD","Cameras","active"
"SMT-2212","22"" LED Monitor, Full HD, 1080p (1920x1080), HDMI, VGA, 16:9 aspect ratio, VESA DPM Compatible (100x100mm)","589.5","CAD","Cameras","active"
"SMT-1031PV","10-inch (10.1"") AI Enabled IP Public View Monitor (AI PVM), Black Color, 1024x600 60Hz, Ethernet, Built-in Speakers (1W x2), AI Object Classification and Analytics, Face Detection, Motion Activated LED and Audio Alarm, Customizable Text Overlay Messages, Custom Logo Image Support, Slide Show & Live Video, Hallway View Mode, 2MP IP Built-In Camera, 3.06mm Fixed Lens (H:107.7°, V:59.0°), 120dB WDR, H.265/H.264/MJPEG, Micro SD/SDHC/SDXC, VESA mount (75 x 75mm),  PoE+ (802.3at) and DC 24V. ***Power adapter is not included*** Optional Power Adapter: DC24V Power Adapter (SPU60240)","1310.0","CAD","Audio and power accessories","active"
"SMT-1031PVW","10-inch (10.1"") AI Enabled IP Public View Monitor (AI PVM), White Color, 1024x600 60Hz, Ethernet, Built-in Speakers (1W x2), AI Object Classification and Analytics, Face Detection, Motion Activated LED and Audio Alarm, Customizable Text Overlay Messages, Custom Logo Image Support, Slide Show & Live Video, Hallway View Mode, 2MP IP Built-In Camera, 3.06mm Fixed Lens (H:107.7°, V:59.0°), 120dB WDR, H.265/H.264/MJPEG, Micro SD/SDHC/SDXC, VESA mount (75 x 75mm),  PoE+ (802.3at) and DC 24V. ***Power adapter is not included*** Optional Power Adapter: DC24V Power Adapter (SPU60240)","1310.0","CAD","Audio and power accessories","active"
"SMT-1030PV","10"" IP public view monitor,1080p (1920x1080), HDMI, VGA, Ethernet, 16:9 aspect ratio, Built-in speaker (2x2 W), VESA mountable (75 x 75mm), black casing, face detection display for visual deterrent, 2MP IP camera built-in, 4.6mm fixed lens(73.8°H), 150dB WDR, H.265/H.264/MJPEG, slide show & live video, power supply included (12VDC) or PoE+ powered","1310.0","CAD","Power Supply","active"
"SBM-4343","Single monitor desktop stand, compatible with SMT-4343, SMT-2721D monitor, black color, 100x100 VESA mountable","131.0","CAD","Recorder accessories","active"
"SPC-7000","Controller, IP system keyboard  with touch screen TFT LCD, Interchangeable 3D joystick & jog shuttle for left or right handed users, RS-485, DVR/NVR, Matrix & PTZ control, 1CH video input/output, SSM using USB interface only.","1703.0","CAD","Recordings","active"
"SPC-2010","Controller, 3D joystick, 2 line text LCD display, built-in jog shuttle, up to 255 PTZ/zoom cameras, RS-485, DVR, supports Multi-protocol","1176.38","CAD","Controllers","active"
"SPC-2001","Controller, USB 3D joystick","1290.35","CAD","Controllers","active"
"SPC-1010","Controller, PTZ joystick controller, 2 line text LCD display, up to 255 PTZ/zoom cameras, RS-485","653.69","CAD","Controllers","active"
"NetWay3012P","Altronix Netway3012P provides simultaneous 12VDC and PoE/PoE+ outputs for applications including PoE cameras and external microphones.","393.0","CAD","Audio and power accessories","active"
"SPO-8315","83W HPoE Injector, Fully compliant with IEEE802.3af/at/bt, PoE++, Built-in SFP slot, Compatible with XNP-9300RW / XNP-8300RW / XNP-6400RW, PNM-9085RQZ / PNM-9085RQZ1 / PNM-9084RQZ / PNM-9084RQZ1 / PNM-9322VQP / SMT-3221PV / SMT-3231PV / SMT-2721PV / SMT-2731PV / SMT-1031PV / SMT-1031PVW / SMT-2721D","556.75","CAD","Power Supply","active"
"SPO-6011","60W HPoE Injector, Fully compliant with IEEE802.3af/at/bt, PoE++, Built-in SFP slot, Compatible with XNP-9250R / XNP-8250R / XNP-6400R / TNB-9000","478.15","CAD","Power Supply","active"
"SPU-60241","60W, 24V DC Power Adapter Compatible with SMT-3221PV / SMT-3231PV / SMT-2721PV / SMT-2731PV / SMT-1031PV / SMT-1031PVW / SMT-2721D","131.0","CAD","Power Supply","active"
"AIA-C01BLK","One Camera License for Blocked Exit Detection Open Platform Application.  To be installed on Compatible P-Series Cameras (PNV-A9081R, PNO-A9081R​, PND-A9081RV, PND-A9081RF​, PND-A9081RVX, PNV-A9081RX​, PNB-A9001, PNV-A6081R​, PNO-A6081R, PND-A6081RV, PND-A6081RF​, ​PNB-A6001) This analytics requires WiseAI application to be installed.","131.0","CAD","Software and licensing","active"
"AIA-C01FAC","One Camera License for Factory and Safety Open Platform Application.  To be installed on Compatible P-Series Cameras (PNV-A9081R, PNO-A9081R​, PND-A9081RV, PND-A9081RF​, PND-A9081RVX, PNV-A9081RX​, PNB-A9001, PNV-A6081R​, PNO-A6081R, PND-A6081RV, PND-A6081RF​, ​PNB-A6001)","393.0","CAD","Software and licensing","active"
"AIA-C01RET","One Camera License for Retail & Business pack Open Platform Application.  To be installed on Compatible P-Series Cameras (PNV-A9081R, PNO-A9081R​, PND-A9081RV, PND-A9081RF​, PND-A9081RVX, PNV-A9081RX​, PNB-A9001, PNV-A6081R​, PNO-A6081R, PND-A6081RV, PND-A6081RF​, ​PNB-A6001)","262.0","CAD","Software and licensing","active"
"AIA-C01TRF","One Camera License for Intellgent Traffic Solution Open Platform Application.  To be installed on Compatible P-Series Cameras (PNV-A9081R, PNO-A9081R​, PND-A9081RV, PND-A9081RF​, PND-A9081RVX, PNV-A9081RX​, PNB-A9001, PNV-A6081R​, PNO-A6081R, PND-A6081RV, PND-A6081RF​, ​PNB-A6001)","655.0","CAD","Software and licensing","active"
"WRTC-EP5-1","5 Years EPIC WebRTC Media Server License for one camera connection including Audio","3275.0","CAD","Software and licensing","active"
"WRTC-EP3-1","3 Years EPIC WebRTC Media Server License for one camera connection including Audio","2096.0","CAD","Software and licensing","active"
"DIN-SSDA006/CO","This is an on site engineering service that will be provided by one of Hanwha Vision B2B security division trained personal for our STEP dealers to help configuring or training on product including cameras, recorders and software. This SKU is for one day, if multiple days are needed please reflect that by increasing the QTY of this SKU.","3930.0","CAD","Recordings","active"
"DIN-SSDA003/CO","This is a professional firmware customization service that will be provided by Hanwha Vision B2B security R&D Division to provide valuable functions on our network cameras and network recorders. This SKU is for one day engineering cost. For more details please contact us by emailing projectfwservice@hanwha.com","655.0","CAD","Recordings","active"
"CERT-VPC-VIR","A redemption code will be issued to allow 1 person to attend the Hanwha Vision Video Professional Certification Virtual course.  Code must be redeemed with registration on the Hanwha Vision Learning Center (https://learn.hanwhavision.com).  Each attendee must have their own account for redemption.  For more details, contact training@hanwha.com.","1048.0","CAD","Cameras","active"
"CERT-VPC-ILT","A redemption code will be issued to allow 1 person to attend the Hanwha Vision Video Professional Certification In-Person course.  Code must be redeemed with registration on the Hanwha Vision Learning Center (https://learn.hanwhavision.com).  Each attendee must have their own account for redemption.  For more details, contact training@hanwha.com.","2096.0","CAD","Cameras","active"
"DIN-SSDA008/CO","This is a remote engineering service that will be provided by a Hanwha Vision B2B security division trained personnel for our STEP dealers to help configure or train on product including cameras, recorders and software.  A reliable phone connection and internet connection (for a connection to the surveillance system via a remote desktop software) is required to be provided by the STEP partner.  This SKU is for one day.  If multiple days are needed please reflect that by increasing the QTY of the SKU","2620.0","CAD","Recordings","active"
