"sku","description","price","currency","family","status"
"WV-X15300-V3L","2MP OUTDOOR VANDAL RESISTANT BULLET CAMERA WITH AI ENGINE (UP TO 9 APPS), H.265/H.264/MJPEG, 2.9-9MM 3.1X MOTORIZED ZOOM LENS, IR LED, IP66, IP67, IK10, FIPS 140-2 LEVEL 3 COMPLIANT","1200.45","CAD","Cameras","active"
"WV-X15301-Z1L","2MP AI OUTDOOR IR BULLET CAMERA (10X ZOOM),4.7 TO 47MM,F1.6 MOTORIZED,10X,IR,H.265/H.264/JPEG,9 AI SLOTS,IK10,IP66/IP67/NEMA 4X,FIPS 140-2 LEVEL3 COMPLIANT,WHITE(I-PRO)","1525.05","CAD","Cameras","active"
"WV-X15302-Z1L","2MP AI OUTDOOR IR BULLET LPR CAMERA (10X ZOOM),4.7 TO 47MM,F1.6 MOTORIZED,10X,IR,H.265/H.264/JPEG,9 AI SLOTS,IK10,IP66/IP67/NEMA 4X,FIPS 140-2 LEVEL3 COMPLIANT,WHITE(I-PRO)","1605.66","CAD","Cameras","active"
"WV-X15500-V3L","5MP OUTDOOR VANDAL RESISTANT BULLET CAMERA WITH AI ENGINE (UP TO 9 APPS), H.265/H.264/MJPEG, 2.9-9MM 3.1X MOTORIZED ZOOM LENS, IR LED, IP66, IP67, IK10, FIPS 140-2 LEVEL 3 COMPLIANT, CLEARSIGHT DOME","1365.28","CAD","Cameras","active"
"WV-X15501-Z1L","5MP AI OUTDOOR IR BULLET CAMERA (10X ZOOM),4.7 TO 47MM,F1.6 MOTORIZED,10X,IR,H.265/H.264/JPEG,9 AI SLOTS,IK10,IP66/IP67/NEMA 4X,FIPS 140-2 LEVEL3 COMPLIANT,WHITE(I-PRO)","1688.09","CAD","Cameras","active"
"WV-X15501-Z3L","5MP AI OUTDOOR IR BULLET CAMERA (30X ZOOM),4.5 TO 135MM,F1.8 MOTORIZED,30X,IR,H.265/H.264/JPEG,9 AI SLOTS,IK10,IP66/IP67/NEMA 4X,FIPS 140-2 LEVEL3 COMPLIANT,WHITE(I-PRO)","2093.33","CAD","Cameras","active"
"WV-X15502-Z1L","5MP AI OUTDOOR IR BULLET LPR CAMERA (10X ZOOM),4.7 TO 47MM,F1.6 MOTORIZED,10X,IR,H.265/H.264/JPEG,9 AI SLOTS,IK10,IP66/IP67/NEMA 4X,FIPS 140-2 LEVEL3 COMPLIANT,WHITE(I-PRO)","1854.12","CAD","Cameras","active"
"WV-X15600-V2L","6MP OUTDOOR VANDAL RESISTANT BULLET CAMERA WITH AI ENGINE (UP TO 9 APPS), H.265/H.264/MJPEG, 4.3-8.6MM 2.0X MOTORIZED ZOOM LENS, IR LED, IP66, IP67, IK10, FIPS 140-2 LEVEL 3 COMPLIANT","1537.78","CAD","Cameras","active"
"WV-X15700-V2L","4K OUTDOOR VANDAL RESISTANT BULLET CAMERA WITH AI ENGINE (UP TO 9 APPS), H.265/H.264/MJPEG, 4.3-8.6MM 2.0X MOTORIZED ZOOM LENS, IR LED, IP66, IP67, IK10, FIPS 140-2 LEVEL 3 COMPLIANT","1712.07","CAD","Cameras","active"
"WV-X15701-Z3L","4K AI OUTDOOR IR BULLET CAMERA (30X ZOOM),4.5 TO 135MM,F1.8 MOTORIZED,30X,IR,H.265/H.264/JPEG,9 AI SLOTS,IK10,IP66/IP67/NEMA 4X,FIPS 140-2 LEVEL3 COMPLIANT,WHITE(I-PRO)","2359.48","CAD","Cameras","active"
"WV-X22300-V3L","2MP INDOOR VANDAL DOME CAMERA WITH AI ENGINE (UP TO 9 APPS), H.265/H.264/MJPEG, 2.9-9.0MM 3.1X MOTORIZED ZOOM LENS, IR LED, IK10, FIPS 140-2 LEVEL 3 COMPLIANT","984.02","CAD","Cameras","active"
"WV-X22500-V3L","5MP INDOOR VANDAL RESISTANT DOME CAMERA WITH AI ENGINE (UP TO 9 APPS), H.265/H.264/MJPEG, 2.9-9MM 3.1X MOTORIZED ZOOM LENS, IR LED, IP66, IK10, FIPS 140-2 LEVEL 3 COMPLIANT","1156.51","CAD","Cameras","active"
"WV-X22600-V2L","6MP INDOOR VANDAL RESISTANT DOME CAMERA WITH AI ENGINE (UP TO 9 APPS), H.265/H.264/MJPEG, 4.3-8.6MM 2.0X MOTORIZED ZOOM LENS, IR LED, IP66, IK10, FIPS 140-2 LEVEL 3 COMPLIANT","1330.8","CAD","Cameras","active"
"WV-X22700-V2L","4K INDOOR VANDAL RESISTANT DOME CAMERA WITH AI ENGINE (UP TO 9 APPS), H.265/H.264/MJPEG, 4.3-8.6MM 2.0X MOTORIZED ZOOM LENS, IR LED, IP66, IK10, FIPS 140-2 LEVEL 3 COMPLIANT","1503.27","CAD","Cameras","active"
"WV-X25300-V3LN","1080P OUTDOOR VANDAL RESISTANT DOME CAMERA WITH AI ENGINE (UP TO 9 APPS), H.265/H.264/MJPEG, 2.9-9MM 3.1X MOTORIZED ZOOM LENS, IR LED, IP66, IP67, IK10, CLEARSIGHT DOME, FIPS 140-2 LEVEL 3 COMPLIANT","1120.2","CAD","Cameras","active"
"WV-X25500-V3LN","5MP OUTDOOR VANDAL RESISTANT DOME CAMERA WITH AI ENGINE (UP TO 9 APPS), H.265/H.264/MJPEG, 2.9-9MM 3.1X MOTORIZED ZOOM LENS, IR LED, IP66, IP67, IK10, FIPS 140-2 LEVEL 3 COMPLIANT, CLEARSIGHT DOME","1294.49","CAD","Cameras","active"
"WV-X25580-F2LN2","5MP VANDAL RESISTANT CORNER CAMERA WITH AI ENGINE (UP TO 3 APPS), H.265/H.264/MJPEG, 2.3MM FIXED LENS, IR LED, IP66, IP67, IK11, ANTI-LIGATURE, BUILT-IN MICROPHONE, FIPS 140-2 LEVEL 3 COMPLIANT, CLEARSIGHT DOME","1360.34","CAD","Audio and power accessories","active"
"WV-X25600-V2LN","5MP OUTDOOR VANDAL RESISTANT DOME CAMERA WITH AI ENGINE (UP TO 9 APPS), H.265/H.264/MJPEG, 2.9-9MM 3.1X MOTORIZED ZOOM LENS, IR LED, IP66, IP67, IK10, FIPS 140-2 LEVEL 3 COMPLIANT, CLEARSIGHT DOME","1468.79","CAD","Cameras","active"
"WV-X25700-V2LN","4K OUTDOOR VANDAL RESISTANT DOME CAMERA WITH AI ENGINE (UP TO 9 APPS), H.265/H.264/MJPEG, 4.3-8.6MM 2.0X MOTORIZED ZOOM LENS, IR LED, IP66, IP67, IK10, FIPS 140-2 LEVEL 3 COMPLIANT, CLEARSIGHT DOME","1641.24","CAD","Cameras","active"
"WV-X35302-F2L","2MP OUTDOOR VANDAL DOME CAMERA WITH AI ENGINE FOR TRANSIT, H.265/H.264/MJPEG, 2.4MM FIXED LENS, IR LED, BUILT-IN MICROPHONE, IP66, IK10, RJ45 CONNECTOR, FIPS 140-2 LEVEL 3 COMPLIANT, VIDEO INSIGHT 7.9.X OR HIGHER, WHITE COLOR","753.46","CAD","Audio and power accessories","active"
"WV-X35302-F2LM","2MP OUTDOOR VANDAL DOME CAMERA WITH AI ENGINE FOR TRANSIT, H.265/H.264/MJPEG, 2.4MM FIXED LENS, IR LED, BUILT-IN MICROPHONE, IP66, IK10, M12 CONNECTOR, FIPS 140-2 LEVEL 3 COMPLIANT, VIDEO INSIGHT 7.9.X OR HIGHER, WHITE COLOR","753.46","CAD","Audio and power accessories","active"
"WV-X35402-F2L","4MP OUTDOOR VANDAL DOME CAMERA WITH AI ENGINE FOR TRANSIT, H.265/H.264/MJPEG, 2.4MM FIXED LENS, IR LED, BUILT-IN MICROPHONE, IP66, IK10, RJ45 CONNECTOR, FIPS 140-2 LEVEL 3 COMPLIANT, WHITE COLOR","875.09","CAD","Audio and power accessories","active"
"WV-X35402-F2LM","4MP OUTDOOR VANDAL DOME CAMERA WITH AI ENGINE FOR TRANSIT, H.265/H.264/MJPEG, 2.4MM FIXED LENS, IR LED, BUILT-IN MICROPHONE, IP66, IK10, M12 CONNECTOR, FIPS 140-2 LEVEL 3 COMPLIANT, WHITE COLOR","875.09","CAD","Audio and power accessories","active"
"WV-X6533LN","Full HD / 1920 x 1080, H.265, Intelligent Zoom Stabilization SMART Coding Outdoor PTZ, 40x optical zoom, Auto (iA), D/N with ICR, IP66, 350m Built-in IR.","2911.85","CAD","Cameras","active"
"WV-X66300-Z3LS","2MP OUTDOOR PTZ WITH AI ENGINE. 4.25-136MM 32X OPTICAL ZOOM LENS, ENDLESS PAN. H.265/H.264/MJPEG. 60FPS. STABILIZER. AUTO TRACKING. IRLED, SALT RESISTANCE, IP66, IK10, FIPS 140-2 LEVEL 3 COMPLIANT. VIDEO INSIGHT 7.9.X OR HIGHER","4114.36","CAD","Recorder accessories","active"
"WV-X66300-Z3S","2MP OUTDOOR PTZ WITH AI ENGINE. 4.25-136MM 32X OPTICAL ZOOM LENS, ENDLESS PAN. H.265/H.264/MJPEG. 60FPS. STABILIZER. AUTO TRACKING. SALT RESISTANCE, IP66, IK10, FIPS 140-2 LEVEL 3 COMPLIANT. VIDEO INSIGHT 7.9.X OR HIGHER","3820.96","CAD","Recorder accessories","active"
"WV-X66300-Z4LS","2MP OUTDOOR PTZ WITH AI ENGINE. 4.25-170MM 40X OPTICAL ZOOM LENS, ENDLESS PAN. H.265/H.264/MJPEG. 60FPS. STABILIZER. AUTO TRACKING. IRLED, SALT RESISTANCE, IP66, IK10, FIPS 140-2 LEVEL 3 COMPLIANT. VIDEO INSIGHT 7.9.X OR HIGHER","4409.2","CAD","Recorder accessories","active"
"WV-X66300-Z4S","2MP OUTDOOR PTZ WITH AI ENGINE. 4.25-170MM 40X OPTICAL ZOOM LENS, ENDLESS PAN. H.265/H.264/MJPEG. 60FPS. STABILIZER. AUTO TRACKING. SALT RESISTANCE, IP66, IK10, FIPS 140-2 LEVEL 3 COMPLIANT. VIDEO INSIGHT 7.9.X OR HIGHER","4114.36","CAD","Recorder accessories","active"
"WV-X66600-Z3LS","6MP OUTDOOR PTZ WITH AI ENGINE. 4.5-135MM 30X OPTICAL ZOOM LENS, ENDLESS PAN. H.265/H.264/MJPEG. 60FPS. STABILIZER. AUTO TRACKING. IRLED, SALT RESISTANCE, IP66, IK10, FIPS 140-2 LEVEL 3 COMPLIANT. VIDEO INSIGHT 7.9.X OR HIGHER","5293.38","CAD","Recorder accessories","active"
"WV-X66600-Z3S","6MP OUTDOOR PTZ WITH AI ENGINE. 4.5-135MM 30X OPTICAL ZOOM LENS, ENDLESS PAN. H.265/H.264/MJPEG. 60FPS. STABILIZER. AUTO TRACKING. SALT RESISTANCE, IP66, IK10, FIPS 140-2 LEVEL 3 COMPLIANT. VIDEO INSIGHT 7.9.X OR HIGHER","4999.99","CAD","Recorder accessories","active"
"WV-X66700-Z3LS","8MP OUTDOOR PTZ WITH AI ENGINE. 4.5-135MM 30X OPTICAL ZOOM LENS, ENDLESS PAN. H.265/H.264/MJPEG. 60FPS. STABILIZER. AUTO TRACKING. IRLED, SALT RESISTANCE, IP66, IK10, FIPS 140-2 LEVEL 3 COMPLIANT. VIDEO INSIGHT 7.9.X OR HIGHER","5737.81","CAD","Recorder accessories","active"
"WV-X66700-Z3S","8MP OUTDOOR PTZ WITH AI ENGINE. 4.5-135MM 30X OPTICAL ZOOM LENS, ENDLESS PAN. H.265/H.264/MJPEG. 60FPS. STABILIZER. AUTO TRACKING. SALT RESISTANCE, IP66, IK10, FIPS 140-2 LEVEL 3 COMPLIANT. VIDEO INSIGHT 7.9.X OR HIGHER","5441.53","CAD","Recorder accessories","active"
"WV-X67310-Z4-1","2MP AERO PTZ WITH AI ENGINE, H.265/H.264/MJPEG, 4.25-170MM 40X MOTORIZED ZOOM LENS, IP68/IP66, IK10, ANTI SALT RESISTANT, FIPS 140-2 LEVEL 3 COMPLIANT, BLACK","7990.27","CAD","Cameras","active"
"WV-X67310-Z4-3","2MP AERO PTZ WITH AI ENGINE, H.265/H.264/MJPEG, 4.25-170MM 40X MOTORIZED ZOOM LENS, IP68/IP66, IK10, ANTI SALT RESISTANT, FIPS 140-2 LEVEL 3 COMPLIANT, GREY","7990.27","CAD","Cameras","active"
"WV-X67310-Z4L1","2MP AERO PTZ WITH AI ENGINE, IR LED, H.265/H.264/MJPEG, 4.25-170MM 40X MOTORIZED ZOOM LENS, IP68/IP66, IK10, ANTI SALT RESISTANT, FIPS 140-2 LEVEL 3 COMPLIANT, BLACK","9400.32","CAD","Cameras","active"
"WV-X67310-Z4L3","2MP AERO PTZ WITH AI ENGINE, IR LED, H.265/H.264/MJPEG, 4.25-170MM 40X MOTORIZED ZOOM LENS, IP68/IP66, IK10, ANTI SALT RESISTANT, FIPS 140-2 LEVEL 3 COMPLIANT, GREY","9400.32","CAD","Cameras","active"
"WV-X67311-Z4L3","2MP AERO PTZ WITH AI ENGINE, WHITE LED, H.265/H.264/MJPEG, 4.25-170MM 40X MOTORIZED ZOOM LENS, IP68/IP66, IK10, ANTI SALT RESISTANT, FIPS 140-2 LEVEL 3 COMPLIANT, GREY","9400.32","CAD","Cameras","active"
"WV-X67710-Z3-1","4K AERO PTZ WITH AI ENGINE, H.265/H.264/MJPEG, 4.5-135MM 30X MOTORIZED ZOOM LENS, IP68/IP66, IK10, ANTI SALT RESISTANT, FIPS 140-2 LEVEL 3 COMPLIANT, BLACK","9987.84","CAD","Cameras","active"
"WV-X67710-Z3-3","4K AERO PTZ WITH AI ENGINE, H.265/H.264/MJPEG, 4.5-135MM 30X MOTORIZED ZOOM LENS, IP68/IP66, IK10, ANTI SALT RESISTANT, FIPS 140-2 LEVEL 3 COMPLIANT, GREY","9987.84","CAD","Cameras","active"
"WV-X67710-Z3L1","4K AERO PTZ WITH AI ENGINE, IR LED, H.265/H.264/MJPEG, 4.5-135MM 30X MOTORIZED ZOOM LENS, IP68/IP66, IK10, ANTI SALT RESISTANT, FIPS 140-2 LEVEL 3 COMPLIANT, BLACK","11397.89","CAD","Cameras","active"
"WV-X67710-Z3L3","4K AERO PTZ WITH AI ENGINE, IR LED, H.265/H.264/MJPEG, 4.5-135MM 30X MOTORIZED ZOOM LENS, IP68/IP66, IK10, ANTI SALT RESISTANT, FIPS 140-2 LEVEL 3 COMPLIANT, GREY","11397.89","CAD","Cameras","active"
"WV-X67711-Z3L3","4K AERO PTZ WITH AI ENGINE, WHITE LED, H.265/H.264/MJPEG, 4.5-135MM 30X MOTORIZED ZOOM LENS, IP68/IP66, IK10, ANTI SALT RESISTANT, FIPS 140-2 LEVEL 3 COMPLIANT, GREY","11397.89","CAD","Cameras","active"
"WV-X86530-Z2","3X 5MP MULTI-SENSOR + 2MP(1080p) OUTDOOR PTZ WITH AI ENGINE. MULTISENSOR PART : H.265/H.264/MJPEG. 3.1MM FIXED LENS. 3072 X 2304 AND 3072 X 1728 PIXEL UP TO 15FPS, TILT ADJUTABLE. PTZ PART: H.265/H.264/MJPEG. 4.0-84.6MM 21X OPTICAL ZOOM LENS, ENDLESS PAN. 60FPS. STABILIZER. AUTO TRACKING. IP66, IP67, IK10, FIPS 140-2 LEVEL 3 COMPLIANT. VIDEO INSIGHT 7.9.X OR HIGHER, WHITE COLOR","4075.14","CAD","Recorder accessories","active"
"WV-X86530-Z2-1","3X 5MP MULTI-SENSOR + 2MP(1080p) OUTDOOR PTZ WITH AI ENGINE. MULTISENSOR PART : H.265/H.264/MJPEG. 3.1MM FIXED LENS. 3072 X 2304 AND 3072 X 1728 PIXEL UP TO 15FPS, TILT ADJUTABLE. PTZ PART: H.265/H.264/MJPEG. 4.0-84.6MM 21X OPTICAL ZOOM LENS, ENDLESS PAN. 60FPS. STABILIZER. AUTO TRACKING. IP66, IP67, IK10, FIPS 140-2 LEVEL 3 COMPLIANT. VIDEO INSIGHT 7.9.X OR HIGHER, BLACK COLOR","4075.14","CAD","Recorder accessories","active"
"WV-X86531-Z2","4X 5MP MULTI-SENSOR + 2MP(1080p) OUTDOOR PTZ WITH AI ENGINE. MULTISENSOR PART : H.265/H.264/MJPEG. 3.1MM FIXED LENS. 3072 X 2304 AND 3072 X 1728 PIXEL UP TO 15FPS, TILT ADJUTABLE. PTZ PART: H.265/H.264/MJPEG. 4.0-84.6MM 21X OPTICAL ZOOM LENS, ENDLESS PAN. 60FPS. STABILIZER. AUTO TRACKING. IP66, IP67, IK10, FIPS 140-2 LEVEL 3 COMPLIANT. VIDEO INSIGHT 7.9.X OR HIGHER, WHITE COLOR","4335.15","CAD","Recorder accessories","active"
"WV-X86531-Z2-1","4X 5MP MULTI-SENSOR + 2MP(1080p) OUTDOOR PTZ WITH AI ENGINE. MULTISENSOR PART : H.265/H.264/MJPEG. 3.1MM FIXED LENS. 3072 X 2304 AND 3072 X 1728 PIXEL UP TO 15FPS, TILT ADJUTABLE. PTZ PART: H.265/H.264/MJPEG. 4.0-84.6MM 21X OPTICAL ZOOM LENS, ENDLESS PAN. 60FPS. STABILIZER. AUTO TRACKING. IP66, IP67, IK10, FIPS 140-2 LEVEL 3 COMPLIANT. VIDEO INSIGHT 7.9.X OR HIGHER, BLACK COLOR","4335.15","CAD","Recorder accessories","active"
"WV-S1136A","1080P INDOOR BOX CAMERA WITH AI ENGINE, H.265/H.264/MJPEG, LENS NOT INCLUDED, FIPS 140-2 LEVEL 3 COMPLIANT, VIDEO INSIGHT 7.9.X OR HIGHER","408.65","CAD","Cameras","active"
"WV-S15301-Z1L","2MP AI OUTDOOR IR BULLET CAMERA (10X ZOOM),4.7 TO 47MM,F1.6 MOTORIZED,10X,IR,H.265/H.264/JPEG,3 AI SLOTS,IK10,IP66/IP67/NEMA 4X,FIPS 140-2 LEVEL3 COMPLIANT,WHITE(I-PRO)","1200.09","CAD","Cameras","active"
"WV-S1536LA","1080P OUTDOOR VANDAL RESISTANT BOX CAMERA WITH AI ENGINE, H.265/H.264/MJPEG, 2.9-9MM 3.1X MOTORIZED ZOOM LENS, IR LED, IP66, IK10, FIPS 140-2 LEVEL 3 COMPLIANT, VIDEO INSIGHT 7.9.X OR HIGHER","623.46","CAD","Cameras","active"
"WV-S1536LA-B","1080P OUTDOOR VANDAL RESISTANT BOX CAMERA WITH AI ENGINE, H.265/H.264/MJPEG, 2.9-9MM 3.1X MOTORIZED ZOOM LENS, IR LED, IP66, IK10, FIPS 140-2 LEVEL 3 COMPLIANT, VIDEO INSIGHT 7.9.X OR HIGHER, BLACK COLOR, MADE-TO-ORDER MODEL","623.46","CAD","Cameras","active"
"WV-S1536LNA","1080P OUTDOOR VANDAL RESISTANT BOX CAMERA WITH AI ENGINE, H.265/H.264/MJPEG, 2.9-9MM 3.1X MOTORIZED ZOOM LENS, IR LED, IP66, IK10, FIPS 140-2 LEVEL 3 COMPLIANT, CLEARSIGHT COATING","877.28","CAD","Cameras","active"
"WV-S1536LNSA","2MP OUTDOOR BULLET CAMERA (3.1X ZOOM), 2.9 TO 9MM, F1.3 MOTORIZED, SALT RESISTANCE","1917.56","CAD","Cameras","active"
"WV-S1536LTA","1080P OUTDOOR VANDAL RESISTANT BOX CAMERA WITH AI ENGINE, H.265/H.264/MJPEG, 9-21MM 2.3X MOTORIZED ZOOM LENS, IR LED, IP66, IK10, FIPS 140-2 LEVEL 3 COMPLIANT, VIDEO INSIGHT 7.9.X OR HIGHER","696.25","CAD","Cameras","active"
"WV-S15500-F3L","5MP OUTDOOR VANDAL RESISTANT BULLET CAMERA WITH AI ENGINE, H.265/H.264/MJPEG, 3.2MM FIXED LENS, IR LED, IP66, IK10, FIPS 140-2 LEVEL 3 COMPLIANT, CLEARSIGHT COATING, VIDEO INSIGHT 7.9.3 OR HIGHER","714.28","CAD","Cameras","active"
"WV-S15500-F6L","5MP OUTDOOR VANDAL RESISTANT BULLET CAMERA WITH AI ENGINE, H.265/H.264/MJPEG, 6.0MM FIXED LENS, IR LED, IP66, IK10, FIPS 140-2 LEVEL 3 COMPLIANT, CLEARSIGHT COATING, VIDEO INSIGHT 7.9.3 OR HIGHER","714.28","CAD","Cameras","active"
"WV-S15500-V3LN","5MP OUTDOOR VANDAL RESISTANT BULLET CAMERA WITH AI ENGINE, H.265/H.264/MJPEG, 2.9-9MM 3.1X MOTORIZED ZOOM LENS, IR LED, IP66, IK10, FIPS 140-2 LEVEL 3 COMPLIANT, CLEARSIGHT COATING, VIDEO INSIGHT 7.9.3 OR HIGHER","876.06","CAD","Cameras","active"
"WV-S15500-V3LN1","5MP OUTDOOR VANDAL RESISTANT BULLET CAMERA WITH AI ENGINE, BLACK, H.265/H.264/MJPEG, 2.9-9MM 3.1X MOTORIZED ZOOM LENS, IR LED, IP66, IK10, FIPS 140-2 LEVEL 3 COMPLIANT, CLEARSIGHT COATING, VIDEO INSIGHT 7.9.3 OR HIGHER","876.06","CAD","Cameras","active"
"WV-S15501-Z1L","5MP AI OUTDOOR IR BULLET CAMERA (10X ZOOM),4.7 TO 47MM,F1.6 MOTORIZED,10X,IR,H.265/H.264/JPEG,3 AI SLOTS,IK10,IP66/IP67/NEMA 4X,FIPS 140-2 LEVEL3 COMPLIANT,WHITE(I-PRO)","1364.92","CAD","Cameras","active"
"WV-S15501-Z3L","5MP AI OUTDOOR IR BULLET CAMERA (30X ZOOM),4.5 TO 135MM,F1.8 MOTORIZED,30X,IR,H.265/H.264/JPEG,3 AI SLOTS,IK10,IP66/IP67/NEMA 4X,FIPS 140-2 LEVEL3 COMPLIANT,WHITE(I-PRO)","1854.12","CAD","Cameras","active"
"WV-S15600-V2LN","6MP OUTDOOR VANDAL RESISTANT BULLET CAMERA WITH AI ENGINE, H.265/H.264/MJPEG, 4.3-8.6MM 2.0X MOTORIZED ZOOM LENS, IR LED, IP66, IK10, FIPS 140-2 LEVEL 3 COMPLIANT, CLEARSIGHT COATING, VIDEO INSIGHT 7.9.3 OR HIGHER","1100.89","CAD","Cameras","active"
"WV-S15700-V2LN","8MP 4K OUTDOOR VANDAL RESISTANT BULLET CAMERA WITH AI ENGINE, H.265/H.264/MJPEG, 4.3-8.6MM 2.0X MOTORIZED ZOOM LENS, IR LED, IP66, IK10, FIPS 140-2 LEVEL 3 COMPLIANT, CLEARSIGHT COATING, VIDEO INSIGHT 7.9.3 OR HIGHER","1196.8","CAD","Cameras","active"
"WV-S15701-Z3L","4K AI OUTDOOR IR BULLET CAMERA (30X ZOOM),4.5 TO 135MM,F1.8 MOTORIZED,30X,IR,H.265/H.264/JPEG,3 AI SLOTS,,IK10,IP66/IP67/NEMA 4X,FIPS 140-2 LEVEL3 COMPLIANT,WHITE(I-PRO)","2035.95","CAD","Cameras","active"
"WV-S2136LA","1080P INDOOR DOME CAMERA WITH AI ENGINE, H.265/H.264/MJPEG, 2.9-9.0MM 3.1X MOTORIZED ZOOM LENS, IR LED, FIPS 140-2 LEVEL 3 COMPLIANT, VIDEO INSIGHT 7.9.X OR HIGHER","451.43","CAD","Cameras","active"
"WV-S2136LA-B","1080P INDOOR DOME CAMERA WITH AI ENGINE, H.265/H.264/MJPEG, 2.9-9.0MM 3.1X MOTORIZED ZOOM LENS, IR LED, FIPS 140-2 LEVEL 3 COMPLIANT, VIDEO INSIGHT 7.9.X OR HIGHER, BLACK COLOR, MADE-TO-ORDER MODEL","451.43","CAD","Cameras","active"
"WV-S2136LGA","1080P INDOOR DOME CAMERA WITH AI ENGINE, H.265/H.264/MJPEG, 2.9-9.0MM 3.1X MOTORIZED ZOOM LENS, IR LED, SMOKE DOME, FIPS 140-2 LEVEL 3 COMPLIANT, VIDEO INSIGHT 7.9.X OR HIGHER, MADE TO ORDER MODEL","451.43","CAD","Cameras","active"
"WV-S2136LGA-B","1080P INDOOR DOME CAMERA WITH AI ENGINE, H.265/H.264/MJPEG, 2.9-9.0MM 3.1X MOTORIZED ZOOM LENS, IR LED, FIPS 140-2 LEVEL 3 COMPLIANT, VIDEO INSIGHT 7.9.X OR HIGHER, BLACK COLOR, SMOKE DOME, MADE-TO-ORDER MODEL","451.43","CAD","Cameras","active"
"WV-S2236LA","1080P INDOOR VANDAL DOME CAMERA WITH AI ENGINE, H.265/H.264/MJPEG, 2.9-9.0MM 3.1X MOTORIZED ZOOM LENS, IR LED, IK10, FIPS 140-2 LEVEL 3 COMPLIANT, VIDEO INSIGHT 7.9.X OR HIGHER","480.56","CAD","Cameras","active"
"WV-S2236LA-B","1080P INDOOR VANDAL DOME CAMERA WITH AI ENGINE, H.265/H.264/MJPEG, 2.9-9.0MM 3.1X MOTORIZED ZOOM LENS, IR LED, IK10, FIPS 140-2 LEVEL 3 COMPLIANT, VIDEO INSIGHT 7.9.X OR HIGHER, BLACK COLOR, MADE-TO-ORDER MODEL","480.56","CAD","Cameras","active"
"WV-S2236LGA","1080P INDOOR VANDAL DOME CAMERA WITH AI ENGINE, H.265/H.264/MJPEG, 2.9-9.0MM 3.1X MOTORIZED ZOOM LENS, IR LED, IK10, SMOKE DOME, FIPS 140-2 LEVEL 3 COMPLIANT, VIDEO INSIGHT 7.9.X OR HIGHER, MADE TO ORDER MODEL","480.56","CAD","Cameras","active"
"WV-S2236LGA-B","1080P INDOOR VANDAL DOME CAMERA WITH AI ENGINE, H.265/H.264/MJPEG, 2.9-9.0MM 3.1X MOTORIZED ZOOM LENS, IR LED, IK10, FIPS 140-2 LEVEL 3 COMPLIANT, VIDEO INSIGHT 7.9.X OR HIGHER, BLACK COLOR, SMOKE DOME, MADE-TO-ORDER MODEL","480.56","CAD","Cameras","active"
"WV-S22500-F3L","5MP INDOOR VANDAL RESISTANT DOME CAMERA WITH AI ENGINE, H.265/H.264/MJPEG, 3.2MM FIXED LENS, IR LED, IP66, IK10, FIPS 140-2 LEVEL 3 COMPLIANT, VIDEO INSIGHT 7.9.3 OR HIGHER","589.12","CAD","Cameras","active"
"WV-S22500-F6L","5MP INDOOR VANDAL RESISTANT DOME CAMERA WITH AI ENGINE, H.265/H.264/MJPEG, 6.0MM FIXED LENS, IR LED, IP66, IK10, FIPS 140-2 LEVEL 3 COMPLIANT, VIDEO INSIGHT 7.9.3 OR HIGHER","589.12","CAD","Cameras","active"
"WV-S22500-V3L","5MP INDOOR VANDAL RESISTANT DOME CAMERA WITH AI ENGINE, H.265/H.264/MJPEG, 2.9-9MM 3.1x ZOOM LENS, IR LED, IK10, FIPS 140-2 LEVEL 3 COMPLIANT, VIDEO INSIGHT 7.9.3 OR HIGHER","651.06","CAD","Cameras","active"
"WV-S22500-V3L1","5MP INDOOR VANDAL RESISTANT DOME CAMERA WITH AI ENGINE, H.265/H.264/MJPEG, 2.9-9MM 3.1x ZOOM LENS, IR LED, IK10, FIPS 140-2 LEVEL 3 COMPLIANT, VIDEO INSIGHT 7.9.3 OR HIGHER , BLACK","651.06","CAD","Cameras","active"
"WV-S22500-V3LG","5MP INDOOR VANDAL RESISTANT DOME CAMERA WITH AI ENGINE, H.265/H.264/MJPEG, 2.9-9MM 3.1x ZOOM LENS, IR LED, IK10, FIPS 140-2 LEVEL 3 COMPLIANT, VIDEO INSIGHT 7.9.3 OR HIGHER , SMOKED DOME","651.06","CAD","Cameras","active"
"WV-S22600-V2L","6MP INDOOR VANDAL RESISTANT DOME CAMERA WITH AI ENGINE, H.265/H.264/MJPEG, 4.3-8.6MM 2.0X MOTORIZED ZOOM LENS, IR LED, IP66, IK10, FIPS 140-2 LEVEL 3 COMPLIANT, VIDEO INSIGHT 7.9.3 OR HIGHER","912.15","CAD","Cameras","active"
"WV-S22600-V2LG","6MP INDOOR VANDAL RESISTANT DOME CAMERA WITH AI ENGINE, H.265/H.264/MJPEG, 4.3-8.6MM 2.0X MOTORIZED ZOOM LENS, IR LED, IP66, IK10, SMOKE DOME, FIPS 140-2 LEVEL 3 COMPLIANT, VIDEO INSIGHT 7.9.3 OR HIGHER","912.15","CAD","Cameras","active"
"WV-S22700-V2L","8MP 4K INDOOR VANDAL RESISTANT DOME CAMERA WITH AI ENGINE, H.265/H.264/MJPEG, 4.3-8.6MM 2.0X MOTORIZED ZOOM LENS, IR LED, IP66, IK10, FIPS 140-2 LEVEL 3 COMPLIANT, VIDEO INSIGHT 7.9.3 OR HIGHER","1024.46","CAD","Cameras","active"
"WV-S22700-V2L1","8MP 4K INDOOR VANDAL RESISTANT DOME CAMERA WITH AI ENGINE, H.265/H.264/MJPEG, 4.3-8.6MM 2.0X MOTORIZED ZOOM LENS, IR LED, IP66, IK10, FIPS 140-2 LEVEL 3 COMPLIANT, VIDEO INSIGHT 7.9.3 OR HIGHER , BLACK","1024.46","CAD","Cameras","active"
"WV-S22700-V2LG","8MP 4K INDOOR VANDAL RESISTANT DOME CAMERA WITH AI ENGINE, H.265/H.264/MJPEG, 4.3-8.6MM 2.0X MOTORIZED ZOOM LENS, IR LED, IP66, IK10, FIPS 140-2 LEVEL 3 COMPLIANT, VIDEO INSIGHT 7.9.3 OR HIGHER , SMOKED DOME","1024.46","CAD","Cameras","active"
"WV-S2536LGNA","1080P OUTDOOR VANDAL RESISTANT DOME CAMERA WITH AI ENGINE, H.265/H.264/MJPEG, 2.9-9MM 3.1X MOTORIZED ZOOM LENS, IR LED, IP66, IK10, SMOKE DOME, CLEARSIGHT DOME, FIPS 140-2 LEVEL 3 COMPLIANT, VIDEO INSIGHT 7.9.X OR HIGHER, MADE TO ORDER MODEL","588.86","CAD","Cameras","active"
"WV-S2536LNA","1080P OUTDOOR VANDAL RESISTANT DOME CAMERA WITH AI ENGINE, H.265/H.264/MJPEG, 2.9-9MM 3.1X MOTORIZED ZOOM LENS, IR LED, IP66, IK10, CLEARSIGHT DOME, FIPS 140-2 LEVEL 3 COMPLIANT, VIDEO INSIGHT 7.9.X OR HIGHER","588.86","CAD","Cameras","active"
"WV-S2536LTNA","1080P OUTDOOR VANDAL RESISTANT DOME CAMERA WITH AI ENGINE, H.265/H.264/MJPEG, 9-21MM 2.3X MOTORIZED ZOOM LENS, IR LED, IP66, IK10, CLEARSIGHT DOME, FIPS 140-2 LEVEL 3 COMPLIANT, VIDEO INSIGHT 7.9.X OR HIGHER","661.68","CAD","Cameras","active"
"WV-S25500-F3L","5MP OUTDOOR VANDAL RESISTANT DOME CAMERA WITH AI ENGINE, H.265/H.264/MJPEG, 3.2MM FIXED LENS, IR LED, IP66, IK10, FIPS 140-2 LEVEL 3 COMPLIANT, VIDEO INSIGHT 7.9.3 OR HIGHER","615.85","CAD","Cameras","active"
"WV-S25500-F6L","5MP OUTDOOR VANDAL RESISTANT DOME CAMERA WITH AI ENGINE, H.265/H.264/MJPEG, 6.0MM FIXED LENS, IR LED, IP66, IK10, FIPS 140-2 LEVEL 3 COMPLIANT, VIDEO INSIGHT 7.9.3 OR HIGHER","615.85","CAD","Cameras","active"
"WV-S25500-V3LG","5MP OUTDOOR VANDAL RESISTANT DOME CAMERA WITH AI ENGINE, H.265/H.264/MJPEG, 2.9-9MM 3.1x ZOOM LENS, IR LED, IP66, IK10, SMOKE DOME, FIPS 140-2 LEVEL 3 COMPLIANT, VIDEO INSIGHT 7.9.3 OR HIGHER","785.1","CAD","Cameras","active"
"WV-S25500-V3LN","5MP OUTDOOR VANDAL RESISTANT DOME CAMERA WITH AI ENGINE, H.265/H.264/MJPEG, 2.9-9MM 3.1x ZOOM LENS, IR LED, IP66, IK10, FIPS 140-2 LEVEL 3 COMPLIANT, VIDEO INSIGHT 7.9.3 OR HIGHER","785.1","CAD","Cameras","active"
"WV-S25500-V3LN1","5MP OUTDOOR VANDAL RESISTANT DOME CAMERA WITH AI ENGINE, H.265/H.264/MJPEG, 2.9-9MM 3.1x ZOOM LENS, IR LED, IP66, IK10, FIPS 140-2 LEVEL 3 COMPLIANT, VIDEO INSIGHT 7.9.3 OR HIGHER, BLACK","785.1","CAD","Cameras","active"
"WV-S25600-V2LG","6MP OUTDOOR VANDAL RESISTANT DOME CAMERA WITH AI ENGINE, H.265/H.264/MJPEG, 4.3-8.6MM 2.0X ZOOM LENS, IR LED, IP66, IK10, SMOKE DOME, FIPS 140-2 LEVEL 3 COMPLIANT, VIDEO INSIGHT 7.9.3 OR HIGHER","1037.95","CAD","Cameras","active"
"WV-S25600-V2LN","6MP OUTDOOR VANDAL RESISTANT DOME CAMERA WITH AI ENGINE, H.265/H.264/MJPEG, 4.3-8.6MM 2.0X ZOOM LENS, IR LED, IP66, IK10, FIPS 140-2 LEVEL 3 COMPLIANT, CLEARSIGHT COATING, VIDEO INSIGHT 7.9.3 OR HIGHER","1037.95","CAD","Cameras","active"
"WV-S25700-V2LG","8MP 4K OUTDOOR VANDAL RESISTANT DOME CAMERA WITH AI ENGINE, H.265/H.264/MJPEG, 4.3-8.6MM 2.0X ZOOM LENS, IR LED, IP66, IK10, SMOKE DOME, FIPS 140-2 LEVEL 3 COMPLIANT, VIDEO INSIGHT 7.9.3 OR HIGHER","1148.93","CAD","Cameras","active"
"WV-S25700-V2LN","8MP 4K OUTDOOR VANDAL RESISTANT DOME CAMERA WITH AI ENGINE, H.265/H.264/MJPEG, 4.3-8.6MM 2.0X ZOOM LENS, IR LED, IP66, IK10, FIPS 140-2 LEVEL 3 COMPLIANT, CLEARSIGHT COATING, VIDEO INSIGHT 7.9.3 OR HIGHER","1148.93","CAD","Cameras","active"
"WV-S25700-V2LN1","8MP 4K OUTDOOR VANDAL RESISTANT DOME CAMERA WITH AI ENGINE, H.265/H.264/MJPEG, 4.3-8.6MM 2.0X ZOOM LENS, IR LED, IP66, IK10, FIPS 140-2 LEVEL 3 COMPLIANT, CLEARSIGHT COATING, VIDEO INSIGHT 7.9.3 OR HIGHER, BLACK","1148.93","CAD","Cameras","active"
"WV-S32302-F2L","2MP INDOOR VANDAL DOME CAMERA WITH AI ENGINE, H.265/H.264/MJPEG, 2.4MM FIXED LENS, IR LED, BUILT-IN MICROPHONE, IP66, IK10, FIPS 140-2 LEVEL 3 COMPLIANT, VIDEO INSIGHT 7.9.X OR HIGHER, WHITE COLOR","434.28","CAD","Audio and power accessories","active"
"WV-S32302-F2L1","2MP INDOOR VANDAL DOME CAMERA WITH AI ENGINE, H.265/H.264/MJPEG, 2.4MM FIXED LENS, IR LED, BUILT-IN MICROPHONE, IP66, IK10, FIPS 140-2 LEVEL 3 COMPLIANT, VIDEO INSIGHT 7.9.X OR HIGHER, BLACK COLOR","434.28","CAD","Audio and power accessories","active"
"WV-S32302-F2LG","2MP INDOOR VANDAL DOME CAMERA WITH AI ENGINE, H.265/H.264/MJPEG, 2.4MM FIXED LENS, IR LED, BUILT-IN MICROPHONE, IP66, IK10, SMOKE DOME, FIPS 140-2 LEVEL 3 COMPLIANT, VIDEO INSIGHT 7.9.X OR HIGHER, WHITE COLOR","434.28","CAD","Audio and power accessories","active"
"WV-S32402-F2L","4MP INDOOR VANDAL DOME CAMERA WITH AI ENGINE, H.265/H.264/MJPEG, 2.4MM FIXED LENS, IR LED, BUILT-IN MICROPHONE, IP66, IK10, FIPS 140-2 LEVEL 3 COMPLIANT, WHITE COLOR","515.25","CAD","Audio and power accessories","active"
"WV-S32402-F2L1","4MP INDOOR VANDAL DOME CAMERA WITH AI ENGINE, H.265/H.264/MJPEG, 2.4MM FIXED LENS, IR LED, BUILT-IN MICROPHONE, IP66, IK10, FIPS 140-2 LEVEL 3 COMPLIANT, BLACK COLOR","515.25","CAD","Audio and power accessories","active"
"WV-S32402-F2LG","4MP INDOOR VANDAL DOME CAMERA WITH AI ENGINE, H.265/H.264/MJPEG, 2.4MM FIXED LENS, IR LED, BUILT-IN MICROPHONE, IP66, IK10, SMOKE DOME, FIPS 140-2 LEVEL 3 COMPLIANT, WHITE COLOR","515.25","CAD","Audio and power accessories","active"
"WV-S35302-F2L","2MP OUTDOOR VANDAL DOME CAMERA WITH AI ENGINE, H.265/H.264/MJPEG, 2.4MM FIXED LENS, IR LED, BUILT-IN MICROPHONE, IP66, IK10, FIPS 140-2 LEVEL 3 COMPLIANT, VIDEO INSIGHT 7.9.X OR HIGHER, WHITE COLOR","502.52","CAD","Audio and power accessories","active"
"WV-S35302-F2L1","2MP OUTDOOR VANDAL DOME CAMERA WITH AI ENGINE, H.265/H.264/MJPEG, 2.4MM FIXED LENS, IR LED, BUILT-IN MICROPHONE, IP66, IK10, FIPS 140-2 LEVEL 3 COMPLIANT, VIDEO INSIGHT 7.9.X OR HIGHER, BLACK COLOR","502.52","CAD","Audio and power accessories","active"
"WV-S35302-F2LG","2MP OUTDOOR VANDAL DOME CAMERA WITH AI ENGINE, H.265/H.264/MJPEG, 2.4MM FIXED LENS, IR LED, BUILT-IN MICROPHONE, IP66, IK10, SMOKE DOME, FIPS 140-2 LEVEL 3 COMPLIANT, VIDEO INSIGHT 7.9.X OR HIGHER, WHITE COLOR","502.52","CAD","Audio and power accessories","active"
"WV-S35402-F2L","4MP OUTDOOR VANDAL DOME CAMERA WITH AI ENGINE, H.265/H.264/MJPEG, 2.4MM FIXED LENS, IR LED, BUILT-IN MICROPHONE, IP66, IK10, FIPS 140-2 LEVEL 3 COMPLIANT,WHITE COLOR","583.53","CAD","Audio and power accessories","active"
"WV-S35402-F2L1","4MP OUTDOOR VANDAL DOME CAMERA WITH AI ENGINE, H.265/H.264/MJPEG, 2.4MM FIXED LENS, IR LED, BUILT-IN MICROPHONE, IP66, IK10, FIPS 140-2 LEVEL 3 COMPLIANT, BLACK COLOR","583.53","CAD","Audio and power accessories","active"
"WV-S35402-F2LG","4MP OUTDOOR VANDAL DOME CAMERA WITH AI ENGINE, H.265/H.264/MJPEG, 2.4MM FIXED LENS, IR LED, BUILT-IN MICROPHONE, IP66, IK10, SMOKE DOME, FIPS 140-2 LEVEL 3 COMPLIANT, WHITE COLOR","583.53","CAD","Audio and power accessories","active"
"WV-S4156A","5MP SENSOR INDOOR 360 DOME CAMERA WITH AI ENGINE, H.265/H.264/MJPEG, 0.84MM FISHEYE LENS, 2192X2192PIXEL UP TO 30FPS, AUDIO IN/OUT, BUILT-IN MIC, FIPS 140-2 LEVEL 3 COMPLIANT, VIDEO INSIGHT 7.9.X OR HIGHER","354.95","CAD","Audio and power accessories","active"
"WV-S4176A","12MP SENSOR INDOOR 360 DOME CAMERA WITH AI ENGINE, H.265/H.264/MJPEG, 1.4MM FISHEYE LENS, 2992X2992PIXEL UP TO 30FPS, AUDIO IN/OUT, BUILT-IN MIC, FIPS 140-2 LEVEL 3 COMPLIANT, VIDEO INSIGHT 7.9.X OR HIGHER","696.25","CAD","Audio and power accessories","active"
"WV-S4556LA","5MP SENSOR OUTDOOR VANDAL RESISTANT 360 DOME CAMERA WITH AI ENGINE, H.265/H.264/MJPEG, 0.84MM FISHEYE LENS, 2192X2192PIXEL UP TO 30FPS, IR LED, IP66, IK10, AUDIO IN/OUT, FIPS 140-2 LEVEL 3 COMPLIANT, VIDEO INSIGHT 7.9.X OR HIGHER","459.63","CAD","Audio and power accessories","active"
"WV-S4556LMA","5MP SENSOR OUTDOOR VANDAL RESISTANT 360 DOME CAMERA WITH AI ENGINE, H.265/H.264/MJPEG, 0.84MM FISHEYE LENS, 2192X2192PIXEL UP TO 30FPS, IR LED, IP66, IK10, AUDIO IN/OUT, M12 CONNECTOR, FIPS 140-2 LEVEL 3 COMPLIANT, VIDEO INSIGHT 7.9.X OR HIGHER","923.79","CAD","Audio and power accessories","active"
"WV-S4576LA","12MP SENSOR OUTDOOR VANDAL RESISTANT 360 DOME CAMERA WITH AI ENGINE, H.265/H.264/MJPEG, 1.4MM FISHEYE LENS, 2992X2992PIXEL UP TO 30FPS, IR LED, IP66, IK10, AUDIO IN/OUT, FIPS 140-2 LEVEL 3 COMPLIANT, VIDEO INSIGHT 7.9.X OR HIGHER","746.31","CAD","Audio and power accessories","active"
"WV-S4576LMA","12MP SENSOR OUTDOOR VANDAL RESISTANT 360 DOME CAMERA WITH AI ENGINE, H.265/H.264/MJPEG, 1.4MM FISHEYE LENS, 2992X2992PIXEL UP TO 30FPS, IR LED, IP66, IK10, AUDIO IN/OUT, M12 CONNECTOR, FIPS 140-2 LEVEL 3 COMPLIANT, , VIDEO INSIGHT 7.9.X OR HIGHER","1296.95","CAD","Audio and power accessories","active"
"WV-S61300-ZY","2MP(1080p) INDOOR PTZ WITH AI ENGINE. 2.9-9MM 3.1X OPTICAL ZOOM LENS. H.265/H.264/MJPEG. 60FPS. AUTO TRACKING. FIPS 140-2 LEVEL 3 COMPLIANT. VIDEO INSIGHT 7.9.3 OR HIGHER, WHITE COLOR","872.13","CAD","Recorder accessories","active"
"WV-S61300-ZYG","2MP(1080p) INDOOR PTZ WITH AI ENGINE. 2.9-9MM 3.1X OPTICAL ZOOM LENS. H.265/H.264/MJPEG. 60FPS. AUTO TRACKING. SMOKE DOME, FIPS 140-2 LEVEL 3 COMPLIANT. VIDEO INSIGHT 7.9.3 OR HIGHER, WHITE COLOR","872.13","CAD","Recorder accessories","active"
"WV-S61301-Z1","2MP(1080p) INDOOR PTZ WITH AI ENGINE. 4.7-47MM 10X OPTICAL ZOOM LENS. H.265/H.264/MJPEG. 60FPS. STABILIZER. AUTO TRACKING. SMOKE DOME, FIPS 140-2 LEVEL 3 COMPLIANT. VIDEO INSIGHT 7.9.3 OR HIGHER, WHITE COLOR","1116.46","CAD","Recorder accessories","active"
"WV-S61301-Z2","2MP(1080p) INDOOR PTZ WITH AI ENGINE. 4.0-84.6MM 21X OPTICAL ZOOM LENS. H.265/H.264/MJPEG. 60FPS. STABILIZER. AUTO TRACKING. FIPS 140-2 LEVEL 3 COMPLIANT. VIDEO INSIGHT 7.9.3 OR HIGHER, WHITE COLOR","1429.52","CAD","Recorder accessories","active"
"WV-S61302-Z4","2MP(1080p) INDOOR PTZ WITH AI ENGINE. 4.25-170MM 40X OPTICAL ZOOM LENS, ENDLESS PAN. H.265/H.264/MJPEG. 60FPS. STABILIZER. AUTO TRACKING. FIPS 140-2 LEVEL 3 COMPLIANT. VIDEO INSIGHT 7.9.3 OR HIGHER, WHITE COLOR","2120.1","CAD","Recorder accessories","active"
"WV-S61501-Z1","5MP INDOOR PTZ WITH AI ENGINE. 4.7-47MM 10X OPTICAL ZOOM LENS. H.265/H.264/MJPEG. 60FPS. STABILIZER. AUTO TRACKING.SMOKE DOME, FIPS 140-2 LEVEL 3 COMPLIANT.VIDEO INSIGHT 7.9.4 OR HIGHER, WHITE COLOR","1539.57","CAD","Recorder accessories","active"
"WV-S61602-Z3","6MP INDOOR PTZ WITH AI ENGINE. 4.5-135MM 30X OPTICAL ZOOM LENS. H.265/H.264/MJPEG. 30FPS. STABILIZER. AUTO TRACKING.FIPS 140-2 LEVEL 3 COMPLIANT, WHITE COLOR","2681.55","CAD","Recorder accessories","active"
"WV-S61702-Z3","4K INDOOR PTZ WITH AI ENGINE. 4.5-135MM 30X OPTICAL ZOOM LENS. H.265/H.264/MJPEG. 30FPS. STABILIZER. AUTO TRACKING.FIPS 140-2 LEVEL 3 COMPLIANT,WHITE COLOR","2854.02","CAD","Recorder accessories","active"
"WV-S65300-ZY","2MP(1080p) OUTDOOR VANDAL RESISTANCE PTZ WITH AI ENGINE. 2.9-9MM 3.1X OPTICAL ZOOM LENS. H.265/H.264/MJPEG. 60FPS. AUTO TRACKING. IP66, IP67, IK10, FIPS 140-2 LEVEL 3 COMPLIANT. VIDEO INSIGHT 7.9.3 OR HIGHER, WHITE COLOR","1035.02","CAD","Recorder accessories","active"
"WV-S65300-ZYG","2MP(1080p) OUTDOOR VANDAL RESISTANCE PTZ WITH AI ENGINE. 2.9-9MM 3.1X OPTICAL ZOOM LENS. H.265/H.264/MJPEG. 60FPS. AUTO TRACKING. IP66, IP67, IK10, SMOKE DOME, FIPS 140-2 LEVEL 3 COMPLIANT. VIDEO INSIGHT 7.9.3 OR HIGHER, WHITE COLOR","1035.02","CAD","Recorder accessories","active"
"WV-S65301-Z1","2MP(1080p) OUTDOOR VANDAL RESISTANCE PTZ WITH AI ENGINE.4.7-47MM 10X OPTICAL ZOOM LENS, ENDLESS PAN. H.265/H.264/MJPEG. 60FPS. STABILIZER. AUTO TRACKING. IP66, IP67, IK10, FIPS 140-2 LEVEL 3 COMPLIANT.VIDEO INSIGHT 7.9.3 OR HIGHER, WHITE COLOR","1279.35","CAD","Recorder accessories","active"
"WV-S65301-Z1-1","2MP(1080p) OUTDOOR VANDAL RESISTANCE PTZ WITH AI ENGINE. 4.7-47MM 10X OPTICAL ZOOM LENS, ENDLESS PAN. H.265/H.264/MJPEG. 60FPS. STABILIZER. AUTO TRACKING. IP66, IP67, IK10, FIPS 140-2 LEVEL 3 COMPLIANT. VIDEO INSIGHT 7.9.3 OR HIGHER, BLACK COLOR","1368.91","CAD","Recorder accessories","active"
"WV-S65301-Z1G","2MP(1080p) OUTDOOR VANDAL RESISTANCE PTZ WITH AI ENGINE.4.7-47MM 10X OPTICAL ZOOM LENS, ENDLESS PAN. H.265/H.264/MJPEG. 60FPS. STABILIZER. AUTO TRACKING. IP66, IP67, IK10, SMOKE DOME, FIPS 140-2 LEVEL 3 COMPLIANT. VIDEO INSIGHT 7.9.3 OR HIGHER, WHITE COLOR","1279.35","CAD","Recorder accessories","active"
"WV-S65301-Z1S","2MP(1080p) OUTDOOR VANDAL RESISTANCE PTZ WITH AI ENGINE. 4.7-47MM 10X OPTICAL ZOOM LENS, ENDLESS PAN. H.265/H.264/MJPEG. 60FPS. STABILIZER. AUTO TRACKING. IP66, IP67, IK10, SALT RESISTANCE, FIPS 140-2 LEVEL 3 COMPLIANT. VIDEO INSIGHT 7.9.3 OR HIGHER, WHITE COLOR","2409.22","CAD","Recorder accessories","active"
"WV-S65302-Z2","2MP(1080p) OUTDOOR VANDAL RESISTANCE PTZ WITH AI ENGINE. 4.0-84.6MM 21X OPTICAL ZOOM LENS, ENDLESS PAN. H.265/H.264/MJPEG. 60FPS. STABILIZER. AUTO TRACKING. IP66, IP67, IK10, FIPS 140-2 LEVEL 3 COMPLIANT. VIDEO INSIGHT 7.9.3 OR HIGHER, WHITE COLOR","1520.3","CAD","Recorder accessories","active"
"WV-S65302-Z2-1","2MP(1080p) OUTDOOR VANDAL RESISTANCE PTZ WITH AI ENGINE. 4.0-84.6MM 21X OPTICAL ZOOM LENS, ENDLESS PAN. H.265/H.264/MJPEG. 60FPS. STABILIZER. AUTO TRACKING. IP66, IP67, IK10, FIPS 140-2 LEVEL 3 COMPLIANT. VIDEO INSIGHT 7.9.3 OR HIGHER, BLACK COLOR","1626.71","CAD","Recorder accessories","active"
"WV-S65302-Z2G","2MP(1080p) OUTDOOR VANDAL RESISTANCE PTZ WITH AI ENGINE. 4.0-84.6MM 21X OPTICAL ZOOM LENS, ENDLESS PAN. H.265/H.264/MJPEG. 60FPS. STABILIZER. AUTO TRACKING. IP66, IP67, IK10, SMOKE DOME, FIPS 140-2 LEVEL 3 COMPLIANT. VIDEO INSIGHT 7.9.3 OR HIGHER, WHITE COLOR","1520.3","CAD","Recorder accessories","active"
"WV-S6532LN","Full HD / 1920 x 1080, H.265, Intelligent Zoom Stabilization SMART Coding Outdoor PTZ, 20x optical zoom, Auto (iA), D/N with ICR, IP66, 100m Built-in IR.","2274.89","CAD","Cameras","active"
"WV-S65340-Z2G","2MP(1080p) OUTDOOR VANDAL RESISTANCE PTZ WITH AI ENGINE. 4.0-84.6MM 21X OPTICAL ZOOM LENS. H.265/H.264/MJPEG. 60FPS. STABILIZER. AUTO TRACKING. IP66, IP67, IK10, SMOKE DOME, FIPS 140-2 LEVEL 3 COMPLIANT, WHITE COLOR","2360.02","CAD","Recorder accessories","active"
"WV-S65340-Z2K","2MP(1080p) OUTDOOR VANDAL RESISTANCE PTZ WITH AI ENGINE. 4.0-84.6MM 21X OPTICAL ZOOM LENS. H.265/H.264/MJPEG. 60FPS. STABILIZER. AUTO TRACKING. IP66, IP67, IK10, CLEARSIGHT, SALT RESISTANCE, FIPS 140-2 LEVEL 3 COMPLIANT. VIDEO INSIGHT 7.9.3 OR HIGHER, WHITE COLOR","3072.85","CAD","Recorder accessories","active"
"WV-S65340-Z2N","2MP(1080p) OUTDOOR VANDAL RESISTANCE PTZ WITH AI ENGINE. 4.0-84.6MM 21X OPTICAL ZOOM LENS. H.265/H.264/MJPEG. 60FPS. STABILIZER. AUTO TRACKING. IP66, IP67, IK10, CLEARSIGHT, FIPS 140-2 LEVEL 3 COMPLIANT. VIDEO INSIGHT 7.9.3 OR HIGHER, WHITE COLOR","2205.62","CAD","Recorder accessories","active"
"WV-S65340-Z2N1","2MP(1080p) OUTDOOR VANDAL RESISTANCE PTZ WITH AI ENGINE. 4.0-84.6MM 21X OPTICAL ZOOM LENS. H.265/H.264/MJPEG. 60FPS. STABILIZER. AUTO TRACKING. IP66, IP67, IK10, CLEARSIGHT, FIPS 140-2 LEVEL 3 COMPLIANT. VIDEO INSIGHT 7.9.3 OR HIGHER, BLACK COLOR","2360.02","CAD","Recorder accessories","active"
"WV-S65340-Z4G","2MP(1080p) OUTDOOR VANDAL RESISTANCE PTZ WITH AI ENGINE. 4.25-170MM 40X OPTICAL ZOOM LENS, ENDLESS PAN. H.265/H.264/MJPEG. 60FPS. STABILIZER. AUTO TRACKING. IP66, IP67, IK10, SMOKE DOME, FIPS 140-2 LEVEL 3 COMPLIANT, WHITE COLOR","2545.91","CAD","Recorder accessories","active"
"WV-S65340-Z4K","2MP(1080p) OUTDOOR VANDAL RESISTANCE PTZ WITH AI ENGINE. 4.25-170MM 40X OPTICAL ZOOM LENS, ENDLESS PAN. H.265/H.264/MJPEG. 60FPS. STABILIZER. AUTO TRACKING. IP66, IP67, IK10, CLEARSIGHT, SALT RESISTANCE, FIPS 140-2 LEVEL 3 COMPLIANT. VIDEO INSIGHT 7.9.3 OR HIGHER, WHITE COLOR","3396.92","CAD","Recorder accessories","active"
"WV-S65340-Z4N","2MP(1080p) OUTDOOR VANDAL RESISTANCE PTZ WITH AI ENGINE. 4.25-170MM 40X OPTICAL ZOOM LENS, ENDLESS PAN. H.265/H.264/MJPEG. 60FPS. STABILIZER. AUTO TRACKING. IP66, IP67, IK10, CLEARSIGHT, FIPS 140-2 LEVEL 3 COMPLIANT. VIDEO INSIGHT 7.9.3 OR HIGHER, WHITE COLOR","2545.91","CAD","Recorder accessories","active"
"WV-S65340-Z4N1","2MP(1080p) OUTDOOR VANDAL RESISTANCE PTZ WITH AI ENGINE. 4.25-170MM 40X OPTICAL ZOOM LENS, ENDLESS PAN. H.265/H.264/MJPEG. 60FPS. STABILIZER. AUTO TRACKING. IP66, IP67, IK10, CLEARSIGHT, FIPS 140-2 LEVEL 3 COMPLIANT. VIDEO INSIGHT 7.9.3 OR HIGHER, BLACK COLOR","2724.11","CAD","Recorder accessories","active"
"WV-S65501-Z1","5MP OUTDOOR VANDAL RESISTANCE PTZ WITH AI ENGINE. 4.7-47MM 10X OPTICAL ZOOM LENS, ENDLESS PAN. H.265/H.264/MJPEG. 60FPS. STABILIZER. AUTO TRACKING. IP66, IP67, IK10, FIPS 140-2 LEVEL 3 COMPLIANT. VIDEO INSIGHT 7.9.4 OR HIGHER, WHITE COLOR","1895.42","CAD","Recorder accessories","active"
"WV-S65501-Z1G","5MP OUTDOOR VANDAL RESISTANCE PTZ WITH AI ENGINE. 4.7-47MM 10X OPTICAL ZOOM LENS, ENDLESS PAN. H.265/H.264/MJPEG. 60FPS. STABILIZER. AUTO TRACKING. IP66, IP67, IK10, SMOKE DOME, FIPS 140-2 LEVEL 3 COMPLIANT. VIDEO INSIGHT 7.9.4 OR HIGHER, WHITE COLOR","1895.42","CAD","Recorder accessories","active"
"WV-S66300-Z3","2MP OUTDOOR PTZ WITH AI ENGINE. 4.25-136MM 32X OPTICAL ZOOM LENS, ENDLESS PAN. H.265/H.264/MJPEG. 60FPS. STABILIZER. AUTO TRACKING. IP66, IK10, FIPS 140-2 LEVEL 3 COMPLIANT. VIDEO INSIGHT 7.9.X OR HIGHER","2247.63","CAD","Recorder accessories","active"
"WV-S66300-Z3L","2MP OUTDOOR PTZ WITH AI ENGINE. 4.25-136MM 32X OPTICAL ZOOM LENS, ENDLESS PAN. H.265/H.264/MJPEG. 60FPS. STABILIZER. AUTO TRACKING. IRLED, IP66, IK10, FIPS 140-2 LEVEL 3 COMPLIANT. VIDEO INSIGHT 7.9.X OR HIGHER","2420.12","CAD","Recorder accessories","active"
"WV-S66300-Z4","2MP OUTDOOR PTZ WITH AI ENGINE. 4.25-170MM 40X OPTICAL ZOOM LENS, ENDLESS PAN. H.265/H.264/MJPEG. 60FPS. STABILIZER. AUTO TRACKING. IP66, IK10, FIPS 140-2 LEVEL 3 COMPLIANT. VIDEO INSIGHT 7.9.X OR HIGHER","2420.12","CAD","Recorder accessories","active"
"WV-S66300-Z4L","2MP OUTDOOR PTZ WITH AI ENGINE. 4.25-170MM 40X OPTICAL ZOOM LENS, ENDLESS PAN. H.265/H.264/MJPEG. 60FPS. STABILIZER. AUTO TRACKING. IRLED, IP66, IK10, FIPS 140-2 LEVEL 3 COMPLIANT. VIDEO INSIGHT 7.9.X OR HIGHER","2593.67","CAD","Recorder accessories","active"
"WV-S66600-Z3","6MP OUTDOOR PTZ WITH AI ENGINE. 4.5-135MM 30X OPTICAL ZOOM LENS, ENDLESS PAN. H.265/H.264/MJPEG. 60FPS. STABILIZER. AUTO TRACKING. IP66, IK10, FIPS 140-2 LEVEL 3 COMPLIANT. VIDEO INSIGHT 7.9.X OR HIGHER","2941.17","CAD","Recorder accessories","active"
"WV-S66600-Z3L","6MP OUTDOOR PTZ WITH AI ENGINE. 4.5-135MM 30X OPTICAL ZOOM LENS, ENDLESS PAN. H.265/H.264/MJPEG. 60FPS. STABILIZER. AUTO TRACKING. IRLED, IP66, IK10, FIPS 140-2 LEVEL 3 COMPLIANT. VIDEO INSIGHT 7.9.X OR HIGHER","3113.65","CAD","Recorder accessories","active"
"WV-S66700-Z3","8MP OUTDOOR PTZ WITH AI ENGINE. 4.5-135MM 30X OPTICAL ZOOM LENS, ENDLESS PAN. H.265/H.264/MJPEG. 60FPS. STABILIZER. AUTO TRACKING. IP66, IK10, FIPS 140-2 LEVEL 3 COMPLIANT. VIDEO INSIGHT 7.9.X OR HIGHER","3200.8","CAD","Recorder accessories","active"
"WV-S66700-Z3L","8MP OUTDOOR PTZ WITH AI ENGINE. 4.5-135MM 30X OPTICAL ZOOM LENS, ENDLESS PAN. H.265/H.264/MJPEG. 60FPS. STABILIZER. AUTO TRACKING. IRLED, IP66, IK10, FIPS 140-2 LEVEL 3 COMPLIANT. VIDEO INSIGHT 7.9.X OR HIGHER","3375.09","CAD","Recorder accessories","active"
"WV-S71300A-F3","1080P i-PRO MINI, INDOOR MINI BOX CAMERA WITH AI ENGINE, H.265/H.264/MJPEG, 3.2MM FIXED LENS, BUILT-IN MICROPHONE, FIPS 140-2 LEVEL 3 COMPLIANT, , VIDEO INSIGHT 7.9.X OR HIGHER","572.19","CAD","Audio and power accessories","active"
"WV-S85402-V2L","2X4MP(8MP) MULTI-SENSOR OUTDOOR VANDAL RESISTANCE CAMERA WITH AI ENGINE. H.265/H.264/MJPEG. 2.9-7.3MM 2.5X MOTORIZED ZOOM LENS. 2699X1520PIXEL UP TO 30FPS. IR LED, IP66, IP67, IK10, FIPS 140-2 LEVEL 3 COMPLIANT. VIDEO INSIGHT 7.9.X OR HIGHER, WHITE COLOR","1307.89","CAD","Cameras","active"
"WV-S85402-V2L1","2X4MP(8MP) MULTI-SENSOR OUTDOOR VANDAL RESISTANCE CAMERA WITH AI ENGINE. H.265/H.264/MJPEG. 2.9-7.3MM 2.5X MOTORIZED ZOOM LENS. 2699X1520PIXEL UP TO 30FPS. IR LED, IP66, IP67, IK10, FIPS 140-2 LEVEL 3 COMPLIANT. VIDEO INSIGHT 7.9.X OR HIGHER, BLACK COLOR","1307.89","CAD","Cameras","active"
"WV-S8543","3X4MP(12MP) MULTI-SENSOR OUTDOOR VANDAL RESISTANCE CAMERA WITH AI ENGINE. H.265/H.264/MJPEG. 2.9-7.3MM 2.5X MOTORIZED ZOOM LENS. 2699X1520PIXEL UP TO 30FPS. IP66, IP67, IK10, FIPS 140-2 LEVEL 3 COMPLIANT. VIDEO INSIGHT 7.9.X OR HIGHER, WHITE COLOR","1435.07","CAD","Cameras","active"
"WV-S8543G","3X4MP(12MP) Multi-Sensor Outdoor Vandal Resistance camera with AI engine. H.265/H.264/MJPEG. , IP66, IP67, IK10, FIPS 140-2 level 3 compliant. Video Insight 7.9.X or Higher, White color, Smoke dome, made-to-order model","1435.26","CAD","Cameras","active"
"WV-S8543L","3X4MP(12MP) MULTI-SENSOR OUTDOOR VANDAL RESISTANCE CAMERA WITH AI ENGINE. H.265/H.264/MJPEG. 2.9-7.3MM 2.5X MOTORIZED ZOOM LENS. 2699X1520PIXEL UP TO 30FPS. IR LED, IP66, IP67, IK10, FIPS 140-2 LEVEL 3 COMPLIANT. VIDEO INSIGHT 7.9.X OR HIGHER, WHITE COLOR","1630.32","CAD","Cameras","active"
"WV-S8543LG","3X4MP(12MP) Multi-Sensor Outdoor Vandal Resistance camera with AI engine. H.265/H.264/MJPEG. IR LED , IP66, IP67, IK10, FIPS 140-2 level 3 compliant. Video Insight 7.9.X or Higher, White color, Smoke dome, made-to-order model","1630.52","CAD","Cameras","active"
"WV-S8544","4X4MP(16MP) MULTI-SENSOR OUTDOOR VANDAL RESISTANCE CAMERA WITH AI ENGINE. H.265/H.264/MJPEG. 2.9-7.3MM 2.5X MOTORIZED ZOOM LENS. 2699X1520PIXEL UP TO 30FPS. IP66, IP67, IK10, FIPS 140-2 LEVEL 3 COMPLIANT. VIDEO INSIGHT 7.9.X OR HIGHER, WHITE COLOR","1630.32","CAD","Cameras","active"
"WV-S8544G","4X4MP(16MP) Multi-Sensor Outdoor Vandal Resistance camera with AI engine. H.265/H.264/MJPEG. IP66, IP67, IK10, FIPS 140-2 level 3 compliant. Video Insight 7.9.X or Higher, White color, Smoke dome, made-to-order model","1631.95","CAD","Cameras","active"
"WV-S8544L","4X4MP(16MP) MULTI-SENSOR OUTDOOR VANDAL RESISTANCE CAMERA WITH AI ENGINE. H.265/H.264/MJPEG. 2.9-7.3MM 2.5X MOTORIZED ZOOM LENS. 2699X1520PIXEL UP TO 30FPS. IR LED, IP66, IP67, IK10, FIPS 140-2 LEVEL 3 COMPLIANT. VIDEO INSIGHT 7.9.X OR HIGHER, WHITE COLOR","1825.58","CAD","Cameras","active"
"WV-S8544LG","4X4MP(16MP) Multi-Sensor Outdoor Vandal Resistance camera with AI engine. H.265/H.264/MJPEG. IR LED, IP66, IP67, IK10, FIPS 140-2 level 3 compliant. Video Insight 7.9.X or Higher, White color, Smoke dome, made-to-order model","1825.78","CAD","Cameras","active"
"WV-S8563L","3X6MP(19MP) MULTI-SENSOR OUTDOOR VANDAL RESISTANCE CAMERA WITH AI ENGINE. H.265/H.264/MJPEG. 3.1MM FIXED LENS. 3328X1872PIXEL UP TO 15FPS. IR LED, IP66, IP67, IK10, FIPS 140-2 LEVEL 3 COMPLIANT. VIDEO INSIGHT 7.9.X OR HIGHER, WHITE COLOR","1825.58","CAD","Cameras","active"
"WV-S8563LG","3X6MP(18 MP) Multi-Sensor Outdoor Vandal Resistance camera with AI engine. H.265/H.264/MJPEG.IR LED, IP66, IP67, IK10, FIPS 140-2 level 3 compliant. Video Insight 7.9.X or Higher, White color, Smoke dome, made-to-order model","1825.78","CAD","Cameras","active"
"WV-S8564L","4X6MP(25MP) MULTI-SENSOR OUTDOOR VANDAL RESISTANCE CAMERA WITH AI ENGINE. H.265/H.264/MJPEG. 3.1MM FIXED LENS. 3328X1872PIXEL UP TO 15FPS. IR LED, IP66, IP67, IK10, FIPS 140-2 LEVEL 3 COMPLIANT. VIDEO INSIGHT 7.9.X OR HIGHER, WHITE COLOR","2021.91","CAD","Cameras","active"
"WV-S8564LG","4X6MP(24MP) Multi-Sensor Outdoor Vandal Resistance camera with AI engine. H.265/H.264/MJPEG. IP66, IP67, IK10, FIPS 140-2 level 3 compliant. Video Insight 7.9.X or Higher, White color, Smoke dome, made-to-order model","2022.47","CAD","Cameras","active"
"WV-S85702-F3L","2X4K(16MP) MULTI-SENSOR OUTDOOR VANDAL RESISTANCE CAMERA WITH AI ENGINE. H.265/H.264/MJPEG. 3.1MM FIXED LENS. 3840X2160PIXEL UP TO 15FPS. IR LED, IP66, IP67, IK10, FIPS 140-2 LEVEL 3 COMPLIANT. VIDEO INSIGHT 7.9.X OR HIGHER, WHITE COLOR","1977.08","CAD","Cameras","active"
"WV-S85702-F3L1","2X4K(16MP) MULTI-SENSOR OUTDOOR VANDAL RESISTANCE CAMERA WITH AI ENGINE. H.265/H.264/MJPEG. 3.1MM FIXED LENS. 3840X2160PIXEL UP TO 15FPS. IR LED, IP66, IP67, IK10, FIPS 140-2 LEVEL 3 COMPLIANT. VIDEO INSIGHT 7.9.X OR HIGHER, BLACK COLOR","1977.08","CAD","Cameras","active"
"WV-S8573L","3X4K(25MP) MULTI-SENSOR OUTDOOR VANDAL RESISTANCE CAMERA WITH AI ENGINE. H.265/H.264/MJPEG. 3.1MM FIXED LENS. 3840X2160PIXEL UP TO 15FPS. IR LED, IP66, IP67, IK10, FIPS 140-2 LEVEL 3 COMPLIANT. VIDEO INSIGHT 7.9.X OR HIGHER, WHITE COLOR","2021.91","CAD","Cameras","active"
"WV-S8573LG","3X4K(24MP) Multi-Sensor Outdoor Vandal Resistance camera with AI engine. H.265/H.264/MJPEG. IR LED, IP66, IP67, IK10, FIPS 140-2 level 3 compliant. Video Insight 7.9.X or Higher, White color, Smoke dome, made-to-order model","2022.47","CAD","Cameras","active"
"WV-S8574L","4X4K(33MP) MULTI-SENSOR OUTDOOR VANDAL RESISTANCE CAMERA WITH AI ENGINE. H.265/H.264/MJPEG. 3.1MM FIXED LENS. 3840X2160PIXEL UP TO 15FPS. IR LED, IP66, IP67, IK10, FIPS 140-2 LEVEL 3 COMPLIANT. VIDEO INSIGHT 7.9.X OR HIGHER, WHITE COLOR","2217.45","CAD","Cameras","active"
"WV-S8574LG","4X4K(32MP) Multi-Sensor Outdoor Vandal Resistance camera with AI engine. H.265/H.264/MJPEG. IR LED, IP66, IP67, IK10, FIPS 140-2 level 3 compliant. Video Insight 7.9.X or Higher, White color, Smoke dome, made-to-order model","2219.16","CAD","Cameras","active"
"WV-SBV131M","Full HD / 1920 x 1080 Rugged (MIL-STD-810G) Mobile Network Camera. Special Order","552.35","CAD","Cameras","active"
"WV-SUD638","Full HD /1920 x 1080, PTZ Network Camera, Aerodynamic Spheroid design, -50 deg C to +55 deg C, IP67, IK10, Anti-Salt Corrosion Special Order","5343.25","CAD","Audio and power accessories","active"
"WV-U11300-V2","1080P INDOOR BOX CAMERA, H.265/H.264/MJPEG, 2.9-7.3MM 2.5X MOTORIZED ZOOM LENS, BUILT-IN MICROPHONE, VIDEO INSIGHT 7.8.5 OR HIGHER","320.29","CAD","Audio and power accessories","active"
"WV-U1130A","Full HD / 1920 x 1080, 30fps, H.265/JPEG, Bullet Camera,(iA), 3mm, Gen 2","212.93","CAD","Cameras","active"
"WV-U1132A","Full HD / 1920 x 1080, 30fps, H.265/JPEG, Bullet Camera,(iA), 2.9-7.3mm lens, Gen 2","278.44","CAD","Cameras","active"
"WV-U11350-V3","2MP AI INDOOR BOX,F=3.2 TO 10.2MM,F1.6 MOTORIZED,3.2X,H.265/H.264/JPEG,1 AI SLOT,FIPS 140-3 LEVEL3 COMPLIANT,WHITE(I-PRO)","450.72","CAD","Cameras","active"
"WV-U1142A","4MP / 2560 x 1440, 30fps, H.265/JPEG, Bullet Camera,(iA), 2.9-7.3mm lens, Gen 2","305.75","CAD","Cameras","active"
"WV-U11550-V3","5MP AI INDOOR BOX,F=3.2 TO 10.2MM,F1.6 MOTORIZED,3.2X,H.265/H.264/JPEG,1 AI SLOT,FIPS 140-3 LEVEL3 COMPLIANT,WHITE(I-PRO)","567.45","CAD","Cameras","active"
"WV-U1532LA","Full HD / 1920 x 1080, 30fps, H.265/JPEG, Outdoor IK10 Vandal Bullet Camera,(iA),IR LED, 2.9-7.3mm lens, Gen 2","371.8","CAD","Cameras","active"
"WV-U15350-V3L","2MP AI BULLET,F=3.2 TO 10.2MM,F1.6 MOTORIZED,3.2X,IR,H.265/H.264/JPEG,1 AI SLOT,IK10,IP66,FIPS 140-3 LEVEL3 COMPLIANT,WHITE(I-PRO)","476.66","CAD","Cameras","active"
"WV-U1542LA","4MP / 2560 x 1440, 30fps, H.265/JPEG, Outdoor IK10 Vandal Bullet Camera,(iA),IR LED, 2.9-7.3mm lens, Gen 2","409.88","CAD","Cameras","active"
"WV-U15550-V3L","5MP AI BULLET,F=3.2 TO 10.2MM,F1.6 MOTORIZED,3.2X,IR,H.265/H.264/JPEG,1 AI SLOT,IK10,IP66,FIPS 140-3 LEVEL3 COMPLIANT,WHITE(I-PRO)","599.88","CAD","Cameras","active"
"WV-U21300-V2L","1080P INDOOR DOME CAMERA, H.265/H.264/MJPEG, 2.9-7.3MM 2.5X MOTORIZED ZOOM LENS, IR LED, BUILT-IN MICROPHONE, VIDEO INSIGHT 7.8.5 OR HIGHER","309.55","CAD","Audio and power accessories","active"
"WV-U2130LA","Full HD / 1920 x 1080, 30fps, H.265/JPEG, Indoor Dome Camera,(iA),IR LED ,3mm, Gen 2","182.17","CAD","Cameras","active"
"WV-U2132LA","Full HD / 1920 x 1080, 30fps, H.265/JPEG, Indoor Fixed , Dome Camera,(iA),IR LED, 2.9-7.3mm lens, Gen 2","269.12","CAD","Cameras","active"
"WV-U21350-V3L","2MP AI INDOOR DOME,F=3.2 TO 10.2MM,F1.6 MOTORIZED,3.2X,IR,H.265/H.264/JPEG,1 AI SLOT,IP42,FIPS 140-3 LEVEL3 COMPLIANT,WHITE(I-PRO)","431.26","CAD","Cameras","active"
"WV-U2140LA","4MP / 2560 x 1440, 30fps, H.265/JPEG, Indoor Dome Camera (iA) IR LED, 3mm, Gen 2","200.39","CAD","Cameras","active"
"WV-U2142LA","4MP / 2560 x 1440, 30fps, H.265/JPEG, Indoor Fixed , Dome Camera,(iA),IR LED, 2.9-7.3mm lens, Gen 2","296.45","CAD","Cameras","active"
"WV-U21550-V3L","5MP AI INDOOR DOME,F=3.2 TO 10.2MM,F1.6 MOTORIZED,3.2X,IR,H.265/H.264/JPEG,1 AI SLOT,IP42,FIPS 140-3 LEVEL3 COMPLIANT,WHITE(I-PRO)","549.62","CAD","Cameras","active"
"WV-U2530LA","Full HD / 1920 x 1080, 30fps, H.265/JPEG, Outdoor Vandal Dome Camera (iA), IK10 , IR LED, 3mm, Gen 2","209.49","CAD","Cameras","active"
"WV-U2532LA","Full HD / 1920 x 1080, 30fps, H.265/JPEG, Outdoor Fixed , IK10 Vandal Dome Camera,(iA),IR LED, 2.9-7.3mm lens, Gen 2","351.09","CAD","Cameras","active"
"WV-U25351-V3L","2MP AI OUTDOOR DOME,F=3.2 TO 10.2MM,F1.6 MOTORIZED,3.2X,IR,H.265/H.264/JPEG,1 AI SLOT,IK10,IP66,FIPS 140-3 LEVEL3 COMPLIANT,WHITE(I-PRO)","488.01","CAD","Cameras","active"
"WV-U2540LA","4MP / 2560 x 1440, 30fps, H.265/JPEG, Outdoor Vandal Dome Camera (iA), IK10, IR LED, 3mm, Gen 2","229.38","CAD","Cameras","active"
"WV-U25551-V3L","5MP AI OUTDOOR DOME,F=3.2 TO 10.2MM,F1.6 MOTORIZED,3.2X,IR,H.265/H.264/JPEG,1 AI SLOT,IK10,IP66,FIPS 140-3 LEVEL3 COMPLIANT,WHITE(I-PRO)","599.88","CAD","Cameras","active"
"WV-U31301-F2L","2MP INDOOR DOME CAMERA WITH AI ENGINE, H.265/H.264/MJPEG, 2.4MM FIXED LENS, IR LED, BUILT-IN MICROPHONE, WHITE COLOR","367.81","CAD","Audio and power accessories","active"
"WV-U31301-F2LG","2MP INDOOR DOME CAMERA WITH AI ENGINE, H.265/H.264/MJPEG, 2.4MM FIXED LENS, IR LED, BUILT-IN MICROPHONE, SMOKE DOME, WHITE COLOR","367.81","CAD","Audio and power accessories","active"
"WV-U31401-F2L","4MP INDOOR DOME CAMERA WITH AI ENGINE, H.265/H.264/MJPEG, 2.4MM FIXED LENS, IR LED, BUILT-IN MICROPHONE, WHITE COLOR","399.21","CAD","Audio and power accessories","active"
"WV-U31401-F2LG","4MP INDOOR DOME CAMERA WITH AI ENGINE, H.265/H.264/MJPEG, 2.4MM FIXED LENS, IR LED, BUILT-IN MICROPHONE, SMOKE DOME, WHITE COLOR","399.21","CAD","Audio and power accessories","active"
"WV-U35301-F2L","2MP OUTDOOR VANDAL DOME CAMERA, H.265/H.264/MJPEG, 2.4MM FIXED LENS, IR LED, BUILT-IN MICROPHONE, IP66, IK10, WHITE COLOR","405.82","CAD","Audio and power accessories","active"
"WV-U35301-F2LG","4MP OUTDOOR VANDAL DOME CAMERA, H.265/H.264/MJPEG, 2.4MM FIXED LENS, IR LED, BUILT-IN MICROPHONE, IP66, IK10, SMOKE DOME, WHITE COLOR","405.82","CAD","Audio and power accessories","active"
"WV-U35402","4MP OUTDOOR VANDAL DOME CAMERA, H.265/H.264/MJPEG, 2.4MM FIXED LENS, IR LED, BUILT-IN MICROPHONE, IP66, IK10, WHITE COLOR","486.78","CAD","Audio and power accessories","active"
"WV-U35401-F2LG","4MP OUTDOOR VANDAL DOME CAMERA, H.265/H.264/MJPEG, 2.4MM FIXED LENS, IR LED, BUILT-IN MICROPHONE, IP66, IK10, SMOKE DOME, WHITE COLOR","486.78","CAD","Audio and power accessories","active"
"WV-U61300-ZY","2MP(1080p) INDOOR PTZ. 2.9-9MM 3.1X OPTICAL ZOOM LENS. H.265/H.264/MJPEG. 60FPS. FIPS 140-2 LEVEL 3 COMPLIANT. VIDEO INSIGHT 7.9.3 OR HIGHER, WHITE COLOR","708.51","CAD","Cameras","active"
"WV-U61300-ZYG","2MP(1080p) INDOOR PTZ. 2.9-9MM 3.1X OPTICAL ZOOM LENS. H.265/H.264/MJPEG. 60FPS. SMOKE DOME, FIPS 140-2 LEVEL 3 COMPLIANT. VIDEO INSIGHT 7.9.3 OR HIGHER, WHITE COLOR","741.42","CAD","Cameras","active"
"WV-U61301-Z1","2MP(1080p) INDOOR PTZ. 4.7-47MM 10X OPTICAL ZOOM LENS. H.265/H.264/MJPEG. 60FPS. STABILIZER. SMOKE DOME, FIPS 140-2 LEVEL 3 COMPLIANT. VIDEO INSIGHT 7.9.3 OR HIGHER, WHITE COLOR","960.58","CAD","Cameras","active"
"WV-U61301-Z2","2MP(1080p) INDOOR PTZ. 4.0-84.6MM 21X OPTICAL ZOOM LENS. H.265/H.264/MJPEG. 60FPS. STABILIZER. IP66, IP67, IK10, FIPS 140-2 LEVEL 3 COMPLIANT. VIDEO INSIGHT 7.9.3 OR HIGHER, WHITE COLOR","1192.22","CAD","Cameras","active"
"WV-U65300-ZY","2MP(1080p) OUTDOOR VANDAL RESISTANCE PTZ. 2.9-9MM 3.1X OPTICAL ZOOM LENS. H.265/H.264/MJPEG. 60FPS. IP66, IP67, IK10, FIPS 140-2 LEVEL 3 COMPLIANT. VIDEO INSIGHT 7.9.3 OR HIGHER, WHITE COLOR","865.21","CAD","Cameras","active"
"WV-U65300-ZYG","2MP(1080p) OUTDOOR VANDAL RESISTANCE PTZ. 2.9-9MM 3.1X OPTICAL ZOOM LENS. H.265/H.264/MJPEG. 60FPS. IP66, IP67, IK10, SMOKE DOME, FIPS 140-2 LEVEL 3 COMPLIANT. VIDEO INSIGHT 7.9.3 OR HIGHER, WHITE COLOR","905.4","CAD","Cameras","active"
"WV-U65301-Z1","2MP(1080p) OUTDOOR VANDAL RESISTANCE PTZ. 4.7-47MM 10X OPTICAL ZOOM LENS, ENDLESS PAN. H.265/H.264/MJPEG. 60FPS. STABILIZER. IP66, IP67, IK10, FIPS 140-2 LEVEL 3 COMPLIANT. VIDEO INSIGHT 7.9.3 OR HIGHER, WHITE COLOR","1132.59","CAD","Cameras","active"
"WV-U65301-Z1G","2MP(1080p) OUTDOOR VANDAL RESISTANCE PTZ. 4.7-47MM 10X OPTICAL ZOOM LENS, ENDLESS PAN. H.265/H.264/MJPEG. 60FPS. STABILIZER. IP66, IP67, IK10, SMOKE DOME, FIPS 140-2 LEVEL 3 COMPLIANT. VIDEO INSIGHT 7.9.3 OR HIGHER, WHITE COLOR","1132.59","CAD","Cameras","active"
"WV-U65302-Z2","2MP(1080p) OUTDOOR VANDAL RESISTANCE PTZ. 4.0-84.6MM 21X OPTICAL ZOOM LENS, ENDLESS PAN. H.265/H.264/MJPEG. 60FPS. STABILIZER. IP66, IP67, IK10, FIPS 140-2 LEVEL 3 COMPLIANT. VIDEO INSIGHT 7.9.3 OR HIGHER, WHITE COLOR","1345.48","CAD","Cameras","active"
"WV-U65302-Z2G","2MP(1080p) OUTDOOR VANDAL RESISTANCE PTZ. 4.0-84.6MM 21X OPTICAL ZOOM LENS, ENDLESS PAN. H.265/H.264/MJPEG. 60FPS. STABILIZER. IP66, IP67, IK10, SMOKE DOME, FIPS 140-2 LEVEL 3 COMPLIANT. VIDEO INSIGHT 7.9.3 OR HIGHER, WHITE COLOR","1345.48","CAD","Cameras","active"
"WV-U85402-V2L","2X4MP(8MP) MULTI-SENSOR OUTDOOR VANDAL RESISTANCE CAMERA. H.265/H.264/MJPEG. 2.9-7.3MM 2.5X MOTORIZED ZOOM LENS. 2699X1520PIXEL UP TO 30FPS. IR LED, IP66, IP67, IK10, FIPS 140-2 LEVEL 3 COMPLIANT. VIDEO INSIGHT 7.9.X OR HIGHER, WHITE COLOR","1147.06","CAD","Cameras","active"
"WV-U85402-V2L1","2X4MP(8MP) MULTI-SENSOR OUTDOOR VANDAL RESISTANCE CAMERA. H.265/H.264/MJPEG. 2.9-7.3MM 2.5X MOTORIZED ZOOM LENS. 2699X1520PIXEL UP TO 30FPS. IR LED, IP66, IP67, IK10, FIPS 140-2 LEVEL 3 COMPLIANT. VIDEO INSIGHT 7.9.X OR HIGHER, BLACK COLOR","1147.06","CAD","Cameras","active"
"BY-HCA10A","19"" rack mount kit for WJPR201, WJPR204, (for mounting 3 or 4 center adaptors side by side)","165.45","CAD","Recorder accessories","active"
"PC45ENCLRSRC01","Camera Cover for WV-X or S45xx Series Cameras","771.39","CAD","Cameras","active"
"PPRM35AW","PARAPET MOUNT. 1-1/2"" NPT ANSI MALE THREAD. COMPATIBLE WITH WV-QSR5XXF1 and WV-QAT501. WHITE","473.28","CAD","Recorder accessories","active"
"PWM71W","Wall mount for i-PRO mini WV-S71300, White","101.26","CAD","Recorder accessories","active"
"WV-CR1S","Tinted Dome cover option for WVSFR series Indoor Vandal dome cameras","40.95","CAD","Cameras","active"
"WV-CS5C","Clear Dome Cover Option for WVS6111/6131, PTZ indoor Network Dome Camera","82.81","CAD","Cameras","active"
"WV-CS5S","Tinted Dome Cover Option for WVS6111/6131, PTZ indoor Network Dome Camera","82.81","CAD","Cameras","active"
"WV-CW6SA","Tinted Dome Cover Option for WVSF138 and WVSW158 Mini Network Dome Cameras","14.56","CAD","Cameras","active"
"WV-CW7CN","CLEAR DOME WITH CLEARSIGHT COATING FOR OUTDOOR VANDAL DOME CAMERA","83.24","CAD","Cameras","active"
"WV-CW7S","Tinted dome cover option for WVS25XX series Outdoor Vandal Dome Cameras","40.95","CAD","Cameras","active"
"WV-CW7SN","Tinted dome cover option with Rain Wash Coating Technology for WVS25XX series Outdoor Vandal Dome Cameras","72.8","CAD","Cameras","active"
"WV-Q105A","Direct Ceiling Mount Application, Safety Bracket and Wire for indoor Fixed and PTZ Dome Cameras","72.8","CAD","Recorder accessories","active"
"WV-Q121B","Pendant mount bracket for use with Outdoor Panasonic PTZ dome cameras - WVS65xx series, WVS25xx series, WVX45xx series","178.36","CAD","Recorder accessories","active"
"WV-Q121BS","Pendant mount bracket for use with Outdoor Panasonic PTZ dome cameras, WVSW39x and WVSW59x, Anti-Salt Corrosion Coating Special Order","300.29","CAD","Recorder accessories","active"
"WV-Q122A","Outdoor Wall Mount Bracket, silver powder cost finish, camera safety strap connection, easy cable pull through","101.01","CAD","Recorder accessories","active"
"WV-Q122AS","Outdoor Wall Mount Bracket, silver powder cost finish, camera safety strap connection, easy cable pull through, Anti-Salt Corrosion Coating Special Order","239.32","CAD","Recorder accessories","active"
"WV-Q158C","Indoor Wall Mount for WVS6130","170.16","CAD","Recorder accessories","active"
"WV-Q159C","Embedded Ceiling Mount for WVS6130","162.88","CAD","Recorder accessories","active"
"WV-Q159S","Embedded Ceiling Mount for WVS6130","162.88","CAD","Recorder accessories","active"
"WV-Q160S","Direct Ceiling Mount for WVS6130","96.45","CAD","Recorder accessories","active"
"WV-Q169A","Recessed Ceiling Mount for WVS25xx series, WVSFV600 series, WVSFV300 series, WVCW634SP Vandal dome cameras","198.37","CAD","Recorder accessories","active"
"WV-Q188","Pole Mount Bracket (Silver) For use with WV-Q122A","89.17","CAD","Recorder accessories","active"
"WV-Q189","Corner Mount Bracket (Silver) For use with WV-Q122A","107.37","CAD","Recorder accessories","active"
"WV-QAT500-W","Pipe Attachment 1 1/2 inch NPT (For 3rd.party pipe) - use WVQ179 as alternate","32.76","CAD","Cameras","active"
"WV-QAT501-W","Attachment Pipe White","61.78","CAD","Cameras","active"
"WV-QCA501A","I/O Cable","27.75","CAD","Cameras","active"
"WV-QCA501APK","I/O Cable 10 Pack","222.94","CAD","Cameras","active"
"WV-QCA502","I/O Cable for AERO PTZ","76.25","CAD","Cameras","active"
"WV-QCD100C-W","INDOOR DOME COVER FOR WV-S61301-Z2, U61301-Z2 AND U61301-Z1, CLEAR","133.46","CAD","Cameras","active"
"WV-QCD100G-W","INDOOR DOME COVER FOR WV-S61301-Z2, U61301-Z2 and U61301-Z1, SMOKED","133.46","CAD","Cameras","active"
"WV-QCL100-W","Ceiling Mount, Indoor pendant mount bracket (Metric) - as alternate for PHM-5","58.7","CAD","Recorder accessories","active"
"WV-QCL101-B","PENDANT MOUNT BRACKET /1 PART (BLACK), MADE-TO-ORDER MODEL","119.54","CAD","Recorder accessories","active"
"WV-QCL101-W","Ceiling Mount, Indoor pendant mount bracket (Imperial)","58.7","CAD","Recorder accessories","active"
"WV-QCL102-B","UNIVERSAL CAMERA MOUNTING BRACKET FOR A CAMERA WITH TRIPOD SCREW HOLE, BLACK COLOR","115.37","CAD","Recorder accessories","active"
"WV-QCL102-W","UNIVERSAL CAMERA MOUNTING BRACKET FOR A CAMERA WITH TRIPOD SCREW HOLE","115.37","CAD","Recorder accessories","active"
"WV-QCL500-S","Low Profile Ceiling surface mount bracket (Silver)","124.66","CAD","Recorder accessories","active"
"WV-QCL500-W","OUTDOOR EMBEDDED CEILING MOUNT BRACKET FOR S65340 SERIES","173.07","CAD","Recorder accessories","active"
"WV-QCL501-B","CEILING MOUNT BRACKET (SAME SHAPE AS WV-Q121B), BLACK","102.48","CAD","Recorder accessories","active"
"WV-QCL501S-W","OUTDOOR CEILING MOUNT BRACKET, SALT RESISTANCE, 4-SCREW TYPE","535.45","CAD","Recorder accessories","active"
"WV-QCL501-W","Ceiling Mount Bracket (This bracket requires WVQSR501W) - use WVQ121B as alternate","117.84","CAD","Recorder accessories","active"
"WV-QCN500-B","CORNER MOUNT BARCKET,BLACK","132.35","CAD","Recorder accessories","active"
"WV-QCN500S-G","CORNER MOUNT BRACKET, SALT RESISTANT, GREY","156.1","CAD","Recorder accessories","active"
"WV-QCN500S-W","CORNER MOUNT BRACKET, SALT RESISTANT, WHITE","156.1","CAD","Recorder accessories","active"
"WV-QCN500-W","Corner Mount Bracket (This bracket requires WVQWL501W) - use WVQ183 as alternate","76.89","CAD","Recorder accessories","active"
"WV-QDC100C-W","CLEAR DOME COVER FOR S61302-Z4","113.95","CAD","Cameras","active"
"WV-QDC100G-W","SMOKE DOME COVER FOR S61302-Z4","113.95","CAD","Cameras","active"
"WV-QDC101C","CLEAR DOME COVER FOR U21XX/ U25XX/S613XX","20.36","CAD","Cameras","active"
"WV-QDC102C","CLEAR DOME COVER FOR S6130","33.93","CAD","Cameras","active"
"WV-QDC200C","CLEAR DOME COVER FOR S22XX/ X22XX","50.91","CAD","Cameras","active"
"WV-QDC500C","Dome Cover for U21x0 (indoor dome) / U25x0 (outdoor vandal dome) (clear)","40.72","CAD","Cameras","active"
"WV-QDC500S","SMOKE DOME COVER, COMPATIBLE WITH U SERIES FIXED DOME CAMERA U21X0L, U25X0L","54.86","CAD","Cameras","active"
"WV-QDC501C","Dome Cover for S85xx (outdoor vandal multi-sensor) (clear)","91.62","CAD","Cameras","active"
"WV-QDC501G","SMOKE DOME COVER, COMPATIBLE WITH WV-S857X/S856X/S854X","58.95","CAD","Cameras","active"
"WV-QDC502C","Dome Cover for S6530x / B6530x (outdoor vandal PTZ) (clear)","81.44","CAD","Cameras","active"
"WV-QDC502G","SMOKE DOME COVER FOR U65302-Z2 AND U65302-Z2G","81.44","CAD","Cameras","active"
"WV-QDC503C","CLEAR DOME COVER FOR X65XX / S65XX/ X85XX","132.35","CAD","Cameras","active"
"WV-QDC503CN","CLEAR SIGHT DOME COVER FOR X65XX / S65XX / X85XX","237.55","CAD","Cameras","active"
"WV-QDC503G","SMOKE DOME COVER FOR S65340-Z4N, S65340-Z4G, S65340-Z2N AND S65340-Z2G","134.44","CAD","Cameras","active"
"WV-QDC504C","CLEAR DOME COVER FOR S25XX/ X25XX","50.91","CAD","Cameras","active"
"WV-QDC505C","CLEAR DOME COVER FOR S31XX / S35XX/SFV130","16.96","CAD","Cameras","active"
"WV-QDC506C","CLEAR DOME COVER FOR SBV131M","67.87","CAD","Cameras","active"
"WV-QDC507C","CLEAR DOME COVER FOR S45XX","67.87","CAD","Cameras","active"
"WV-QDC508C","CLEAR DOME COVER FOR S66XXX / X66XXX","186.64","CAD","Cameras","active"
"WV-QDC508CN","CLEAR SIGHT DOME COVER FOR S66XX / X66XX","162.89","CAD","Cameras","active"
"WV-QDC509CN","CLEAR SIGHT DOME COVER FOR X25580","101.8","CAD","Cameras","active"
"WV-QED100C-W","EMBEDDED CEILING MOUNT FOR WV-S61301-Z2, U61301-Z2 AND U61301-Z1, CLEAR","227.18","CAD","Recorder accessories","active"
"WV-QED100G-W","EMBEDDED CEILING MOUNT FOR WV-S61301-Z2, U61301-Z2 AND U61301-Z1, SMOKED","227.18","CAD","Recorder accessories","active"
"WV-QEM100-B","EMBEDDED CEILING MOUNT BRACKET (SAME SHAPE AS WV-Q174B) BLACK, MADE-TO-ORDER MODEL","83.02","CAD","Recorder accessories","active"
"WV-QEM100-W","Embedded Ceiling Mount Bracket (i-PRO white)","37.53","CAD","Recorder accessories","active"
"WV-QEM101-W","INDOOR EMBEDDDED CEILING MOUNT BRACKET FOR THE WV-S61302-Z4","178.02","CAD","Recorder accessories","active"
"WV-QEM500-W","Embedded Ceiling Mount Bracket - use WVQ169A as alternate","127.39","CAD","Recorder accessories","active"
"WV-QEM501-W","INDOOR EMBEDDED CEILING MOUNT BRACKET FOR WV-U61300-ZY, WV-U61300-ZYG","85.56","CAD","Recorder accessories","active"
"WV-QEM502-W","INDOOR EMBEDDED CEILING MOUNT BRACKET FOR WV-U61300-ZY, WV-U61300-ZYG","85.56","CAD","Recorder accessories","active"
"WV-QEM503-W","INDOOR EMBEDDED CEILING MOUNT BRACKET FOR WV-U65301-Z1, WV-U65301-Z1G","101.8","CAD","Recorder accessories","active"
"WV-QEM504-W","INDOOR EMBEDDED CEILING MOUNT BRACKET FOR WV-U65302-Z2, WV-U65302-Z2G","101.8","CAD","Recorder accessories","active"
"WV-QEM505-W","CEILING SURFACE MOUNT BRACKET. BACKBOX FOR ANSI NPSM (PARALLEL PIPE THREADS) 3/4"" CONDUIT, COMPATIBLE WITH WITH WV-S35XX, WV-U2XX0, WV-X35XXX, WV-S35XXX, WV-U35XXX. BLACK.","118.77","CAD","Recorder accessories","active"
"WV-QEM506-B","EMBEDDED CEILING MOUNT BRCKET FOR MULTI-DIRECTIONAL+PTZ(BLACK)","308.82","CAD","Recorder accessories","active"
"WV-QEM506-W","EMBEDDED CEILING MOUNT BRCKET FOR MULTI-DIRECTIONAL+PTZ(WHITE)","308.82","CAD","Recorder accessories","active"
"WV-QJB500-B","BACKBOX BRACKET FOR OUTDOOR BOX CAMERA (BLACK)","79.76","CAD","Recorder accessories","active"
"WV-QJB500-W","Adapter Box - no alternate","37.99","CAD","Cameras","active"
"WV-QJB501-W","Base Bracket for Standard Conduit connection - no alternate","40.95","CAD","Recorder accessories","active"
"WV-QJB502A-B","CEILING SURFACE MOUNT BRACKET. BACKBOX FOR ANSI NPSM (PARALLEL PIPE THREADS) 3/4"" CONDUIT, COMPATIBLE WITH WITH WV-S35XX, WV-U2XX0, WV-X35XXX, WV-S35XXX, WV-U35XXX. BLACK.","61.09","CAD","Recorder accessories","active"
"WV-QJB502A-W","CEILING SURFACE MOUNT BRACKET. BACKBOX FOR ANSI NPSM (PARALLEL PIPE THREADS) 3/4"" CONDUIT, COMPATIBLE WITH WV-S35XX, WV-U2XX0, WV-X35XXX, WV-S35XXX, WV-U35XXX. WHITE.","61.09","CAD","Recorder accessories","active"
"WV-QJB502-G","Ceiling Surface Mount Bracket","25.25","CAD","Recorder accessories","active"
"WV-QJB502-W","Ceiling surface mount bracket (i-PRO white)","25.25","CAD","Recorder accessories","active"
"WV-QJB503-W","CEILING SURFACE MOUNT BRACKET. BACKBOX FOR ANSI NPSM (PARALLEL PIPE THREADS) 3/4"" CONDUIT, COMPATIBLE WITH WV-S857X/S856X/S854X, WHITE.","44.03","CAD","Recorder accessories","active"
"WV-QJB504-W","OUTDOOR BASE MOUNT BRACKET FOR OUTDOOR DOME CAMERA","86.19","CAD","Recorder accessories","active"
"WV-QJB505-W","CEILING SURFACE MOUNT BRACKET. BACKBOX FOR ANSI NPSM (PARALLEL PIPE THREADS) 3/4"" CONDUIT, COMPATIBLE WITH WITH WV-S35XX, WV-U2XX0, WV-X35XXX, WV-S35XXX, WV-U35XXX. BLACK.","86.19","CAD","Recorder accessories","active"
"WV-QJB506-B","BASE MOUNT BRACKET FOR X25580 (BLACK)","135.75","CAD","Recorder accessories","active"
"WV-QPL500-B","POLE MOUNT BARCKET, BLACK","232.39","CAD","Recorder accessories","active"
"WV-QPL500S-W","POLE MOUNT BRACKET, SALT RESISTANT, WHITE","156.1","CAD","Recorder accessories","active"
"WV-QPL500-W","Pole Mount Bracket (This bracket requires WVQWL501W) - use WVQ182 as alternate","63.69","CAD","Recorder accessories","active"
"WV-QSR100-B","SUNSHADE FOR INDOOR DOME CAMERA, BLACK COLOR","44.12","CAD","Cameras","active"
"WV-QSR100-W","SUNSHADE FOR INDOOR DOME CAMERA","44.12","CAD","Cameras","active"
"WV-QSR500-W","Sun Shade - use WVQ7118 as alternate","39.82","CAD","Cameras","active"
"WV-QSR501-B","SHROUD BRACKET (SAME SHAPE AS WV-Q124) BLACK, MADE-TO-ORDER MODEL","119.68","CAD","Recorder accessories","active"
"WV-QSR501F1-W","OUTDOOR SHROUD BRACKET, ANSI FEMALE THREAD TYPE","108.59","CAD","Recorder accessories","active"
"WV-QSR501F-W","OUTDOOR SHROUD BRACKET, ISO FEMALE THREAD TYPE","108.59","CAD","Recorder accessories","active"
"WV-QSR501M1-W","OUTDOOR SHROUD BRACKET, ANSI MALE THREAD TYPE","108.59","CAD","Recorder accessories","active"
"WV-QSR501M-W","OUTDOOR SHROUD BRACKET, ISO MALE THREAD TYPE","108.59","CAD","Recorder accessories","active"
"WV-QSR501S-W","SHROUD BRACKET (SAME SHAPE AS WV-Q124) WHITE, SALT RESISTANCE","135.75","CAD","Recorder accessories","active"
"WV-QSR501-W","Mount Bracket, (This bracket requires WVQWL501W or WVQCL501W) - use WVQ186 as alternate","31.85","CAD","Recorder accessories","active"
"WV-QSR502A-W","Mount Bracket (I-Pro White)","63.69","CAD","Recorder accessories","active"
"WV-QSR503F1-W","SHROUD BRACKET (ANSI Female Thread), COMPATIBLE WITH WV-S857X/S856X/S854X, AND PWM40W, PWM25W, PPRM35W, WHITE","43.34","CAD","Recorder accessories","active"
"WV-QSR503F-W","SHROUD BRACKET (ISO Female Thread), COMPATIBLE WITH WV-S857X/S856X/S854X, AND PWM40W, PWM25W, PPRM35W, WHITE","43.34","CAD","Recorder accessories","active"
"WV-QSR503M1-W","SHROUD BRACKET (ANSI Male Thread), COMPATIBLE WITH WV-S857X/S856X/S854X, AND WV-QCL101-W, WHITE","43.34","CAD","Recorder accessories","active"
"WV-QSR503M-W","SHROUD BRACKET (ISO Male Thread), COMPATIBLE WITH WV-S857X/S856X/S854X, AND WV-QCL101-W, WHITE","43.34","CAD","Recorder accessories","active"
"WV-QSR503-W","SHROUD BRACKET (4 holes), COMPATIBLE WITH WV-S857X/S856X/S854X, AND WV-QWL501-W, WV-QCL501-W, WHITE","34.69","CAD","Recorder accessories","active"
"WV-QSR504-B","OUTDOOR BASE MOUNT BRACKET FOR S65340 SERIES, 4-SCREW TYPE WITH WV-QWL501-B/WV-QCL501-B","67.87","CAD","Recorder accessories","active"
"WV-QSR504F1-W","OUTDOOR BASE MOUNT BRACKET FOR S65340 SERIES, ANSI FEMALE THREAD TYPE WITH PPRM35W","67.87","CAD","Recorder accessories","active"
"WV-QSR504F-W","OUTDOOR BASE MOUNT BRACKET FOR S65340 SERIES, ISO FEMALE THREAD TYPE","67.87","CAD","Recorder accessories","active"
"WV-QSR504M1-W","OUTDOOR BASE MOUNT BRACKET FOR S65340 SERIES, ANSI MALE THREAD TYPE WITH WV-QCL101-W","67.87","CAD","Recorder accessories","active"
"WV-QSR504M-W","OUTDOOR BASE MOUNT BRACKET FOR S65340 SERIES, ISO MALE THREAD TYPE","67.87","CAD","Recorder accessories","active"
"WV-QSR504S-W","OUTDOOR BASE MOUNT BRACKET FOR S65340-Z4K AND S65340-Z2K, SALT RESISTANCE , 4-SCREW TYPE WITH WV-QWL501S-W","118.77","CAD","Recorder accessories","active"
"WV-QSR504-W","OUTDOOR BASE MOUNT BRACKET FOR S65340 SERIES, 4-SCREW TYPE WITH WV-QWL501-W/WV-QCL501-W","67.87","CAD","Recorder accessories","active"
"WV-QSR505-B","SUNSHADE FOR OUTDOOR DOME CAMERA, BLACK COLOR","47.52","CAD","Cameras","active"
"WV-QSR505-W","SUNSHADE FOR OUTDOOR DOME CAMERA","47.52","CAD","Cameras","active"
"WV-QSR506F1-W","CEILING SURFACE MOUNT BRACKET. BACKBOX FOR ANSI NPSM (PARALLEL PIPE THREADS) 3/4"" CONDUIT, COMPATIBLE WITH WITH WV-S35XX, WV-U2XX0, WV-X35XXX, WV-S35XXX, WV-U35XXX. BLACK.","67.87","CAD","Recorder accessories","active"
"WV-QSR506F-W","CEILING SURFACE MOUNT BRACKET. BACKBOX FOR ANSI NPSM (PARALLEL PIPE THREADS) 3/4"" CONDUIT, COMPATIBLE WITH WITH WV-S35XX, WV-U2XX0, WV-X35XXX, WV-S35XXX, WV-U35XXX. BLACK.","67.87","CAD","Recorder accessories","active"
"WV-QSR506M1-W","CEILING SURFACE MOUNT BRACKET. BACKBOX FOR ANSI NPSM (PARALLEL PIPE THREADS) 3/4"" CONDUIT, COMPATIBLE WITH WITH WV-S35XX, WV-U2XX0, WV-X35XXX, WV-S35XXX, WV-U35XXX. BLACK.","67.87","CAD","Recorder accessories","active"
"WV-QSR506M-W","CEILING SURFACE MOUNT BRACKET. BACKBOX FOR ANSI NPSM (PARALLEL PIPE THREADS) 3/4"" CONDUIT, COMPATIBLE WITH WITH WV-S35XX, WV-U2XX0, WV-X35XXX, WV-S35XXX, WV-U35XXX. BLACK.","67.87","CAD","Recorder accessories","active"
"WV-QSR506S-W","CEILING SURFACE MOUNT BRACKET. BACKBOX FOR ANSI NPSM (PARALLEL PIPE THREADS) 3/4"" CONDUIT, COMPATIBLE WITH WITH WV-S35XX, WV-U2XX0, WV-X35XXX, WV-S35XXX, WV-U35XXX. BLACK.","118.77","CAD","Recorder accessories","active"
"WV-QSR506-W","CEILING SURFACE MOUNT BRACKET. BACKBOX FOR ANSI NPSM (PARALLEL PIPE THREADS) 3/4"" CONDUIT, COMPATIBLE WITH WITH WV-S35XX, WV-U2XX0, WV-X35XXX, WV-S35XXX, WV-U35XXX. BLACK.","67.87","CAD","Recorder accessories","active"
"WV-QSR507-B","SHROUD BRACKET FOR DUAL-SENSOR CAMERA, 4-SCREW TYPE(BLACK)","101.8","CAD","Recorder accessories","active"
"WV-QSR507F1-B","SHROUD BRACKET FOR DUAL-SENSOR CAMERA, ANSI FEMALE THREAD(BLACK)","101.8","CAD","Recorder accessories","active"
"WV-QSR507F1-W","SHROUD BRACKET FOR DUAL-SENSOR CAMERA, ANSI FEMALE THREAD(WHITE)","101.8","CAD","Recorder accessories","active"
"WV-QSR507F-B","SHROUD BRACKET FOR DUAL-SENSOR CAMERA, ISO FEMALE THREAD(BLACK)","101.8","CAD","Recorder accessories","active"
"WV-QSR507F-W","SHROUD BRACKET FOR DUAL-SENSOR CAMERA, ISO FEMALE THREAD(WHITE)","101.8","CAD","Recorder accessories","active"
"WV-QSR507M1-B","SHROUD BRACKET FOR DUAL-SENSOR CAMERA, ANSI MALE THREAD(BLACK)","101.8","CAD","Recorder accessories","active"
"WV-QSR507M1-W","SHROUD BRACKET FOR DUAL-SENSOR CAMERA, ANSI MALE THREAD(WHITE)","101.8","CAD","Recorder accessories","active"
"WV-QSR507M-B","SHROUD BRACKET FOR DUAL-SENSOR CAMERA, ISO MALE THREAD(BLACK)","101.8","CAD","Recorder accessories","active"
"WV-QSR507M-W","SHROUD BRACKET FOR DUAL-SENSOR CAMERA, ISO MALE THREAD(WHITE)","101.8","CAD","Recorder accessories","active"
"WV-QSR507-W","SHROUD BRACKET FOR DUAL-SENSOR CAMERA, 4-SCREW TYPE(WHITE)","101.8","CAD","Recorder accessories","active"
"WV-QSR508-B","SHROUD BRACKET FOR MULTI-DIRECTIONAL+PTZ(, 4-SCREW TYPE(BLACK)","101.8","CAD","Recorder accessories","active"
"WV-QSR508F1-B","SHROUD BRACKET FOR MULTI-DIRECTIONAL+PTZ, ANSI FEMALE THREAD(BLACK)","101.8","CAD","Recorder accessories","active"
"WV-QSR508F1-W","SHROUD BRACKET FOR MULTI-DIRECTIONAL+PTZ, ANSI FEMALE THREAD(WHITE)","101.8","CAD","Recorder accessories","active"
"WV-QSR508F-B","SHROUD BRACKET FOR MULTI-DIRECTIONAL+PTZ, ISO FEMALE THREAD(BLACK)","101.8","CAD","Recorder accessories","active"
"WV-QSR508F-W","SHROUD BRACKET FOR MULTI-DIRECTIONAL+PTZ, ISO FEMALE THREAD(WHITE)","101.8","CAD","Recorder accessories","active"
"WV-QSR508M1-B","SHROUD BRACKET FOR MULTI-DIRECTIONAL+PTZ, ANSI MALE THREAD(BLACK)","101.8","CAD","Recorder accessories","active"
"WV-QSR508M1-W","SHROUD BRACKET FOR MULTI-DIRECTIONAL+PTZ, ANSI MALE THREAD(WHITE)","101.8","CAD","Recorder accessories","active"
"WV-QSR508M-B","SHROUD BRACKET FOR MULTI-DIRECTIONAL+PTZ, ISO MALE THREAD(BLACK)","101.8","CAD","Recorder accessories","active"
"WV-QSR508M-W","SHROUD BRACKET FOR MULTI-DIRECTIONAL+PTZ, ISO MALE THREAD(WHITE)","101.8","CAD","Recorder accessories","active"
"WV-QSR508-W","SHROUD BRACKET FOR MULTI-DIRECTIONAL+PTZ(, 4-SCREW TYPE(WHITE)","101.8","CAD","Recorder accessories","active"
"WV-QWD100C-W","INDOOR WALL MOUNT BRACKET FOR WV-S61301-Z2, U61301-Z2 AND U61301-Z1, CLEAR","259.64","CAD","Recorder accessories","active"
"WV-QWD100G-W","INDOOR WALL MOUNT BRACKET FOR WV-S61301-Z2, U61301-Z2 AND U61301-Z1, SMOKED","259.64","CAD","Recorder accessories","active"
"WV-QWL100-W","INDOOR WALL MOUNT BRACKET FOR WV-S61302-Z4","195.5","CAD","Recorder accessories","active"
"WV-QWL500-B","INTEGRATED WALL MOUNT BRACKET (BLACK), COMPATIBLE WITH WV-U2XXX, S3XXX, S2XXX, X2XXX, X4XXX, S4XXX SEREIS, MADE-TO-ORDER MODEL","80.0","CAD","Recorder accessories","active"
"WV-QWL500-W","Wall Mount Bracket - use WVQ185 + WVQ186 for WVU25xx only as alternate","75.99","CAD","Recorder accessories","active"
"WV-QWL501-B","WALL MOUNT BRACKET (SAME SHAPE AS WV-Q122A) BLACK, MADE-TO-ORDER MODEL","178.16","CAD","Recorder accessories","active"
"WV-QWL501S-W","OUTDOOR WALL MOUNT BRACKET, SALT RESISTANCE, 4-SCREW TYPE","638.09","CAD","Recorder accessories","active"
"WV-QWL501-W","Wall Mount Bracket (This bracket requires WVQSR501W) - use WVQ185 as alternate","72.34","CAD","Recorder accessories","active"
"WV-QWL502-W","WALL OR POLE MOUNT BRACKET FOR X66XXX OR S66XXX","159.5","CAD","Recorder accessories","active"
"WV-QWL503-B","WALL MOUNT BRACKET, BLACK, FOR AERO PTZ","420.8","CAD","Recorder accessories","active"
"WV-QWL503-G","WALL MOUNT BRACKET, GREY, FOR AERO PTZ","420.8","CAD","Recorder accessories","active"
"WV-QWL503S-B","WALL MOUNT BRACKET, SALT RESISTANT, BLACK, FOR AERO PTZ","631.2","CAD","Recorder accessories","active"
"WV-QWL503S-G","WALL MOUNT BRACKET, SALT RESISTANT, GREY, FOR AERO PTZ","631.2","CAD","Recorder accessories","active"
"WV-QWL504-B","WALL MOUNT BRACKET, BLACK, FOR S65340","356.32","CAD","Recorder accessories","active"
"WV-QWL504S-W","WALL MOUNT BRACKET, SALT RESISTANT, WHITE, FOR S65340","536.17","CAD","Recorder accessories","active"
"WV-QWL504-W","WALL MOUNT BRACKET, WHITE, FOR S65340","356.32","CAD","Recorder accessories","active"
"WV-SDA032G","i-PRO 32GB SD","50.05","CAD","Cameras","active"
"WV-SDA064G","SDXC MEMORY CARD FOR I-PRO DEVICES (64GB) MAKE-TO-ORDER PRODUCT, STANDARD DELIVERY DATE 3 MONTHS","121.65","CAD","Cameras","active"
"WV-SDA128G","SDXC MEMORY CARD FOR I-PRO DEVICES (128GB) MAKE-TO-ORDER PRODUCT, STANDARD DELIVERY DATE 3 MONTHS","203.81","CAD","Cameras","active"
"WV-SDA256G","SDXC MEMORY CARD FOR I-PRO DEVICES (256GB) MAKE-TO-ORDER PRODUCT, STANDARD DELIVERY DATE 3 MONTHS","371.15","CAD","Cameras","active"
"WV-SDA512G","SDXC MEMORY CARD FOR I-PRO DEVICES (512GB) MAKE-TO-ORDER PRODUCT, STANDARD DELIVERY DATE 3 MONTHS","679.19","CAD","Cameras","active"
"WV-SDB032G","i-PRO 32GB Micro SD","44.59","CAD","Cameras","active"
"WV-SDB064G","i-PRO 64GB Micro SD","71.88","CAD","Cameras","active"
"WV-SDB128G","MICROSDXC MEMORY CARD FOR I-PRO DEVICES (128GB) MAKE-TO-ORDER PRODUCT,","195.32","CAD","Cameras","active"
"WV-SDB256G","MICROSDXC MEMORY CARD FOR I-PRO DEVICES (256GB) MAKE-TO-ORDER PRODUCT,","361.41","CAD","Cameras","active"
"WV-SUD6FRL1","I/R LED light option for WVSUD638 Special Order","832.6","CAD","Cameras","active"
"WV-CU980","System/Ethernet Controller for ASM300 Management Software , VI Monitor +","1758.94","CAD","Controllers","active"
"WJ-PC200","Hi Speed, Coax to LAN converter with PoE over long distance function - Camera End Unit (works with PR201 or PR204)","216.25","CAD","Cameras","active"
"WJ-PR201","Hi Speed, Coax to LAN converter 1 channel receiver unit (works with camera end unit WJPC200P)","243.41","CAD","Cameras","active"
"WJ-PR204","Hi Speed, Coax to LAN converter 4 channel receiver unit (works with camera end unit WJPC200P)","632.67","CAD","Cameras","active"
"WJ-PU201","60W POE INJECTOR, IEEE802.3bt/at/af, INPUT VOLTAGE 100 to 240 V AC","173.07","CAD","Power Supply","active"
"WV-PM500","COMPACT MICROPHONE UNIT FOR SURVEILLANCE CAMERA","115.37","CAD","Audio and power accessories","active"
"WJ-NU101K","4CH/4POE+ NVR H.265/H.264 W/ NO HDD","846.44","CAD","Recordings","active"
"WJ-NU201K","8CH/8POE+ NVR H.265/H.264 W/ NO HDD","919.89","CAD","Recordings","active"
"WJ-NU300K","16CH/8POE+ NVR H.265/H.264 W/ NO HDD","1029.99","CAD","Recordings","active"
"WJ-NU301K","16CH/16POE+ NVR H.265/H.264 W/ NO HDD","1215.37","CAD","Recordings","active"
"WJ-NX310K","16-32CH NVR H.265/H.264 W/ NO HDD HDD 4slot, HDD capacity 20TB","2393.6","CAD","Recordings","active"
"WJ-NX410K","32-64CH NVR H.26564/H.264 W/ NO HDD HDD 9slot, HDD capacity 20TB","4025.6","CAD","Recordings","active"
"WJ-NX510K","64-128 CH NVR H.265/H.264 W/ NO HDD HDD 9slot, HDD capacity 20TB","5657.6","CAD","Recordings","active"
"WJ-HXE410","9-DRIVE EXTENTION UNIT W/ NO HDD","2502.4","CAD","Recordings","active"
"WJ-NXE30W","8 Ch Camera License Key for WJNX300KP , (Expand by 8 cameras per 1 license)","445.6","CAD","Software and licensing","active"
"WJ-NXE32W","EXTENSION LICENSE FOR WJ-NX310P, 8CH LICENSE","518.1","CAD","Software and licensing","active"
"WJ-NXE33W","EXTENSION LICENSE FOR WJ-NX310KP, 16CH LICENSE","777.14","CAD","Software and licensing","active"
"WJ-NXE40W","32 Ch Camera License Key for WJNX400KP, (Expand by 32 cameras per license","2318.04","CAD","Software and licensing","active"
"WJ-NXE42W","EXTENSION LICENSE FOR WJ-NX410KP, 32CH LIENSE","2201.9","CAD","Software and licensing","active"
"WJ-NXE52W","EXTENSION LICENSE FOR WJ-NX510KP, 32CH LISENCE","2201.9","CAD","Software and licensing","active"
"WJ-NXE53W","EXTENSION LICENSE FOR WJ-NX510KP, 64CH LISENCE","3238.1","CAD","Software and licensing","active"
"WJ-NXR30W","RAID 5 / 6 license Kit for WJ-NX300KP","445.6","CAD","Software and licensing","active"
"WJ-NXS01W","Symantec certification license for WJNX200KP / WJNX300KP / WJNX400KP, 1 channel","135.09","CAD","Software and licensing","active"
"WJ-NXS04W","Symantec certification license for WJNX200KP / WJNX300KP / WJNX400KP, 4 channel","286.12","CAD","Software and licensing","active"
"WJ-NXS16W","Symantec certification license for WJNX200KP / WJNX300KP / WJNX400KP, 16 channel","791.75","CAD","Software and licensing","active"
"WJ-NXS32W","Symantec certification license for WJNX300KP / WJNX400KP 32 channel","1280.5","CAD","Software and licensing","active"
"WV-QRM001","BRACKET OF VERTICAL INSTALLATION FOR NU RECORDER","61.09","CAD","Recordings","active"
"WV-QRM101","BRACKET OF RACK-MOUNT FOR NU RECORDER","61.09","CAD","Recordings","active"
"WV-QRM201","BRACKET OF WALL MOUNTING/RACK-MOUNT FOR NU RECORDER","33.93","CAD","Recordings","active"
"WV-ASE202W","Optional Software Extension for WV-ASM200W, View up to 64 Video Stream, On-Line activation key code","463.42","CAD","Software and licensing","active"
"WV-ASE203W","Optional Software Extension for WV-ASM200W, Register additional 100 recorders per license - On-Line activation key code","463.42","CAD","Software and licensing","active"
"WV-ASM300W","I-Pro Video Management Software, BASIC, + Multi-Monitor, and WVCU950P Functions included","926.84","CAD","Software and licensing","active"
"AGS-L-R-1-12TB","i-PRO LOW RESOURCE AG SERVER|1x XEON 10C/20T CPU, 32GB RAM, WINDOWS SERVER 2022 INSTALLED ON 2X 256GB M.2 SSD (RAID1) - STORAGE: 3 x 4TB ENTERPRISE HDD (12TB TOTAL, 8TB USABLE AFTER RAID5), 2 x PSU, 2 x 1GBPS LOM. UNIT INCLUDES KEYBOARD, MOUSE, RAILS. NO OPTICAL DRIVE. TESTED IN HOUSE, 5 YEAR PRO-LIMITED HARDWARE WARRANTY WITH ON-SIGHT SERVICE","17451.69","CAD","Power Supply","active"
"AGS-M-R-2-24TB","i-PRO MEDIUM RESOURCE AG SERVER|2x XEON SILVER 10C/20T CPU, 64GB RAM, WINDOWS SERVER 2022 INSTALLED ON 2 x 256GB M.2 SSD (RAID1) - STORAGE: 3 x 12TB ENTERPRISE HDD (24TB TOTAL, 16TB USABLE AFTER RAID5), 2 x PSU, 2 x 1GBPS LOM, 2 x 10GBPS SFP+ NIC, SQL STANDARD 5C/5S. UNIT INCLUDES KEYBOARD, MOUSE, RAILS. NO OPTICAL DRIVE. TESTED IN HOUSE, 5 YEAR I-PRO-LIMITED HARDWARE WARRANTY WITH ON-SIGHT SERVICE","24436.13","CAD","Power Supply","active"
"AGS-RL-L-4TB","SPECIAL ORDER * i-PRO SRL1, I-PRO LOW RESOURCE AG SERVER | 1x XEON 6C/12T CPU, 32GB RAM, WINDOWS SERVER 2019 STD OS INSTALLED ON 1 x M.2 SSD - STORAGE: 1 x 4TB ENTERPRISE HDD (NO RAID), SINGLE PSU, 2 x 1GBPS LOM, KEYBOARD & MOUSE, RAILS, NO OPTICAL DRIVE, TESTED IN HOUSE, 3 YEAR PRO-LIMITED HARDWARE WARRANTY WITH ON-SIGHT SERVICE.","6575.52","CAD","Power Supply","active"
"AGS-R-1-L-4TB","i-PRO LOW RESOURCE AG SERVER|1x XEON SILVER 12C/24T CPU, 32GB RAM, WINDOWS SERVER 2022 INSTALLED ON 2x 256GB M.2 SSD (RAID1) - STORAGE: 1x 3.84TB SSD, 2x 600W PSU, 2x 1GBPS RJ45, 2x 10GB SFP+. UNIT INCLUDES SQL SERVER 2022 STD, KEYBOARD, MOUSE, RAILS. NO OPTICAL DRIVE. TESTED IN HOUSE, 5 YEAR PRO-LIMITED HARDWARE WARRANTY WITH ON-SIGHT SERVICE","22330.0","CAD","Power Supply","active"
"AGS-R-2-M-4TB","i-PRO MED RESOURCE AG SERVER|2x XEON SILVER 12C/24T CPU, 64GB RAM, WINDOWS SERVER 2022 INSTALLED ON 2x 256GB M.2 SSD (RAID1) - STORAGE: 1x 3.84TB SSD, 2x 800W PSU, 2x 1GBPS RJ45, 2x 10GB SFP+. UNIT INCLUDES SQL SERVER 2022 STD, KEYBOARD, MOUSE, RAILS. NO OPTICAL DRIVE. TESTED IN HOUSE, 5 YEAR PRO-LIMITED HARDWARE WARRANTY WITH ON-SIGHT SERVICE","27202.0","CAD","Power Supply","active"
"AGS-R-2-H-4TB","i-PRO HIGH RESOURCE AG SERVER|2x XEON SILVER 16C/32T CPU, 128GB RAM, WINDOWS SERVER 2022 INSTALLED ON 2x 256GB M.2 SSD (RAID1) - STORAGE: 1x 3.84TB SSD, 2x 800W PSU, 2x 1GBPS RJ45, 2x 10GB SFP+. UNIT INCLUDES SQL SERVER 2022 STD, KEYBOARD, MOUSE, RAILS. NO OPTICAL DRIVE. TESTED IN HOUSE, 5 YEAR PRO-LIMITED HARDWARE WARRANTY WITH ON-SIGHT SERVICE","35139.3","CAD","Power Supply","active"
"AGS-RL-1-L-4TB","SPECIAL ORDER * i-PRO SRL1, I-PRO LOW RESOURCE AG SERVER | 1x XEON 6C/12T CPU, 32GB RAM, WINDOWS SERVER 2019 STD OS INSTALLED ON 1 x M.2 SSD - STORAGE: 1 x 4TB ENTERPRISE HDD (NO RAID), SINGLE PSU, 2 x 1GBPS LOM, KEYBOARD & MOUSE, RAILS, NO OPTICAL DRIVE, TESTED IN HOUSE, 3 YEAR PRO-LIMITED HARDWARE WARRANTY WITH ON-SIGHT SERVICE.","6575.52","CAD","Power Supply","active"
"NVR-DTL-1-16TB-V4","i-PRO STL-2, 1x XEON 4C/8T CPU, 32GB RAM, WINDOWS 11 PRO OS INSTALLED ON M.2 SSD - STORAGE: 4 x 4TB HDD (16TB TOTAL, 12TB USABLE AFTER RAID5), 2 x 1GB RJ-45. UNIT INCLUDES KEYBOARD, MOUSE. NO RAILS, NO OPTICAL DRIVE, NO LICENSING 3 YEAR HARDWARE WARRANTY +I-PRO SUPPORT. VI ENTERPRISE SERVER ACTIVATION PRE-CONFIGURED IN HOUSE, INCLUDES 1 YEAR OF VI HM+ .","5311.18","CAD","Video Management System","active"
"NVR-DTL-1-36TB-V4","i-PRO STL-2, 1x XEON 4C/8T CPU, 32GB RAM, WINDOWS 11 PRO OS INSTALLED ON M.2 SSD - STORAGE: 3 x 12TB HDD (36TB TOTAL, 24TB USABLE AFTER RAID5), 2 x 1GB RJ-45. UNIT INCLUDES KEYBOARD, MOUSE. NO RAILS, NO OPTICAL DRIVE, NO LICENSING 3 YEAR HARDWARE WARRANTY +I-PRO SUPPORT. VI ENTERPRISE SERVER ACTIVATION PRE-CONFIGURED IN HOUSE, INCLUDES 1 YEAR OF VI HM+ .","6345.22","CAD","Video Management System","active"
"NVR-DTL-1-48TB-V4","i-PRO STL-2, 1x XEON 4C/8T CPU, 32GB RAM, WINDOWS 11 PRO OS INSTALLED ON M.2 SSD - STORAGE: 4 x 12TB HDD (48TB TOTAL, 36TB USABLE AFTER RAID5), 2 x 1GB RJ-45. KEYBOARD & MOUSE. NO RAILS, NO OPTICAL DRIVE, NO LICENSING 3 YEAR HARDWARE WARRANTY +I-PRO SUPPORT. VI ENTERPRISE SERVER ACTIVATION PRE-CONFIGURED IN HOUSE, INCLUDES 1 YEAR OF VI HM+ .","6862.23","CAD","Video Management System","active"
"NVR-DTL-1-64TB-V4","i-PRO STL-2, 1x XEON 4C/8T CPU, 32GB RAM, WINDOWS 11 PRO OS INSTALLED ON M.2 SSD - STORAGE: 4 x 16TB HDD (64TB TOTAL, 48TB USABLE AFTER RAID5), 2 x 1GB RJ-45. UNIT INCLUDES KEYBOARD, MOUSE. NO RAILS, NO OPTICAL DRIVE, NO LICENSING 3 YEAR HARDWARE WARRANTY +I-PRO SUPPORT. VI ENTERPRISE SERVER ACTIVATION PRE-CONFIGURED IN HOUSE, INCLUDES 1 YEAR OF VI HM+","7473.25","CAD","Video Management System","active"
"NVR-DTL-1-80TB-V4","i-PRO STL-2, 1x XEON 4C/8T CPU, 32GB RAM, WINDOWS 11 PRO OS INSTALLED ON M.2 SSD - STORAGE: 4 x 20TB HDD (80TB TOTAL, 60TB USABLE AFTER RAID5), 2 x 1GB RJ-45. UNIT INCLUDES KEYBOARD, MOUSE. NO RAILS, NO OPTICAL DRIVE, NO LICENSING 3 YEAR HARDWARE WARRANTY +I-PRO SUPPORT. VI ENTERPRISE SERVER ACTIVATION PRE-CONFIGURED IN HOUSE, INCLUDES 1 YEAR OF VI HM+ .","8718.8","CAD","Video Management System","active"
"NVR-R-1-12TB-V4","i-PRO SR1, 1x 6C/6T CPU, 32GB RAM, WINDOWS 10 PRO INSTALLED ON 1x 256GB M.2 SSD - STORAGE: 1x 12TB ENTERPRISE HDD (NO RAID), 1 x 1GB RJ-45, 1 x 10GB RJ-45. UNIT INCLUDES KEYBOARD, MOUSE. RACK RAILS, NO OPTICAL DRIVE. VI ENTERPRISE SERVER ACTIVATION PRE-CONFIGURED IN HOUSE, 1-YEAR VI HEALTHMONITOR PLUS ACTIVATION, 5 YEAR PRO-LIMITED HARDWARE WARRANTY WITH ON-SIGHT SERVICE","6466.95","CAD","Video Management System","active"
"NVR-R-1-2-60TB-V4","SPECIAL ORDER * ALLOW 14 BUSINESS DAYS FOR DELIVERY | i-PRO SR2U, 1x XEON SILVER 12C/24T CPU, 32GB RAM, WINDOWS SERVER 2019 STD ON 2x M.2 SSD (RAID1) - STORAGE: 5 x 12TB ENTERPRISE HDD (60TB TOTAL, 48TB USABLE AFTER RAID 5), 2 x PSU, 2 x 1GB RJ-45. UNIT INCLUDES KEYBOARD, MOUSE, RAILS, iDRAC ENTERPRISE. NO OPTICAL DRIVE. VI ENTERPRISE SERVER ACTIVATION PRE-CONFIGURED IN HOUSE, 1-YEAR VI HEALTHMONITOR PLUS ACTIVATION. 5 YEAR PRO-LIMITED HARDWARE WARRANTY WITH ON-SITE SERVICE.","18753.64","CAD","Video Management System","active"
"NVR-R-1-36TB-V4","i-PRO SR1XL, 1x XEON 6C/12T CPU, 32GB RAM, WINDOWS SERVER 2019 STD ON 1x 480GB M.2 SSD - STORAGE: 3 x 12TB ENTERPRISE HDD (36TB TOTAL, 24TB USABLE AFTER RAID 5), 2 x PSU, 2 x 1GB RJ-45. UNIT INCLUDES KEYBOARD, MOUSE. RACK RAILS, NO OPTICAL DRIVE. VI ENTERPRISE SERVER ACTIVATION PRE-CONFIGURED IN HOUSE, 1-YEAR VI HEALTHMONITOR PLUS ACTIVATION, 5 YEAR PRO-LIMITED HARDWARE WARRANTY WITH ON-SIGHT SERVICE","16170.46","CAD","Video Management System","active"
"NVR-R-1-48TB-V4","i-PRO SR1XL, 1x XEON 6C/12T CPU, 32GB RAM, WINDOWS SERVER 2019 STD ON 1x 480GB M.2 SSD - STORAGE: 3 x 16TB ENTERPRISE HDD (48TB TOTAL, 32TB USABLE AFTER RAID 5), 2 x PSU, 2 x 1GB RJ-45. UNIT INCLUDES KEYBOARD, MOUSE. RACK RAILS, NO OPTICAL DRIVE. VI ENTERPRISE SERVER ACTIVATION PRE-CONFIGURED IN HOUSE, 1-YEAR VI HEALTHMONITOR PLUS ACTIVATION, 5 YEAR PRO-LIMITED HARDWARE WARRANTY WITH ON-SIGHT SERVICE","17144.55","CAD","Video Management System","active"
"NVR-R-1-60TB-V4","i-PRO SR1XL, 1x XEON 6C/12T CPU, 32GB RAM, WINDOWS SERVER 2019 STD ON 1x 480GB M.2 SSD - STORAGE: 3 x 20TB ENTERPRISE HDD (60TB TOTAL, 40TB USABLE AFTER RAID 5), 2 x PSU, 2 x 1GB RJ-45. UNIT INCLUDES KEYBOARD, MOUSE. RACK RAILS, NO OPTICAL DRIVE. VI ENTERPRISE SERVER ACTIVATION PRE-CONFIGURED IN HOUSE, 1-YEAR VI HEALTHMONITOR PLUS ACTIVATION, 5 YEAR PRO-LIMITED HARDWARE WARRANTY WITH ON-SIGHT SERVICE","18118.63","CAD","Video Management System","active"
"NVR-R-2-112TB-V4","i-PRO SR3E, 2x XEON SILVER 16C/32T CPU, 64GB RAM, WINDOWS SERVER 2019 STD ON 2x 240GB M.2 SSD (RAID 1) -STORAGE: 7 x 16TB ENTERPRISE HDD (112TB TOTAL, 96TB USABLE AFTER RAID 5), 2 x PSU, 4 x 1GB RJ-45, 2 x 10GB SPF+. UNIT INCLUDES KEYBOARD, MOUSE. RACK RAILS, NO OPTICAL DRIVE. VI ENTERPRISE SERVER ACTIVATION PRE-CONFIGURED IN HOUSE, 1-YEAR VI HEALTHMONITOR PLUS ACTIVATION, 5 YEAR PRO-LIMITED HARDWARE WARRANTY WITH ON-SIGHT SERVICE. RECOMMENDED USE CASE UP TO 600Mbs OF TOTAL NETWORK BANDWIDTH ON 1Gbps DEDICATED NETWORK Or 1200Mbps OF TOTAL NETWORK BANDWIDTH on a DEDICATED 10Gbs NETWORK","36660.31","CAD","Video Management System","active"
"NVR-R-2-144TB-V4","i-PRO SR3E, 2x XEON SILVER 16C/32T CPU, 64GB RAM, WINDOWS SERVER 2019 STD ON 2x 240GB M.2 SSD (RAID 1) -STORAGE: 12 x 12TB ENTERPRISE HDD (144TB TOTAL, 132TB USABLE AFTER RAID 5), 2 x PSU, 4 x 1GB RJ-45, 2 x 10GB SPF+. UNIT INCLUDES KEYBOARD, MOUSE. RACK RAILS, NO OPTICAL DRIVE. VI ENTERPRISE SERVER ACTIVATION PRE-CONFIGURED IN HOUSE, 1-YEAR VI HEALTHMONITOR PLUS ACTIVATION, 5 YEAR PRO-LIMITED HARDWARE WARRANTY WITH ON-SIGHT SERVICE. RECOMMENDED USE CASE UP TO 600Mbs OF TOTAL NETWORK BANDWIDTH ON 1Gbps DEDICATED NETWORK Or 1200Mbps OF TOTAL NETWORK BANDWIDTH on a DEDICATED 10Gbs NETWORK","39947.57","CAD","Video Management System","active"
"NVR-R-2-176TB-V4","i-PRO SR3E-XD, DUAL XEON SILVER 10 CORE, 20 THREAD CPU, 64GB RAM, WINDOWS SERVER 2019 STANDARD OS INSTALLED ON 2x SSD IN RAID1 CONFIGURATION - STORAGE: 11x 16TB ENTERPRISE HDD DRIVES IN RAID 5 CONFIGURATION: RAW STORAGE 176TB, USABLE RAIDED(5) STORAGE 160TB. UNIT INCLUDES, KEYBOARD, MOUSE, RACK RAILS, VI ENTERPRISE SERVER ACTIVATION PRE-CONFIGURED IN HOUSE, 1-YEAR VI HEALTHMONITOR PLUS ACTIVATION, 5-YEAR LIMITED HARDWARE WARRANTY WITH ON-SIGHT SERVICE, QUAD 1GB NIC-BASE-T (LOM) , DUAL 10GB BASE-T & DUAL 10GB SFP+ NICs. NO OPTICAL DRIVE. (SPECIAL ORDER ITEM)","37358.75","CAD","Video Management System","active"
"NVR-R-2-176-V4","SPECIAL ORDER * ALLOW 14 BUSINESS DAYS FOR DELIVERY | i-PRO SR3E, 2x XEON SILVER 10C/20T CPU, 64GB RAM, WINDOWS SERVER 2019 STD INSTALLED ON 2x SSD (RAID 1) - STORAGE: 11x 16TB ENTERPRISE HDD (176TB TOTAL, 160 USABLE AFTER RAID5), 4 x 1GB RJ-45, 2 x 10GB SFP+. UNIT INCLUDES, KEYBOARD, MOUSE, RAILS, iDRAC ENTERPRISE. NO OPTICAL DRIVE. VI ENTERPRISE SERVER ACTIVATION PRE-CONFIGURED IN HOUSE, 1-YEAR VI HEALTHMONITOR PLUS ACTIVATION, 5-YEAR LIMITED HARDWARE WARRANTY WITH ON-SIGHT SERVICE.","37358.75","CAD","Video Management System","active"
"NVR-R-2-256TB-V4","i-PRO SR3E, 2x XEON SILVER 16C/32T CPU, 64GB RAM, WINDOWS SERVER 2019 STD ON 2x 240GB M.2 SSD (RAID 1) - STORAGE: 16 x 16TB ENTERPRISE HDD (256TB TOTAL, 224TB USABLE AFTER RAID 6), 2 x PSU, 4 x 1GB RJ-45, 2 x 10GB SPF+. UNIT INCLUDES KEYBOARD, MOUSE, iDRAC ENTERPRISE. RACK RAILS, NO OPTICAL DRIVE. VI ENTERPRISE SERVER ACTIVATION PRE-CONFIGURED IN HOUSE, 1-YEAR VI HEALTHMONITOR PLUS ACTIVATION, 5 YEAR PRO-LIMITED HARDWARE WARRANTY WITH ON-SIGHT SERVICE. RECOMMENDED USE CASE UP TO 600Mbs OF TOTAL NETWORK BANDWIDTH ON 1Gbps DEDICATED NETWORK Or 1200Mbps OF TOTAL NETWORK BANDWIDTH on a DEDICATED 10Gbs NETWORK","44087.5","CAD","Video Management System","active"
"NVR-R-2-288TB-V4","i-PRO SR3E, 2x XEON SILVER 16C/32T CPU, 64GB RAM, WINDOWS SERVER 2019 STD ON 2x 240GB M.2 SSD (RAID 1) - STORAGE: 18 x 16TB ENTERPRISE HDD (288TB TOTAL, 256TB USABLE AFTER RAID 6), 2 x PSU, 4 x 1GB RJ-45, 2 x 10GB SPF+. UNIT INCLUDES KEYBOARD, MOUSE, iDRAC ENTERPRISE. RACK RAILS, NO OPTICAL DRIVE. VI ENTERPRISE SERVER ACTIVATION PRE-CONFIGURED IN HOUSE, 1-YEAR VI HEALTHMONITOR PLUS ACTIVATION, 5 YEAR PRO-LIMITED HARDWARE WARRANTY WITH ON-SIGHT SERVICE. RECOMMENDED USE CASE UP TO 600Mbs OF TOTAL NETWORK BANDWIDTH ON 1Gbps DEDICATED NETWORK Or 1200Mbps OF TOTAL NETWORK BANDWIDTH on a DEDICATED 10Gbs NETWORK","47716.02","CAD","Video Management System","active"
"NVR-R-2-336TB-V4","i-PRO SR3E-XL, 2x XEON SILVER 16C/32T CPU, 64GB RAM, WINDOWS SERVER 2022 STD ON 2x 240GB M.2 SSD (RAID 1) - STORAGE: 21 x 16TB ENTERPRISE HDD (336TB TOTAL, 304TB USABLE AFTER RAID 6), 2 x PSU, 2 x 1GB RJ-45, 2 x 10GB SPF+. UNIT INCLUDES KEYBOARD, MOUSE, iDRAC ENTERPRISE. RACK RAILS, NO OPTICAL DRIVE. VI ENTERPRISE SERVER ACTIVATION PRE-CONFIGURED IN HOUSE, 1-YEAR VI HEALTHMONITOR PLUS ACTIVATION, 5 YEAR PRO-LIMITED HARDWARE WARRANTY WITH ON-SIGHT SERVICE. RECOMMENDED USE CASE UP TO 600Mbs OF TOTAL NETWORK BANDWIDTH ON 1Gbps DEDICATED NETWORK Or 1200Mbps OF TOTAL NETWORK BANDWIDTH on a DEDICATED 10Gbs NETWORK","57811.97","CAD","Video Management System","active"
"NVR-R-2-384TB-V4","i-PRO SR3E-XL, 2x XEON SILVER 16C/32T CPU, 64GB RAM, WINDOWS SERVER 2022 STD ON 2x 240GB M.2 SSD (RAID 1) - STORAGE: 24 x 16TB ENTERPRISE HDD (384TB TOTAL, 352TB USABLE AFTER RAID 6), 2 x PSU, 2 x 1GB RJ-45, 2 x 10GB SPF+. UNIT INCLUDES KEYBOARD, MOUSE, iDRAC ENTERPRISE. RACK RAILS, NO OPTICAL DRIVE. VI ENTERPRISE SERVER ACTIVATION PRE-CONFIGURED IN HOUSE, 1-YEAR VI HEALTHMONITOR PLUS ACTIVATION, 5 YEAR PRO-LIMITED HARDWARE WARRANTY WITH ON-SIGHT SERVICE. RECOMMENDED USE CASE UP TO 600Mbs OF TOTAL NETWORK BANDWIDTH ON 1Gbps DEDICATED NETWORK Or 1200Mbps OF TOTAL NETWORK BANDWIDTH on a DEDICATED 10Gbs NETWORK","60397.06","CAD","Video Management System","active"
"NVR-R-2-500TB-V4","i-PRO SR3E-XL, 2x XEON SILVER 16C/32T CPU, 64GB RAM, WINDOWS SERVER 2022 STD ON 2x 240GB M.2 SSD (RAID 1) - STORAGE: 25 x 20TB ENTERPRISE HDD (500TB TOTAL, 460TB USABLE AFTER RAID 6), 2 x PSU, 2 x 1GB RJ-45, 2 x 10GB SPF+. UNIT INCLUDES KEYBOARD, MOUSE, iDRAC ENTERPRISE. RACK RAILS, NO OPTICAL DRIVE. VI ENTERPRISE SERVER ACTIVATION PRE-CONFIGURED IN HOUSE, 1-YEAR VI HEALTHMONITOR PLUS ACTIVATION, 5 YEAR PRO-LIMITED HARDWARE WARRANTY WITH ON-SIGHT SERVICE. RECOMMENDED USE CASE UP TO 600Mbs OF TOTAL NETWORK BANDWIDTH ON 1Gbps DEDICATED NETWORK Or 1200Mbps OF TOTAL NETWORK BANDWIDTH on a DEDICATED 10Gbs NETWORK","70121.69","CAD","Video Management System","active"
"NVR-R-2-84TB-V4","i-PRO SR3E, 2x XEON SILVER 16C/32T CPU, 64GB RAM, WINDOWS SERVER 2019 STD ON 2x 240GB M.2 SSD (RAID 1) -STORAGE: 7 x 12TB ENTERPRISE HDD (84TB TOTAL, 72TB USABLE AFTER RAID 5), 2 x PSU, 4 x 1GB RJ-45, 2 x 10GB SPF+. UNIT INCLUDES KEYBOARD, MOUSE. RACK RAILS, NO OPTICAL DRIVE. VI ENTERPRISE SERVER ACTIVATION PRE-CONFIGURED IN HOUSE, 1-YEAR VI HEALTHMONITOR PLUS ACTIVATION, 5 YEAR PRO-LIMITED HARDWARE WARRANTY WITH ON-SIGHT SERVICE. RECOMMENDED USE CASE UP TO 600Mbs OF TOTAL NETWORK BANDWIDTH ON 1Gbps DEDICATED NETWORK Or 1200Mbps OF TOTAL NETWORK BANDWIDTH on a DEDICATED 10Gbs NETWORK","33746.21","CAD","Video Management System","active"
"NVR-RL-1-12TB-V4","i-PRO SRL1, 1x XEON 6C/12T CPU, 32GB RAM, WINDOWS 11 PRO OS INSTALLED ON 1x M.2 SSD - STORAGE: 1 x 12TB ENTERPRISE HDD (NO RAID), 2 x 1GB RJ-45. UNIT INCLUDES KEYBOARD, MOUSE, RACK RAILS, VI ENTERPRISE SERVER ACTIVATION PRE-CONFIGURED + 1-YEAR VI HEALTH-MONITOR + ACTIVATION. 3-YEAR LIMITED HARDWARE WARRANTY WITH ON-SIGHT SERVICE AFTER A TROUBLING SESSION WITH I-PRO SUPPORT. NO OPTICAL DRIVE, NO MONITOR, NO RAIL ALTERNATIVES | RECOMMENDED USE CASE UP TO 250MBS OF TOTAL NETWORK BANDWIDTH on 1Gbps DEDICATED NETWORK.","5071.47","CAD","Video Management System","active"
"NVR-RL-1-16TB-V4","i-PRO SRL1, 1x XEON 6C/12T CPU, 32GB RAM, WINDOWS 11 PRO OS INSTALLED ON 1x M.2 SSD - STORAGE: 1 x 16TB ENTERPRISE HDD (NO RAID), 2 x 1GB RJ-45. UNIT INCLUDES KEYBOARD, MOUSE, RACK RAILS, VI ENTERPRISE SERVER ACTIVATION PRE-CONFIGURED + 1-YEAR VI HEALTH-MONITOR + ACTIVATION. 3-YEAR LIMITED HARDWARE WARRANTY WITH ON-SIGHT SERVICE AFTER A TROUBLING SESSION WITH I-PRO SUPPORT. NO OPTICAL DRIVE, NO MONITOR, NO RAIL ALTERNATIVES | RECOMMENDED USE CASE UP TO 250MBS OF TOTAL NETWORK BANDWIDTH on 1Gbps DEDICATED NETWORK.","5334.68","CAD","Video Management System","active"
"NVR-RL-1-20TB-V4","i-PRO SRL1, 1x XEON 6C/12T CPU, 32GB RAM, WINDOWS 11 PRO OS INSTALLED ON 1x M.2 SSD - STORAGE: 1 x 20TB ENTERPRISE HDD (NO RAID), 2 x 1GB RJ-45. UNIT INCLUDES KEYBOARD, MOUSE, RACK RAILS, VI ENTERPRISE SERVER ACTIVATION PRE-CONFIGURED + 1-YEAR VI HEALTH-MONITOR + ACTIVATION. 3-YEAR LIMITED HARDWARE WARRANTY WITH ON-SIGHT SERVICE AFTER A TROUBLING SESSION WITH I-PRO SUPPORT. NO OPTICAL DRIVE, NO MONITOR, NO RAIL ALTERNATIVES | RECOMMENDED USE CASE UP TO 250MBS OF TOTAL NETWORK BANDWIDTH on 1Gbps DEDICATED NETWORK.","5875.2","CAD","Video Management System","active"
"NVR-RL-1-36TB-V4","i-PRO SRL1XL, 1x XEON 6C/12T CPU, 32GB RAM, WINDOWS 11 PRO OS INSTALLED ON 1x M.2 SSD - STORAGE: 3 x 12TB ENTERPRISE HDD (36TB TOTAL, 24TB USABLE AFTER RAID5), 2 x 1GB RJ-45. UNIT INCLUDES KEYBOARD, MOUSE, RACK RAILS, VI ENTERPRISE SERVER ACTIVATION PRE-CONFIGURED + 1-YEAR VI HEALTH-MONITOR + ACTIVATION. 3-YEAR LIMITED HARDWARE WARRANTY WITH ON-SIGHT SERVICE AFTER A TROUBLING SESSION WITH I-PRO SUPPORT. NO OPTICAL DRIVE, NO MONITOR, NO RAIL ALTERNATIVES | RECOMMENDED USE CASE UP TO 300MBS OF TOTAL NETWORK BANDWIDTH BANDWIDTH on 1Gbps DEDICATED NETWORK.","7421.55","CAD","Video Management System","active"
"NVR-RL-1-48TB-V4","i-PRO SRL1XL, 1x XEON 6C/12T CPU, 32GB RAM, WINDOWS 11 PRO OS INSTALLED ON 1x M.2 SSD - STORAGE: 3 x 16TB ENTERPRISE HDD (48TB TOTAL, 32TB USABLE AFTER RAID5), 2 x 1GB RJ-45. UNIT INCLUDES KEYBOARD, MOUSE, RACK RAILS, VI ENTERPRISE SERVER ACTIVATION PRE-CONFIGURED + 1-YEAR VI HEALTH-MONITOR + ACTIVATION. 3-YEAR LIMITED HARDWARE WARRANTY WITH ON-SIGHT SERVICE AFTER A TROUBLING SESSION WITH I-PRO SUPPORT. NO OPTICAL DRIVE, NO MONITOR, NO RAIL ALTERNATIVES | RECOMMENDED USE CASE UP TO 300MBS OF TOTAL NETWORK BANDWIDTH on 1Gbps DEDICATED NETWORK.","8060.77","CAD","Video Management System","active"
"NVR-RL-1-64TB-V4","i-PRO SRL1XL, 1x XEON 6C/12T CPU, 32GB RAM, WINDOWS 11 PRO OS INSTALLED ON 1x M.2 SSD - STORAGE: 4 x 16TB ENTERPRISE HDD (64TB TOTAL, 48TB USABLE AFTER RAID5), 2 x 1GB RJ-45. UNIT INCLUDES KEYBOARD, MOUSE, RACK RAILS, VI ENTERPRISE SERVER ACTIVATION PRE-CONFIGURED + 1-YEAR VI HEALTH-MONITOR + ACTIVATION. 3-YEAR LIMITED HARDWARE WARRANTY WITH ON-SIGHT SERVICE AFTER A TROUBLING SESSION WITH I-PRO SUPPORT. NO OPTICAL DRIVE, NO MONITOR, NO RAIL ALTERNATIVES | RECOMMENDED USE CASE UP TO 300MBS OF TOTAL NETWORK BANDWIDTH on 1Gbps DEDICATED NETWORK.","10335.65","CAD","Video Management System","active"
"NVR-RL-1-80TB-V4","i-PRO SRL1XL, 1x XEON 6C/12T CPU, 32GB RAM, WINDOWS 11 PRO OS INSTALLED ON 1x M.2 SSD - STORAGE: 4 x 20TB ENTERPRISE HDD (80TB TOTAL, 60TB USABLE AFTER RAID5), 2 x 1GB RJ-45. UNIT INCLUDES KEYBOARD, MOUSE, RACK RAILS, VI ENTERPRISE SERVER ACTIVATION PRE-CONFIGURED + 1-YEAR VI HEALTH-MONITOR + ACTIVATION. 3-YEAR LIMITED HARDWARE WARRANTY WITH ON-SIGHT SERVICE AFTER A TROUBLING SESSION WITH I-PRO SUPPORT. NO OPTICAL DRIVE, NO MONITOR, NO RAIL ALTERNATIVES | RECOMMENDED USE CASE UP TO 300MBS OF TOTAL NETWORK BANDWIDTH on 1Gbps DEDICATED NETWORK.","11233.38","CAD","Video Management System","active"
"NVR-RL-1-8TB-V4","i-PRO SRL1, 1x XEON 6C/12T CPU, 32GB RAM, WINDOWS 11 PRO OS INSTALLED ON 1x M.2 SSD - STORAGE: 1 x 8TB ENTERPRISE HDD (NO RAID), 2 x 1GB RJ-45. UNIT INCLUDES KEYBOARD, MOUSE, RACK RAILS, VI ENTERPRISE SERVER ACTIVATION PRE-CONFIGURED + 1-YEAR VI HEALTH-MONITOR + ACTIVATION. 3-YEAR LIMITED HARDWARE WARRANTY WITH ON-SIGHT SERVICE AFTER A TROUBLING SESSION WITH I-PRO SUPPORT. NO OPTICAL DRIVE, NO MONITOR, NO RAIL ALTERNATIVES | RECOMMENDED USE CASE UP TO 250MBS OF TOTAL NETWORK BANDWIDTH on 1Gbps DEDICATED NETWORK.","4051.54","CAD","Video Management System","active"
"NVR-RL-2-128TB-V4","i-PRO SRL2E, 2x XEON SILVER 8C/16T CPU, 64GB RAM, WINDOWS SERVER 2019 STD OS INSTALLED ON 2x M.2 SSD (RAID1) - STORAGE: 8 x 16TB ENTERPRISE HDD (128TB TOTAL, 112TB USABLE AFTER RAID 5), 2 x 1GB RJ-45 & 2 x 10GB NIC- SFP+. UNIT INCLUDES KEYBOARD, MOUSE, RACK RAILS, VI ENTERPRISE SERVER ACTIVATION PRE-CONFIGURED + 1-YEAR VI HEALTH-MONITOR + ACTIVATION. 3-YEAR LIMITED HARDWARE WARRANTY WITH ON-SIGHT SERVICE AFTER A TROUBLING SESSION WITH I-PRO SUPPORT. NO OPTICAL DRIVE, NO MONITOR, NO RAIL ALTERNATIVES | RECOMMENDED USE CASE UP TO 600Mbs OF TOTAL NETWORK BANDWIDTH ON 1Gbps Or 1200Mbps OF TOTAL NETWORK BANDWIDTH","23453.8","CAD","Video Management System","active"
"NVR-RL-2-160TB-V4","i-PRO SRL2E, 2x XEON SILVER 8C/16T CPU, 64GB RAM, WINDOWS SERVER 2019 STD OS INSTALLED ON 2x M.2 SSD (RAID1) - STORAGE: 8 x 20TB ENTERPRISE HDD (160TB TOTAL, 140TB USABLE AFTER RAID 5), 2 x 1GB RJ-45 & 2 x 10GB NIC- SFP+. UNIT INCLUDES KEYBOARD, MOUSE, RACK RAILS, VI ENTERPRISE SERVER ACTIVATION PRE-CONFIGURED + 1-YEAR VI HEALTH-MONITOR + ACTIVATION. 3-YEAR LIMITED HARDWARE WARRANTY WITH ON-SIGHT SERVICE AFTER A TROUBLING SESSION WITH I-PRO SUPPORT. NO OPTICAL DRIVE, NO MONITOR, NO RAIL ALTERNATIVES | RECOMMENDED USE CASE UP TO 600Mbs OF TOTAL NETWORK BANDWIDTH ON 1Gbps Or 1200Mbps OF TOTAL NETWORK BANDWIDTH","25808.58","CAD","Video Management System","active"
"NVR-RL-2-176TB-V4","i-PRO SRL3E, 2x XEON SILVER 8C/16T CPU, 64GB RAM, WINDOWS SERVER 2019 STD OS INSTALLED ON 2x M.2 SSD (RAID1) - STORAGE: 11 x 16TB ENTERPRISE HDD (176TB TOTAL, 160TB USABLE AFTER RAID 5), 2 x 1GB RJ-45 & 2 x 10GB NIC- SFP+. UNIT INCLUDES KEYBOARD, MOUSE, RACK RAILS, VI ENTERPRISE SERVER ACTIVATION PRE-CONFIGURED + 1-YEAR VI HEALTH-MONITOR + ACTIVATION. 3-YEAR LIMITED HARDWARE WARRANTY WITH ON-SIGHT SERVICE AFTER A TROUBLING SESSION WITH I-PRO SUPPORT. NO OPTICAL DRIVE, NO MONITOR, NO RAIL ALTERNATIVES | RECOMMENDED USE CASE UP TO 600Mbs OF TOTAL NETWORK BANDWIDTH ON 1Gbps Or 1200Mbps OF TOTAL NETWORK BANDWIDTH","30504.04","CAD","Video Management System","active"
"NVR-RL-2-192TB-V4","i-PRO SRL3E, 2x XEON SILVER 8C/16T CPU, 64GB RAM, WINDOWS SERVER 2019 STD OS INSTALLED ON 2x M.2 SSD (RAID1) - STORAGE: 12 x 16TB ENTERPRISE HDD (192TB TOTAL, 176TB USABLE AFTER RAID 5), 2 x 1GB RJ-45 & 2 x 10GB NIC- SFP+. UNIT INCLUDES KEYBOARD, MOUSE, RACK RAILS, VI ENTERPRISE SERVER ACTIVATION PRE-CONFIGURED + 1-YEAR VI HEALTH-MONITOR + ACTIVATION. 3-YEAR LIMITED HARDWARE WARRANTY WITH ON-SIGHT SERVICE AFTER A TROUBLING SESSION WITH I-PRO SUPPORT. NO OPTICAL DRIVE, NO MONITOR, NO RAIL ALTERNATIVES | RECOMMENDED USE CASE UP TO 600Mbs OF TOTAL NETWORK BANDWIDTH ON 1Gbps Or 1200Mbps OF TOTAL NETWORK BANDWIDTH","32266.6","CAD","Video Management System","active"
"NVR-RL-2-220TB-V4","i-PRO SRL3E, 2x XEON SILVER 8C/16T CPU, 64GB RAM, WINDOWS SERVER 2019 STD OS INSTALLED ON 2x M.2 SSD (RAID1) - STORAGE: 11 x 20TB ENTERPRISE HDD (220TB TOTAL, 200TB USABLE AFTER RAID 5), 2 x 1GB RJ-45 & 2 x 10GB NIC- SFP+. UNIT INCLUDES KEYBOARD, MOUSE, RACK RAILS, VI ENTERPRISE SERVER ACTIVATION PRE-CONFIGURED + 1-YEAR VI HEALTH-MONITOR + ACTIVATION. 3-YEAR LIMITED HARDWARE WARRANTY WITH ON-SIGHT SERVICE AFTER A TROUBLING SESSION WITH I-PRO SUPPORT. NO OPTICAL DRIVE, NO MONITOR, NO RAIL ALTERNATIVES | RECOMMENDED USE CASE UP TO 600Mbs OF TOTAL NETWORK BANDWIDTH ON 1Gbps Or 1200Mbps OF TOTAL NETWORK BANDWIDTH","35340.5","CAD","Video Management System","active"
"NVR-RL-2-240TB-V4","i-PRO SRL3E, 2x XEON SILVER 8C/16T CPU, 64GB RAM, WINDOWS SERVER 2019 STD OS INSTALLED ON 2x M.2 SSD (RAID1) - STORAGE: 12 x 20TB ENTERPRISE HDD (240 TB TOTAL, 220TB USABLE AFTER RAID 5), 2 x 1GB RJ-45 & 2 x 10GB NIC- SFP+. UNIT INCLUDES KEYBOARD, MOUSE, RACK RAILS, VI ENTERPRISE SERVER ACTIVATION PRE-CONFIGURED + 1-YEAR VI HEALTH-MONITOR + ACTIVATION. 3-YEAR LIMITED HARDWARE WARRANTY WITH ON-SIGHT SERVICE AFTER A TROUBLING SESSION WITH I-PRO SUPPORT. NO OPTICAL DRIVE, NO MONITOR, NO RAIL ALTERNATIVES | RECOMMENDED USE CASE UP TO 600Mbs OF TOTAL NETWORK BANDWIDTH ON 1Gbps Or 1200Mbps OF TOTAL NETWORK BANDWIDTH","36562.54","CAD","Video Management System","active"
"NVR-RL-2-320TB-V4","i-PRO SRL3EXDL, 2x XEON SILVER 12C/24T CPU, 128GB RAM, WINDOWS SERVER 2019 STD OS INSTALLED ON 2x M.2 SSD (RAID1) - STORAGE: 20 x 16TB ENTERPRISE HDD (320TB TOTAL, 288TB USABLE AFTER RAID 6), 2 x 1GB RJ-45 & 2 x 10GB NIC- SFP+. UNIT INCLUDES KEYBOARD, MOUSE, RACK RAILS, VI ENTERPRISE SERVER ACTIVATION PRE-CONFIGURED + 1-YEAR VI HEALTH-MONITOR + ACTIVATION. 5-YEAR LIMITED HARDWARE WARRANTY WITH ON-SIGHT SERVICE AFTER A TROUBLING SESSION WITH I-PRO SUPPORT. NO OPTICAL DRIVE, NO MONITOR, NO RAIL ALTERNATIVES | RECOMMENDED USE CASE UP TO 600Mbs OF TOTAL NETWORK BANDWIDTH ON 1Gbps Dedicated Network Or 1500Mbps OF TOTAL NETWORK BANDWIDTH on a Dedicated 10Gbs Network.","46056.87","CAD","Video Management System","active"
"NVR-RL-2-400TB-V4","i-PRO SRL3EXDL, 2x XEON SILVER 12C/24T CPU, 128GB RAM, WINDOWS SERVER 2019 STD OS INSTALLED ON 2x M.2 SSD (RAID1) - STORAGE: 20 x 20TB ENTERPRISE HDD (400TB TOTAL, 360TB USABLE AFTER RAID 6), 2 x 1GB RJ-45 & 2 x 10GB NIC- SFP+. UNIT INCLUDES KEYBOARD, MOUSE, RACK RAILS, VI ENTERPRISE SERVER ACTIVATION PRE-CONFIGURED + 1-YEAR VI HEALTH-MONITOR + ACTIVATION. 5-YEAR LIMITED HARDWARE WARRANTY WITH ON-SIGHT SERVICE AFTER A TROUBLING SESSION WITH I-PRO SUPPORT. NO OPTICAL DRIVE, NO MONITOR, NO RAIL ALTERNATIVES | RECOMMENDED USE CASE UP TO 600Mbs OF TOTAL NETWORK BANDWIDTH ON 1Gbps Dedicated Network Or 1200Mbps OF TOTAL NETWORK BANDWIDTH on a Dedicated 10Gbs Network.","55457.19","CAD","Video Management System","active"
"NVR-RL-2-48TB-V4","i-PRO SRL2E, 2x XEON SILVER 8C/16T CPU, 64GB RAM, WINDOWS SERVER 2019 STD OS INSTALLED ON 2x M.2 SSD (RAID1) - STORAGE: 6 x 8TB ENTERPRISE HDD (48TB TOTAL, 40TB USABLE AFTER RAID 5), 2 x 1GB RJ-45 & 2 x 10GB NIC- SFP+. UNIT INCLUDES KEYBOARD, MOUSE, RACK RAILS, VI ENTERPRISE SERVER ACTIVATION PRE-CONFIGURED + 1-YEAR VI HEALTH-MONITOR + ACTIVATION. 3-YEAR LIMITED HARDWARE WARRANTY WITH ON-SIGHT SERVICE AFTER A TROUBLING SESSION WITH I-PRO SUPPORT. NO OPTICAL DRIVE, NO MONITOR, NO RAIL ALTERNATIVES | RECOMMENDED USE CASE UP TO 600Mbs OF TOTAL NETWORK BANDWIDTH ON 1Gbps Or 1200Mbps OF TOTAL NETWORK BANDWIDTH","15463.53","CAD","Video Management System","active"
"NVR-RL-2-60TB-V4","i-PRO SRL2E, 2x XEON SILVER 8C/16T CPU, 64GB RAM, WINDOWS SERVER 2019 STD OS INSTALLED ON 2x M.2 SSD (RAID1) - STORAGE: 5 x 12TB ENTERPRISE HDD (60TB TOTAL, 48TB USABLE AFTER RAID 5), 2 x 1GB RJ-45 & 2 x 10GB NIC- SFP+. UNIT INCLUDES KEYBOARD, MOUSE, RACK RAILS, VI ENTERPRISE SERVER ACTIVATION PRE-CONFIGURED + 1-YEAR VI HEALTH-MONITOR + ACTIVATION. 3-YEAR LIMITED HARDWARE WARRANTY WITH ON-SIGHT SERVICE AFTER A TROUBLING SESSION WITH I-PRO SUPPORT. NO OPTICAL DRIVE, NO MONITOR, NO RAIL ALTERNATIVES | RECOMMENDED USE CASE UP TO 600Mbs OF TOTAL NETWORK BANDWIDTH ON 1Gbps Or 1200Mbps OF TOTAL NETWORK BANDWIDTH","16450.56","CAD","Video Management System","active"
"NVR-RL-2-72TB-V4","i-PRO SRL2E, 2x XEON SILVER 8C/16T CPU, 64GB RAM, WINDOWS SERVER 2019 STD OS INSTALLED ON 2x M.2 SSD (RAID1) - STORAGE: 6 x 12TB ENTERPRISE HDD (72TB TOTAL, 60TB USABLE AFTER RAID 5), 2 x 1GB RJ-45 & 2 x 10GB NIC- SFP+. UNIT INCLUDES KEYBOARD, MOUSE, RACK RAILS, VI ENTERPRISE SERVER ACTIVATION PRE-CONFIGURED + 1-YEAR VI HEALTH-MONITOR + ACTIVATION. 3-YEAR LIMITED HARDWARE WARRANTY WITH ON-SIGHT SERVICE AFTER A TROUBLING SESSION WITH I-PRO SUPPORT. NO OPTICAL DRIVE, NO MONITOR, NO RAIL ALTERNATIVES | RECOMMENDED USE CASE UP TO 600Mbs OF TOTAL NETWORK BANDWIDTH ON 1Gbps Or 1200Mbps OF TOTAL NETWORK BANDWIDTH","17813.61","CAD","Video Management System","active"
"NVR-RL-2-84TB-V4","i-PRO SRL2E, 2x XEON SILVER 8C/16T CPU, 64GB RAM, WINDOWS SERVER 2019 STD OS INSTALLED ON 2x M.2 SSD (RAID1) - STORAGE: 7 x 12TB ENTERPRISE HDD (84TB TOTAL, 72TB USABLE AFTER RAID 5), 2 x 1GB RJ-45 & 2 x 10GB NIC- SFP+. UNIT INCLUDES KEYBOARD, MOUSE, RACK RAILS, VI ENTERPRISE SERVER ACTIVATION PRE-CONFIGURED + 1-YEAR VI HEALTH-MONITOR + ACTIVATION. 3-YEAR LIMITED HARDWARE WARRANTY WITH ON-SIGHT SERVICE AFTER A TROUBLING SESSION WITH I-PRO SUPPORT. NO OPTICAL DRIVE, NO MONITOR, NO RAIL ALTERNATIVES | RECOMMENDED USE CASE UP TO 600Mbs OF TOTAL NETWORK BANDWIDTH ON 1Gbps Or 1200Mbps OF TOTAL NETWORK BANDWIDTH","18283.62","CAD","Video Management System","active"
"NVR-RL-2-96TB-V4","i-PRO SRL2E, 2x XEON SILVER 8C/16T CPU, 64GB RAM, WINDOWS SERVER 2019 STD OS INSTALLED ON 2x M.2 SSD (RAID1) - STORAGE: 8 x 12TB ENTERPRISE HDD (96TB TOTAL, 84TB USABLE AFTER RAID 5), 2 x 1GB RJ-45 & 2 x 10GB NIC- SFP+. UNIT INCLUDES KEYBOARD, MOUSE, RACK RAILS, VI ENTERPRISE SERVER ACTIVATION PRE-CONFIGURED + 1-YEAR VI HEALTH-MONITOR + ACTIVATION. 3-YEAR LIMITED HARDWARE WARRANTY WITH ON-SIGHT SERVICE AFTER A TROUBLING SESSION WITH I-PRO SUPPORT. NO OPTICAL DRIVE, NO MONITOR, NO RAIL ALTERNATIVES | RECOMMENDED USE CASE UP TO 600Mbs OF TOTAL NETWORK BANDWIDTH ON 1Gbps Or 1200Mbps OF TOTAL NETWORK BANDWIDTH","20210.69","CAD","Video Management System","active"
"NVR-SFL-1-16TB-V4","i-PRO SFL-1, 1x XEON 6C/12T CPU, 16GB RAM, WINDOWS 11 PRO OS INSTALLED ON M.2 SSD - STORAGE: 1 x 16TB HDD, 1 x 1Gbps RJ-45. UNIT INCLUDES KEYBOARD, MOUSE. NO DEDICATED GPU. NO RAILS, NO OPTICAL DRIVE, NO MONITOR, 3 YEAR HARDWARE WARRANTY +I-PRO SUPPORT. VI ENTERPRISE SERVER ACTIVATION PRE-CONFIGURED IN HOUSE, INCLUDES 1 YEAR OF VI HM+ .","3097.41","CAD","Video Management System","active"
"NVR-SFL-1-20TB-V4","i-PRO SFL-1, 1x XEON 6C/12T CPU, 16GB RAM, WINDOWS 11 PRO OS INSTALLED ON M.2 SSD - STORAGE: 1 x 16TB HDD, 1 x 1Gbps RJ-45. UNIT INCLUDES KEYBOARD, MOUSE. NO DEDICATED GPU. NO RAILS, NO OPTICAL DRIVE, NO MONITOR, 3 YEAR HARDWARE WARRANTY +I-PRO SUPPORT. VI ENTERPRISE SERVER ACTIVATION PRE-CONFIGURED IN HOUSE, INCLUDES 1 YEAR OF VI HM+ .","3431.12","CAD","Video Management System","active"
"NVR-SFL-1-4TB-V4","i-PRO SFL-1, 1x XEON 6C/12T CPU, 16GB RAM, WINDOWS 11 PRO OS INSTALLED ON M.2 SSD - STORAGE: 1 x 4TB HDD, 1 x 1Gbps RJ-45. UNIT INCLUDES KEYBOARD, MOUSE. NO DEDICATED GPU. NO RAILS, NO OPTICAL DRIVE, NO MONITOR, 3 YEAR HARDWARE WARRANTY +I-PRO SUPPORT. VI ENTERPRISE SERVER ACTIVATION PRE-CONFIGURED IN HOUSE, INCLUDES 1 YEAR OF VI HM+ .","2439.38","CAD","Video Management System","active"
"NVR-SFL-1-8TB-V4","i-PRO SFL-1, 1x XEON 6C/12T CPU, 16GB RAM, WINDOWS 11 PRO OS INSTALLED ON M.2 SSD - STORAGE: 1 x 8TB HDD, 1 x 1Gbps RJ-45. UNIT INCLUDES KEYBOARD, MOUSE. NO DEDICATED GPU. NO RAILS, NO OPTICAL DRIVE, NO MONITOR, 3 YEAR HARDWARE WARRANTY +I-PRO SUPPORT. VI ENTERPRISE SERVER ACTIVATION PRE-CONFIGURED IN HOUSE, INCLUDES 1 YEAR OF VI HM+ .","2627.39","CAD","Video Management System","active"
"NVR-R-2-300TB-V5","i-PRO SR3E-XL, 2x XEON GOLD 16C/32T CPU, 64GB RAM, WINDOWS SERVER 2022 STD ON 2x 480GB M.2 SSD (RAID 1) - STORAGE: 18x 20TB ENTERPRISE HDD (360TB TOTAL, 320TB USABLE AFTER RAID 6), 2x PSU, 2x 1GB RJ-45, 2x 10GB SPF+. UNIT INCLUDES KEYBOARD, MOUSE, iDRAC ENTERPRISE, RAILS. NO OPTICAL DRIVE. VI ENTERPRISE SERVER ACTIVATION PRE-CONFIGURED IN HOUSE, 1-YEAR VI HEALTHMONITOR PLUS ACTIVATION, 5 YEAR PRO-LIMITED HARDWARE WARRANTY WITH ON-SIGHT SERVICE. RECOMMENDED USE CASE UP TO 600Mbs OF TOTAL NETWORK BANDWIDTH ON 1Gbps DEDICATED NETWORK Or 1200Mbps OF TOTAL NETWORK BANDWIDTH on a DEDICATED 10Gbs NETWORK","41217.12","CAD","Video Management System","active"
"NVR-R-2-360TB-V5","i-PRO SR3E-XL, 2x XEON GOLD 16C/32T CPU, 64GB RAM, WINDOWS SERVER 2022 STD ON 2x 480GB M.2 SSD (RAID 1) - STORAGE: 18x 20TB ENTERPRISE HDD (360TB TOTAL, 320TB USABLE AFTER RAID 6), 2x PSU, 2x 1GB RJ-45, 2x 10GB SPF+. UNIT INCLUDES KEYBOARD, MOUSE, iDRAC ENTERPRISE, RAILS. NO OPTICAL DRIVE. VI ENTERPRISE SERVER ACTIVATION PRE-CONFIGURED IN HOUSE, 1-YEAR VI HEALTHMONITOR PLUS ACTIVATION, 5 YEAR PRO-LIMITED HARDWARE WARRANTY WITH ON-SIGHT SERVICE. RECOMMENDED USE CASE UP TO 600Mbs OF TOTAL NETWORK BANDWIDTH ON 1Gbps DEDICATED NETWORK Or 1200Mbps OF TOTAL NETWORK BANDWIDTH on a DEDICATED 10Gbs NETWORK","47096.0","CAD","Video Management System","active"
"NVR-R-2-420TB-V5","i-PRO SR3E-XL, 2x XEON GOLD 16C/32T CPU, 64GB RAM, WINDOWS SERVER 2022 STD ON 2x 480GB M.2 SSD (RAID 1) - STORAGE: 21x 20TB ENTERPRISE HDD (420TB TOTAL, 380TB USABLE AFTER RAID 6), 2x PSU, 2x 1GB RJ-45, 2x 10GB SPF+. UNIT INCLUDES KEYBOARD, MOUSE, iDRAC ENTERPRISE, RAILS. NO OPTICAL DRIVE. VI ENTERPRISE SERVER ACTIVATION PRE-CONFIGURED IN HOUSE, 1-YEAR VI HEALTHMONITOR PLUS ACTIVATION, 5 YEAR PRO-LIMITED HARDWARE WARRANTY WITH ON-SIGHT SERVICE. RECOMMENDED USE CASE UP TO 600Mbs OF TOTAL NETWORK BANDWIDTH ON 1Gbps DEDICATED NETWORK Or 1200Mbps OF TOTAL NETWORK BANDWIDTH on a DEDICATED 10Gbs NETWORK","51359.0","CAD","Video Management System","active"
"NVR-R-2-500TB-V5","i-PRO SR3E-XL, 2x XEON GOLD 16C/32T CPU, 64GB RAM, WINDOWS SERVER 2022 STD ON 2x 480GB M.2 SSD (RAID 1) - STORAGE: 25 x 20TB ENTERPRISE HDD (500TB TOTAL, 460TB USABLE AFTER RAID 6), 2 x PSU, 2 x 1GB RJ-45, 2 x 10GB SPF+. UNIT INCLUDES KEYBOARD, MOUSE, iDRAC ENTERPRISE, RAILS. NO OPTICAL DRIVE. VI ENTERPRISE SERVER ACTIVATION PRE-CONFIGURED IN HOUSE, 1-YEAR VI HEALTHMONITOR PLUS ACTIVATION, 5 YEAR PRO-LIMITED HARDWARE WARRANTY WITH ON-SIGHT SERVICE. RECOMMENDED USE CASE UP TO 600Mbs OF TOTAL NETWORK BANDWIDTH ON 1Gbps DEDICATED NETWORK Or 1200Mbps OF TOTAL NETWORK BANDWIDTH on a DEDICATED 10Gbs NETWORK","58139.2","CAD","Video Management System","active"
"NVR-R-1-12TB-V5","i-PRO SR1, 1x 4C/4T CPU, 32GB RAM, WINDOWS 11 PRO INSTALLED ON 1x 480GB M.2 SSD - STORAGE: 1x 12TB ENTERPRISE HDD (NO RAID), 2 x 1GB RJ-45, UNIT INCLUDES KEYBOARD, MOUSE. NO RAILS, NO OPTICAL DRIVE. VI ENTERPRISE SERVER ACTIVATION PRE-CONFIGURED IN HOUSE, 1-YEAR VI HEALTHMONITOR PLUS ACTIVATION, 5 YEAR PRO-LIMITED HARDWARE WARRANTY WITH ON-SIGHT SERVICE","6577.2","CAD","Video Management System","active"
"NVR-R-1-36TB-V5","i-PRO SR1XL, 1x XEON 6C/12T CPU, 32GB RAM, WINDOWS SERVER 2022 STD ON 2x 240GB M.2 SSD - STORAGE: 3x 12TB ENTERPRISE HDD (36TB TOTAL, 24TB USABLE AFTER RAID 5), 2x PSU, 2x 1GB RJ-45. UNIT INCLUDES KEYBOARD, MOUSE, RAILS. NO OPTICAL DRIVE. VI ENTERPRISE SERVER ACTIVATION PRE-CONFIGURED IN HOUSE, 1-YEAR VI HEALTHMONITOR PLUS ACTIVATION, 5 YEAR PRO-LIMITED HARDWARE WARRANTY WITH ON-SIGHT SERVICE. | RECOMMENDED USE CASE UP TO 300MBS OF TOTAL NETWORK BANDWIDTH on 1Gbps DEDICATED NETWORK.","13804.0","CAD","Video Management System","active"
"NVR-R-1-48TB-V5","i-PRO SR1XL, 1x XEON 6C/12T CPU, 32GB RAM, WINDOWS SERVER 2022 STD ON 2x 240GB M.2 SSD - STORAGE: 3x 16TB ENTERPRISE HDD (48TB TOTAL, 32TB USABLE AFTER RAID 5), 2x PSU, 2x 1GB RJ-45. UNIT INCLUDES KEYBOARD, MOUSE, RAILS. NO OPTICAL DRIVE. VI ENTERPRISE SERVER ACTIVATION PRE-CONFIGURED IN HOUSE, 1-YEAR VI HEALTHMONITOR PLUS ACTIVATION, 5 YEAR PRO-LIMITED HARDWARE WARRANTY WITH ON-SIGHT SERVICE | RECOMMENDED USE CASE UP TO 300MBS OF TOTAL NETWORK BANDWIDTH on 1Gbps DEDICATED NETWORK.","14616.0","CAD","Video Management System","active"
"NVR-R-1-60TB-V5","i-PRO SR1XL, 1x XEON 6C/12T CPU, 32GB RAM, WINDOWS SERVER 2022 STD ON 2x 240GB M.2 SSD - STORAGE: 3x 20TB ENTERPRISE HDD (60TB TOTAL, 40TB USABLE AFTER RAID 5), 2x PSU, 2x 1GB RJ-45. UNIT INCLUDES KEYBOARD, MOUSE, RAILS. NO OPTICAL DRIVE. VI ENTERPRISE SERVER ACTIVATION PRE-CONFIGURED IN HOUSE, 1-YEAR VI HEALTHMONITOR PLUS ACTIVATION, 5 YEAR PRO-LIMITED HARDWARE WARRANTY WITH ON-SIGHT SERVICE | RECOMMENDED USE CASE UP TO 300MBS OF TOTAL NETWORK BANDWIDTH on 1Gbps DEDICATED NETWORK.","15650.89","CAD","Video Management System","active"
"NVR-R-2-84TB-V5","i-PRO SR3E, 2x XEON SILVER 12C/24T CPU, 64GB RAM, WINDOWS SERVER 2022 STD ON 2x 480GB M.2 SSD (RAID 1) - STORAGE: 7x 12TB ENTERPRISE HDD (84TB TOTAL, 72TB USABLE AFTER RAID 5), 2x PSU, 2x 1GB RJ-45, 2x 10GB SPF+. UNIT INCLUDES KEYBOARD, MOUSE, RAILS. NO OPTICAL DRIVE. VI ENTERPRISE SERVER ACTIVATION PRE-CONFIGURED IN HOUSE, 1-YEAR VI HEALTHMONITOR PLUS ACTIVATION, 5 YEAR PRO-LIMITED HARDWARE WARRANTY WITH ON-SIGHT SERVICE. RECOMMENDED USE CASE UP TO 600Mbs OF TOTAL NETWORK BANDWIDTH ON 1Gbps DEDICATED NETWORK Or 1200Mbps OF TOTAL NETWORK BANDWIDTH on a DEDICATED 10Gbs NETWORK","26796.0","CAD","Video Management System","active"
"NVR-R-2-112TB-V5","i-PRO SR3E, 2x XEON SILVER 12C/24T CPU, 64GB RAM, WINDOWS SERVER 2022 STD ON 2x 480GB M.2 SSD (RAID 1) - STORAGE: 7x 16TB ENTERPRISE HDD (112TB TOTAL, 96TB USABLE AFTER RAID 5), 2x PSU, 2x 1GB RJ-45, 2 x 10GB SPF+. UNIT INCLUDES KEYBOARD, MOUSE, RAILS. NO OPTICAL DRIVE. VI ENTERPRISE SERVER ACTIVATION PRE-CONFIGURED IN HOUSE, 1-YEAR VI HEALTHMONITOR PLUS ACTIVATION, 5 YEAR PRO-LIMITED HARDWARE WARRANTY WITH ON-SIGHT SERVICE. RECOMMENDED USE CASE UP TO 600Mbs OF TOTAL NETWORK BANDWIDTH ON 1Gbps DEDICATED NETWORK Or 1200Mbps OF TOTAL NETWORK BANDWIDTH on a DEDICATED 10Gbs NETWORK","28826.0","CAD","Video Management System","active"
"NVR-R-2-160TB-V5","i-PRO SR3E, 2x XEON SILVER 12C/24T CPU, 64GB RAM, WINDOWS SERVER 2022 STD ON 2x 480GB M.2 SSD (RAID 1) - STORAGE: 8x 20TB ENTERPRISE HDD (160TB TOTAL, 140TB USABLE AFTER RAID 5), 2x PSU, 2x 1GB RJ-45, 2x 10GB SPF+. UNIT INCLUDES KEYBOARD, MOUSE, RAILS. NO OPTICAL DRIVE. VI ENTERPRISE SERVER ACTIVATION PRE-CONFIGURED IN HOUSE, 1-YEAR VI HEALTHMONITOR PLUS ACTIVATION, 5 YEAR PRO-LIMITED HARDWARE WARRANTY WITH ON-SIGHT SERVICE. RECOMMENDED USE CASE UP TO 600Mbs OF TOTAL NETWORK BANDWIDTH ON 1Gbps DEDICATED NETWORK Or 1200Mbps OF TOTAL NETWORK BANDWIDTH on a DEDICATED 10Gbs NETWORK","30450.0","CAD","Video Management System","active"
"NVR-R-2-180TB-V5","i-PRO SR3E, 2x XEON SILVER 12C/24T CPU, 64GB RAM, WINDOWS SERVER 2022 STD ON 2x 480GB M.2 SSD (RAID 1) - STORAGE: 9x 20TB ENTERPRISE HDD (180TB TOTAL, 160 USABLE AFTER RAID5), 2x 1GB RJ-45, 2x 10GB SFP+. UNIT INCLUDES, KEYBOARD, MOUSE, RAILS, iDRAC ENTERPRISE. NO OPTICAL DRIVE. VI ENTERPRISE SERVER ACTIVATION PRE-CONFIGURED IN HOUSE, 1-YEAR VI HEALTHMONITOR PLUS ACTIVATION, 5-YEAR LIMITED HARDWARE WARRANTY WITH ON-SIGHT SERVICE. RECOMMENDED USE CASE UP TO 600Mbs OF TOTAL NETWORK BANDWIDTH ON 1Gbps DEDICATED NETWORK Or 1200Mbps OF TOTAL NETWORK BANDWIDTH on a DEDICATED 10Gbs NETWORK","32277.0","CAD","Video Management System","active"
"NVR-R-2-200TB-V5","i-PRO SR3E, 2x XEON SILVER 12C/24T CPU, 64GB RAM, WINDOWS SERVER 2022 STD ON 2x 480GB M.2 SSD (RAID 1) - STORAGE: 11x 20TB ENTERPRISE HDD (220TB TOTAL, 200TB USABLE AFTER RAID 5), 2x PSU, 2x 1GB RJ-45, 2x 10GB SPF+. UNIT INCLUDES KEYBOARD, MOUSE, RAILS. NO OPTICAL DRIVE. VI ENTERPRISE SERVER ACTIVATION PRE-CONFIGURED IN HOUSE, 1-YEAR VI HEALTHMONITOR PLUS ACTIVATION, 5 YEAR PRO-LIMITED HARDWARE WARRANTY WITH ON-SIGHT SERVICE. RECOMMENDED USE CASE UP TO 600Mbs OF TOTAL NETWORK BANDWIDTH ON 1Gbps DEDICATED NETWORK Or 1200Mbps OF TOTAL NETWORK BANDWIDTH on a DEDICATED 10Gbs NETWORK","33292.0","CAD","Video Management System","active"
"NVR-R-2-240TB-V5","i-PRO SR3E, 2x XEON SILVER 12C/24T CPU, 64GB RAM, WINDOWS SERVER 2022 STD ON 2x 480GB M.2 SSD (RAID 1) - STORAGE: 12x 20TB ENTERPRISE HDD (240TB TOTAL, 220TB USABLE AFTER RAID 5), 2x PSU, 2x 1GB RJ-45, 2x 10GB SPF+. UNIT INCLUDES KEYBOARD, MOUSE, iDRAC ENTERPRISE, RAILS. NO OPTICAL DRIVE. VI ENTERPRISE SERVER ACTIVATION PRE-CONFIGURED IN HOUSE, 1-YEAR VI HEALTHMONITOR PLUS ACTIVATION, 5 YEAR PRO-LIMITED HARDWARE WARRANTY WITH ON-SIGHT SERVICE. RECOMMENDED USE CASE UP TO 600Mbs OF TOTAL NETWORK BANDWIDTH ON 1Gbps DEDICATED NETWORK Or 1200Mbps OF TOTAL NETWORK BANDWIDTH on a DEDICATED 10Gbs NETWORK","35728.0","CAD","Video Management System","active"
"NVR-SFN-1-4TB-V5","i-PRO STN-1, 1x 14C/20T CPU, 16GB RAM, WINDOWS 11 ENTERPRISE IOT OS INSTALLED ON M.2 SSD - STORAGE: 1 x 512GB HDD, 1 x 1Gbps RJ-45. UNIT INCLUDES KEYBOARD, MOUSE. NO DEDICATED GPU, APU with (1x HDMI, 1 x DP). NO RAILS, NO OPTICAL DRIVE, NO MONITOR. 3 YEAR NBD HARDWARE WARRANTY (AFTER TROUBLESHOOTING BY I-PRO SUPPORT).","2436.0","CAD","Video Management System","active"
"NVR-SFN-1-8TB-V5","i-PRO STN-1, 1x 14C/20T CPU, 16GB RAM, WINDOWS 11 ENTERPRISE IOT OS INSTALLED ON M.2 SSD - STORAGE: 1 x 512GB HDD, 1 x 1Gbps RJ-45. UNIT INCLUDES KEYBOARD, MOUSE. NO DEDICATED GPU, APU with (1x HDMI, 1 x DP). NO RAILS, NO OPTICAL DRIVE, NO MONITOR. 3 YEAR NBD HARDWARE WARRANTY (AFTER TROUBLESHOOTING BY I-PRO SUPPORT).","2517.2","CAD","Video Management System","active"
"NVR-SFN-1-16TB-V5","i-PRO STN-1, 1x 14C/20T CPU, 16GB RAM, WINDOWS 11 ENTERPRISE IOT OS INSTALLED ON M.2 SSD - STORAGE: 1 x 512GB HDD, 1 x 1Gbps RJ-45. UNIT INCLUDES KEYBOARD, MOUSE. NO DEDICATED GPU, APU with (1x HDMI, 1 x DP). NO RAILS, NO OPTICAL DRIVE, NO MONITOR. 3 YEAR NBD HARDWARE WARRANTY (AFTER TROUBLESHOOTING BY I-PRO SUPPORT).","3045.0","CAD","Video Management System","active"
"NVR-SFN-1-20TB-V5","i-PRO STN-1, 1x 14C/20T CPU, 16GB RAM, WINDOWS 11 ENTERPRISE IOT OS INSTALLED ON M.2 SSD - STORAGE: 1 x 512GB HDD, 1 x 1Gbps RJ-45. UNIT INCLUDES KEYBOARD, MOUSE. NO DEDICATED GPU, APU with (1x HDMI, 1 x DP). NO RAILS, NO OPTICAL DRIVE, NO MONITOR. 3 YEAR NBD HARDWARE WARRANTY (AFTER TROUBLESHOOTING BY I-PRO SUPPORT).","3288.6","CAD","Video Management System","active"
"NVR-RL-1-8TB-V5","i-PRO SRL1, 1x XEON 6C/12T CPU, 32GB RAM, WINDOWS 11 PRO OS INSTALLED ON 1x M.2 SSD - STORAGE: 1 x 8TB ENTERPRISE HDD (NO RAID), DUAL 1GB RJ-45. UNIT INCLUDES KEYBOARD, MOUSE, RACK RAILS, XCC STD. VI ENTERPRISE SERVER ACTIVATION PRE-CONFIGURED + 1-YEAR VI HEALTH-MONITOR + ACTIVATION. 3-YEAR LIMITED HARDWARE WARRANTY WITH ON-SIGHT SERVICE AFTER A TROUBLESHOOTING SESSION WITH I-PRO SUPPORT. NO OPTICAL DRIVE, NO MONITOR, NO RAIL ALTERNATIVES | RECOMMENDED USE CASE UP TO 250MBS OF TOTAL NETWORK BANDWIDTH on 1Gbps DEDICATED NETWORK.","4831.4","CAD","Video Management System","active"
"NVR-RL-1-12TB-V5","i-PRO SRL1, 1x XEON 6C/12T CPU, 32GB RAM, WINDOWS 11 PRO OS INSTALLED ON 1x M.2 SSD - STORAGE: 1 x 12TB ENTERPRISE HDD (NO RAID), DUAL 1GB RJ-45. UNIT INCLUDES KEYBOARD, MOUSE, RACK RAILS, XCC STD. VI ENTERPRISE SERVER ACTIVATION PRE-CONFIGURED + 1-YEAR VI HEALTH-MONITOR + ACTIVATION. 3-YEAR LIMITED HARDWARE WARRANTY WITH ON-SIGHT SERVICE AFTER A TROUBLESHOOTING SESSION WITH I-PRO SUPPORT. NO OPTICAL DRIVE, NO MONITOR, NO RAIL ALTERNATIVES | RECOMMENDED USE CASE UP TO 250MBS OF TOTAL NETWORK BANDWIDTH on 1Gbps DEDICATED NETWORK.","5115.6","CAD","Video Management System","active"
"NVR-RL-1-16TB-V5","i-PRO SRL1, 1x XEON 6C/12T CPU, 32GB RAM, WINDOWS 11 PRO OS INSTALLED ON 1x M.2 SSD - STORAGE: 1 x 16TB ENTERPRISE HDD (NO RAID), DUAL 1GB RJ-45. UNIT INCLUDES KEYBOARD, MOUSE, RACK RAILS, XCC STD. VI ENTERPRISE SERVER ACTIVATION PRE-CONFIGURED + 1-YEAR VI HEALTH-MONITOR + ACTIVATION. 3-YEAR LIMITED HARDWARE WARRANTY WITH ON-SIGHT SERVICE AFTER A TROUBLESHOOTING SESSION WITH I-PRO SUPPORT. NO OPTICAL DRIVE, NO MONITOR, NO RAIL ALTERNATIVES | RECOMMENDED USE CASE UP TO 250MBS OF TOTAL NETWORK BANDWIDTH on 1Gbps DEDICATED NETWORK.","5278.0","CAD","Video Management System","active"
"NVR-RL-1-20TB-V5","i-PRO SRL1, 1x XEON 6C/12T CPU, 32GB RAM, WINDOWS 11 PRO OS INSTALLED ON 1x M.2 SSD - STORAGE: 1 x 20TB ENTERPRISE HDD (NO RAID), DUAL 1GB RJ-45. UNIT INCLUDES KEYBOARD, MOUSE, RACK RAILS, XCC STD. VI ENTERPRISE SERVER ACTIVATION PRE-CONFIGURED + 1-YEAR VI HEALTH-MONITOR + ACTIVATION. 3-YEAR LIMITED HARDWARE WARRANTY WITH ON-SIGHT SERVICE AFTER A TROUBLESHOOTING SESSION WITH I-PRO SUPPORT. NO OPTICAL DRIVE, NO MONITOR, NO RAIL ALTERNATIVES | RECOMMENDED USE CASE UP TO 250MBS OF TOTAL NETWORK BANDWIDTH on 1Gbps DEDICATED NETWORK.","5846.4","CAD","Video Management System","active"
"NVR-RL-1-36TB-V5","i-PRO SRL1XL, 1x XEON 6C/12T CPU, 32GB RAM, WINDOWS 11 PRO OS INSTALLED ON 1x M.2 SSD - STORAGE: 3 x 12TB ENTERPRISE HDD (36TB TOTAL, 24TB USABLE AFTER RAID5), DUAL 1GB RJ-45. UNIT INCLUDES KEYBOARD, MOUSE, RACK RAILS, XCC STD. VI ENTERPRISE SERVER ACTIVATION PRE-CONFIGURED + 1-YEAR VI HEALTH-MONITOR + ACTIVATION. 3-YEAR LIMITED HARDWARE WARRANTY WITH ON-SIGHT SERVICE AFTER A TROUBLESHOOTING SESSION WITH I-PRO SUPPORT. NO OPTICAL DRIVE, NO MONITOR, NO RAIL ALTERNATIVES | RECOMMENDED USE CASE UP TO 300MBS OF TOTAL NETWORK BANDWIDTH on 1Gbps DEDICATED NETWORK.","7470.4","CAD","Video Management System","active"
"NVR-RL-1-48TB-V5","i-PRO SRL1XL, 1x XEON 6C/12T CPU, 32GB RAM, WINDOWS 11 PRO OS INSTALLED ON 1x M.2 SSD - STORAGE: 3 x 16TB ENTERPRISE HDD (48TB TOTAL, 32TB USABLE AFTER RAID5), 2 x 1GB RJ-45. UNIT INCLUDES KEYBOARD, MOUSE, RACK RAILS, XCC STD. VI ENTERPRISE SERVER ACTIVATION PRE-CONFIGURED + 1-YEAR VI HEALTH-MONITOR + ACTIVATION. 3-YEAR LIMITED HARDWARE WARRANTY WITH ON-SIGHT SERVICE AFTER A TROUBLESHOOTING SESSION WITH I-PRO SUPPORT. NO OPTICAL DRIVE, NO MONITOR, NO RAIL ALTERNATIVES | RECOMMENDED USE CASE UP TO 300MBS OF TOTAL NETWORK BANDWIDTH on 1Gbps DEDICATED NETWORK.","7977.9","CAD","Video Management System","active"
"NVR-RL-1-64TB-V5","i-PRO SRL1XL, 1x XEON 6C/12T CPU, 32GB RAM, WINDOWS 11 PRO OS INSTALLED ON 1x M.2 SSD - STORAGE: 4 x 16TB ENTERPRISE HDD (64TB TOTAL, 48TB USABLE AFTER RAID5), 2 x 1GB RJ-45. UNIT INCLUDES KEYBOARD, MOUSE, RACK RAILS, XCC STD. VI ENTERPRISE SERVER ACTIVATION PRE-CONFIGURED + 1-YEAR VI HEALTH-MONITOR + ACTIVATION. 3-YEAR LIMITED HARDWARE WARRANTY WITH ON-SIGHT SERVICE AFTER A TROUBLESHOOTING SESSION WITH I-PRO SUPPORT. NO OPTICAL DRIVE, NO MONITOR, NO RAIL ALTERNATIVES | RECOMMENDED USE CASE UP TO 300MBS OF TOTAL NETWORK BANDWIDTH on 1Gbps DEDICATED NETWORK.","9338.0","CAD","Video Management System","active"
"NVR-RL-1-80TB-V5","i-PRO SRL1XL, 1x XEON 6C/12T CPU, 32GB RAM, WINDOWS 11 PRO OS INSTALLED ON 1x M.2 SSD - STORAGE: 4 x 20TB ENTERPRISE HDD (80TB TOTAL, 60TB USABLE AFTER RAID5), 2 x 1GB RJ-45. UNIT INCLUDES KEYBOARD, MOUSE, RACK RAILS, XCC STD. VI ENTERPRISE SERVER ACTIVATION PRE-CONFIGURED + 1-YEAR VI HEALTH-MONITOR + ACTIVATION. 3-YEAR LIMITED HARDWARE WARRANTY WITH ON-SIGHT SERVICE AFTER A TROUBLESHOOTING SESSION WITH I-PRO SUPPORT. NO OPTICAL DRIVE, NO MONITOR, NO RAIL ALTERNATIVES | RECOMMENDED USE CASE UP TO 300MBS OF TOTAL NETWORK BANDWIDTH on 1Gbps DEDICATED NETWORK.","11672.5","CAD","Video Management System","active"
"NVR-RL-2-48TB-V5","i-PRO SRL2E, 2x XEON SILVER 8C/16T CPU, 64GB RAM, Windows Server 2022 STD OS INSTALLED ON 2x M.2 SSD (RAID1) - STORAGE: 6 x 8TB ENTERPRISE HDD (48TB TOTAL, 40TB USABLE AFTER RAID 5), 2 x 1GB RJ-45 & 2 x 10GB NIC- SFP+. UNIT INCLUDES KEYBOARD, MOUSE, RACK RAILS, XCC ENTERPRISE. VI ENTERPRISE SERVER ACTIVATION PRE-CONFIGURED + 1-YEAR VI HEALTH-MONITOR + ACTIVATION. 3-YEAR LIMITED HARDWARE WARRANTY WITH ON-SIGHT SERVICE AFTER A TROUBLESHOOTING SESSION WITH I-PRO SUPPORT. NO OPTICAL DRIVE, NO MONITOR, NO RAIL ALTERNATIVES | RECOMMENDED USE CASE UP TO 600Mbs OF TOTAL NETWORK BANDWIDTH ON 1Gbps Or 1200Mbps OF TOTAL NETWORK BANDWIDTH","15022.0","CAD","Video Management System","active"
"NVR-RL-2-60TB-V5","i-PRO SRL2E, 2x XEON SILVER 8C/16T CPU, 64GB RAM, Windows Server 2022 STD OS INSTALLED ON 2x M.2 SSD (RAID1) - STORAGE: 5 x 12TB ENTERPRISE HDD (60TB TOTAL, 48TB USABLE AFTER RAID 5), 2 x 1GB RJ-45 & 2 x 10GB NIC- SFP+. UNIT INCLUDES KEYBOARD, MOUSE, RACK RAILS, XCC ENTERPRISE. VI ENTERPRISE SERVER ACTIVATION PRE-CONFIGURED + 1-YEAR VI HEALTH-MONITOR + ACTIVATION. 3-YEAR LIMITED HARDWARE WARRANTY WITH ON-SIGHT SERVICE AFTER A TROUBLESHOOTING SESSION WITH I-PRO SUPPORT. NO OPTICAL DRIVE, NO MONITOR, NO RAIL ALTERNATIVES | RECOMMENDED USE CASE UP TO 600Mbs OF TOTAL NETWORK BANDWIDTH ON 1Gbps Or 1200Mbps OF TOTAL NETWORK BANDWIDTH","15509.2","CAD","Video Management System","active"
"NVR-RL-2-72TB-V5","i-PRO SRL2E, 2x XEON SILVER 8C/16T CPU, 64GB RAM, Windows Server 2022 STD OS INSTALLED ON 2x M.2 SSD (RAID1) - STORAGE: 6 x 12TB ENTERPRISE HDD (72TB TOTAL, 60TB USABLE AFTER RAID 5), 2 x 1GB RJ-45 & 2 x 10GB NIC- SFP+. UNIT INCLUDES KEYBOARD, MOUSE, RACK RAILS, XCC ENTERPRISE. VI ENTERPRISE SERVER ACTIVATION PRE-CONFIGURED + 1-YEAR VI HEALTH-MONITOR + ACTIVATION. 3-YEAR LIMITED HARDWARE WARRANTY WITH ON-SIGHT SERVICE AFTER A TROUBLESHOOTING SESSION WITH I-PRO SUPPORT. NO OPTICAL DRIVE, NO MONITOR, NO RAIL ALTERNATIVES | RECOMMENDED USE CASE UP TO 600Mbs OF TOTAL NETWORK BANDWIDTH ON 1Gbps Or 1200Mbps OF TOTAL NETWORK BANDWIDTH","16321.2","CAD","Video Management System","active"
"NVR-RL-2-84TB-V5","i-PRO SRL2E, 2x XEON SILVER 8C/16T CPU, 64GB RAM, Windows Server 2022 STD OS INSTALLED ON 2x M.2 SSD (RAID1) - STORAGE: 7 x 12TB ENTERPRISE HDD (84TB TOTAL, 72TB USABLE AFTER RAID 5), 2 x 1GB RJ-45 & 2 x 10GB NIC- SFP+. UNIT INCLUDES KEYBOARD, MOUSE, RACK RAILS, XCC ENTERPRISE. VI ENTERPRISE SERVER ACTIVATION PRE-CONFIGURED + 1-YEAR VI HEALTH-MONITOR + ACTIVATION. 3-YEAR LIMITED HARDWARE WARRANTY WITH ON-SIGHT SERVICE AFTER A TROUBLESHOOTING SESSION WITH I-PRO SUPPORT. NO OPTICAL DRIVE, NO MONITOR, NO RAIL ALTERNATIVES | RECOMMENDED USE CASE UP TO 600Mbs OF TOTAL NETWORK BANDWIDTH ON 1Gbps Or 1200Mbps OF TOTAL NETWORK BANDWIDTH","17133.2","CAD","Video Management System","active"
"NVR-RL-2-96TB-V5","i-PRO SRL2E, 2x XEON SILVER 8C/16T CPU, 64GB RAM, Windows Server 2022 STD OS INSTALLED ON 2x M.2 SSD (RAID1) - STORAGE: 8 x 12TB ENTERPRISE HDD (96TB TOTAL, 84TB USABLE AFTER RAID 5), 2 x 1GB RJ-45 & 2 x 10GB NIC- SFP+. UNIT INCLUDES KEYBOARD, MOUSE, RACK RAILS, XCC ENTERPRISE. VI ENTERPRISE SERVER ACTIVATION PRE-CONFIGURED + 1-YEAR VI HEALTH-MONITOR + ACTIVATION. 3-YEAR LIMITED HARDWARE WARRANTY WITH ON-SIGHT SERVICE AFTER A TROUBLESHOOTING SESSION WITH I-PRO SUPPORT. NO OPTICAL DRIVE, NO MONITOR, NO RAIL ALTERNATIVES | RECOMMENDED USE CASE UP TO 600Mbs OF TOTAL NETWORK BANDWIDTH ON 1Gbps Or 1200Mbps OF TOTAL NETWORK BANDWIDTH","17864.0","CAD","Video Management System","active"
"NVR-RL-2-128TB-V5","i-PRO SRL2E, 2x XEON SILVER 8C/16T CPU, 64GB RAM, Windows Server 2022 STD OS INSTALLED ON 2x M.2 SSD (RAID1) - STORAGE: 8 x 16TB ENTERPRISE HDD (128TB TOTAL, 112TB USABLE AFTER RAID 5), 2 x 1GB RJ-45 & 2 x 10GB NIC- SFP+. UNIT INCLUDES KEYBOARD, MOUSE, RACK RAILS, XCC ENTERPRISE. VI ENTERPRISE SERVER ACTIVATION PRE-CONFIGURED + 1-YEAR VI HEALTH-MONITOR + ACTIVATION. 3-YEAR LIMITED HARDWARE WARRANTY WITH ON-SIGHT SERVICE AFTER A TROUBLESHOOTING SESSION WITH I-PRO SUPPORT. NO OPTICAL DRIVE, NO MONITOR, NO RAIL ALTERNATIVES | RECOMMENDED USE CASE UP TO 600Mbs OF TOTAL NETWORK BANDWIDTH ON 1Gbps Or 1200Mbps OF TOTAL NETWORK BANDWIDTH","21802.2","CAD","Video Management System","active"
"NVR-RL-2-160TB-V5","i-PRO SRL2E, 2x XEON SILVER 8C/16T CPU, 64GB RAM, Windows Server 2022 STD OS INSTALLED ON 2x M.2 SSD (RAID1) - STORAGE: 8 x 20TB ENTERPRISE HDD (160TB TOTAL, 140TB USABLE AFTER RAID 5), 2 x 1GB RJ-45 & 2 x 10GB NIC- SFP+. UNIT INCLUDES KEYBOARD, MOUSE, RACK RAILS, XCC ENTERPRISE. VI ENTERPRISE SERVER ACTIVATION PRE-CONFIGURED + 1-YEAR VI HEALTH-MONITOR + ACTIVATION. 3-YEAR LIMITED HARDWARE WARRANTY WITH ON-SIGHT SERVICE AFTER A TROUBLESHOOTING SESSION WITH I-PRO SUPPORT. NO OPTICAL DRIVE, NO MONITOR, NO RAIL ALTERNATIVES | RECOMMENDED USE CASE UP TO 600Mbs OF TOTAL NETWORK BANDWIDTH ON 1Gbps Or 1200Mbps OF TOTAL NETWORK BANDWIDTH","23629.2","CAD","Video Management System","active"
"NVR-RL-2-176TB-V5","i-PRO SRL3E, 2x XEON SILVER 8C/16T CPU, 64GB RAM, Windows Server 2022 STD OS INSTALLED ON 2x M.2 SSD (RAID1) - STORAGE: 11 x 16TB ENTERPRISE HDD (176TB TOTAL, 160TB USABLE AFTER RAID 5), 2 x 1GB RJ-45 & 2 x 10GB NIC- SFP+. UNIT INCLUDES KEYBOARD, MOUSE, RACK RAILS, XCC ENTERPRISE. VI ENTERPRISE SERVER ACTIVATION PRE-CONFIGURED + 1-YEAR VI HEALTH-MONITOR + ACTIVATION. 3-YEAR LIMITED HARDWARE WARRANTY WITH ON-SIGHT SERVICE AFTER A TROUBLESHOOTING SESSION WITH I-PRO SUPPORT. NO OPTICAL DRIVE, NO MONITOR, NO RAIL ALTERNATIVES | RECOMMENDED USE CASE UP TO 600Mbs OF TOTAL NETWORK BANDWIDTH ON 1Gbps Or 1200Mbps OF TOTAL NETWORK BANDWIDTH","28217.0","CAD","Video Management System","active"
"NVR-RL-2-192TB-V5","i-PRO SRL3E, 2x XEON SILVER 8C/16T CPU, 64GB RAM, Windows Server 2022 STD OS INSTALLED ON 2x M.2 SSD (RAID1) - STORAGE: 12 x 16TB ENTERPRISE HDD (192TB TOTAL, 176TB USABLE AFTER RAID 5), 2 x 1GB RJ-45 & 2 x 10GB NIC- SFP+. UNIT INCLUDES KEYBOARD, MOUSE, RACK RAILS, XCC ENTERPRISE. VI ENTERPRISE SERVER ACTIVATION PRE-CONFIGURED + 1-YEAR VI HEALTH-MONITOR + ACTIVATION. 3-YEAR LIMITED HARDWARE WARRANTY WITH ON-SIGHT SERVICE AFTER A TROUBLESHOOTING SESSION WITH I-PRO SUPPORT. NO OPTICAL DRIVE, NO MONITOR, NO RAIL ALTERNATIVES | RECOMMENDED USE CASE UP TO 600Mbs OF TOTAL NETWORK BANDWIDTH ON 1Gbps Or 1200Mbps OF TOTAL NETWORK BANDWIDTH","29232.0","CAD","Video Management System","active"
"NVR-RL-2-220TB-V5","i-PRO SRL3E, 2x XEON SILVER 8C/16T CPU, 64GB RAM, Windows Server 2022 STD OS INSTALLED ON 2x M.2 SSD (RAID1) - STORAGE: 11 x 20TB ENTERPRISE HDD (220TB TOTAL, 200TB USABLE AFTER RAID 5), 2 x 1GB RJ-45 & 2 x 10GB NIC- SFP+. UNIT INCLUDES KEYBOARD, MOUSE, RACK RAILS, XCC ENTERPRISE. VI ENTERPRISE SERVER ACTIVATION PRE-CONFIGURED + 1-YEAR VI HEALTH-MONITOR + ACTIVATION. 3-YEAR LIMITED HARDWARE WARRANTY WITH ON-SIGHT SERVICE AFTER A TROUBLESHOOTING SESSION WITH I-PRO SUPPORT. NO OPTICAL DRIVE, NO MONITOR, NO RAIL ALTERNATIVES | RECOMMENDED USE CASE UP TO 600Mbs OF TOTAL NETWORK BANDWIDTH ON 1Gbps Or 1200Mbps OF TOTAL NETWORK BANDWIDTH","33495.0","CAD","Video Management System","active"
"NVR-RL-2-240TB-V5","i-PRO SRL3E, 2x XEON SILVER 8C/16T CPU, 64GB RAM, Windows Server 2022 STD OS INSTALLED ON 2x M.2 SSD (RAID1) - STORAGE: 12 x 20TB ENTERPRISE HDD (240 TB TOTAL, 220TB USABLE AFTER RAID 5), 2 x 1GB RJ-45 & 2 x 10GB NIC- SFP+. UNIT INCLUDES KEYBOARD, MOUSE, RACK RAILS, XCC ENTERPRISE. VI ENTERPRISE SERVER ACTIVATION PRE-CONFIGURED + 1-YEAR VI HEALTH-MONITOR + ACTIVATION. 3-YEAR LIMITED HARDWARE WARRANTY WITH ON-SIGHT SERVICE AFTER A TROUBLESHOOTING SESSION WITH I-PRO SUPPORT. NO OPTICAL DRIVE, NO MONITOR, NO RAIL ALTERNATIVES | RECOMMENDED USE CASE UP TO 600Mbs OF TOTAL NETWORK BANDWIDTH ON 1Gbps Or 1200Mbps OF TOTAL NETWORK BANDWIDTH","35078.4","CAD","Video Management System","active"
"NVR-RL-2-320TB-V5","i-PRO SRL3EXDL, 2x XEON SILVER 12C/24T CPU, 128GB RAM, Windows Server 2022 STD OS INSTALLED ON 2x M.2 SSD (RAID1) - STORAGE: 20 x 16TB ENTERPRISE HDD (320TB TOTAL, 288TB USABLE AFTER RAID 6), 2 x 1GB RJ-45 & 2 x 10GB NIC- SFP+. UNIT INCLUDES KEYBOARD, MOUSE, RACK RAILS, XCC ENTERPRISE. VI ENTERPRISE SERVER ACTIVATION PRE-CONFIGURED + 1-YEAR VI HEALTH-MONITOR + ACTIVATION. 5-YEAR LIMITED HARDWARE WARRANTY WITH ON-SIGHT SERVICE AFTER A TROUBLESHOOTING SESSION WITH I-PRO SUPPORT. NO OPTICAL DRIVE, NO MONITOR, NO RAIL ALTERNATIVES | RECOMMENDED USE CASE UP TO 600Mbs OF TOTAL NETWORK BANDWIDTH ON 1Gbps Dedicated Network Or 1500Mbps OF TOTAL NETWORK BANDWIDTH on a Dedicated 10Gbs Network.","40600.0","CAD","Video Management System","active"
"NVR-RL-2-400TB-V5","i-PRO SRL3EXDL, 2x XEON SILVER 12C/24T CPU, 128GB RAM, Windows Server 2022 STD OS INSTALLED ON 2x M.2 SSD (RAID1) - STORAGE: 20 x 20TB ENTERPRISE HDD (400TB TOTAL, 360TB USABLE AFTER RAID 6), 2 x 1GB RJ-45 & 2 x 10GB NIC- SFP+. UNIT INCLUDES KEYBOARD, MOUSE, RACK RAILS, XCC ENTERPRISE. VI ENTERPRISE SERVER ACTIVATION PRE-CONFIGURED + 1-YEAR VI HEALTH-MONITOR + ACTIVATION. 5-YEAR LIMITED HARDWARE WARRANTY WITH ON-SIGHT SERVICE AFTER A TROUBLESHOOTING SESSION WITH I-PRO SUPPORT. NO OPTICAL DRIVE, NO MONITOR, NO RAIL ALTERNATIVES | RECOMMENDED USE CASE UP TO 600Mbs OF TOTAL NETWORK BANDWIDTH ON 1Gbps Dedicated Network Or 1200Mbps OF TOTAL NETWORK BANDWIDTH on a Dedicated 10Gbs Network.","49938.0","CAD","Video Management System","active"
"MR-4C-I3-1TB-V5","4 x IP CHANNEL, 4 x P.O.E CAPABLE MOBILE NVR | 1 x I3 4C/4T CPU, 8GB RAM, WINDOWS 10 IOT OS (EMBEDDED), TOTAL STORAGE (1 x 1TB SSD), INCLUDES ENTERPRISE VI SERVER LICENSE, 802.11AX WI-FI MODULE, AND 2T2R DUAL ANTENNA ) 3YEAR STANDARD I-PRO WARRANTY | (UNIT DOES NOT INCLUDE AC ADAPTER, KEYBOARD OR MOUSE.)","3613.4","CAD","Software and licensing","active"
"MR-4C-I3-2TB-V5","4 x IP CHANNEL, 4 x P.O.E CAPABLE MOBILE NVR | 1 x I3 4C/4T CPU, 8GB RAM, WINDOWS 10 IOT OS (EMBEDDED), TOTAL STORAGE (1 x 2TB SSD), INCLUDES ENTERPRISE VI SERVER LICENSE, 802.11AX WI-FI MODULE, AND 2T2R DUAL ANTENNA ) 3YEAR STANDARD I-PRO WARRANTY | (UNIT DOES NOT INCLUDE AC ADAPTER, KEYBOARD OR MOUSE.)","3857.0","CAD","Software and licensing","active"
"MR-4C-I3-4TB-V5","4 x IP CHANNEL, 4 x P.O.E CAPABLE MOBILE NVR | 1 x I3 4C/4T CPU, 8GB RAM, WINDOWS 10 IOT OS (EMBEDDED), TOTAL STORAGE (1 x 4TB SSD), INCLUDES ENTERPRISE VI SERVER LICENSE, 802.11AX WI-FI MODULE, AND 2T2R DUAL ANTENNA ) 3YEAR STANDARD I-PRO WARRANTY | (UNIT DOES NOT INCLUDE AC ADAPTER, KEYBOARD OR MOUSE.)","4263.0","CAD","Software and licensing","active"
"MR-8C-I3-1TB-V5","8 X IP CHANNEL, 8X P.O.E CAPABLE MOBILE NVR | 1 x I3 4C/4T CPU, 8GB RAM, WINDOWS 10 IOT OS (EMBEDDED), TOTAL STORAGE (1 x 1TB SSD), INCLUDES ENTERPRISE VI SERVER LICENSE, 802.11A/B/G/N/AC WI-FI MODULE, AND ANTENNA ) 3YEAR STANDARD I-PRO WARRANTY | (UNIT DOES NOT INCLUDE AC ADAPTER, KEYBOARD OR MOUSE.)","5022.22","CAD","Software and licensing","active"
"MR-8C-I3-2TB-V5","8 X IP CHANNEL, 8X P.O.E CAPABLE MOBILE NVR | 1 x I3 4C/4T CPU, 8GB RAM, WINDOWS 10 IOT OS (EMBEDDED), TOTAL STORAGE (1 x 2TB SSD), INCLUDES ENTERPRISE VI SERVER LICENSE, 802.11A/B/G/N/AC WI-FI MODULE, AND ANTENNA ) 3YEAR STANDARD I-PRO WARRANTY | (UNIT DOES NOT INCLUDE AC ADAPTER, KEYBOARD OR MOUSE.)","5481.0","CAD","Software and licensing","active"
"MR-8C-I3-4TB-V5","8 X IP CHANNEL, 8X P.O.E CAPABLE MOBILE NVR | 1 x I3 4C/4T CPU, 8GB RAM, WINDOWS 10 IOT OS (EMBEDDED), TOTAL STORAGE (1 x 4TB SSD), INCLUDES ENTERPRISE VI SERVER LICENSE, 802.11A/B/G/N/AC WI-FI MODULE, AND ANTENNA ) 3YEAR STANDARD I-PRO WARRANTY | (UNIT DOES NOT INCLUDE AC ADAPTER, KEYBOARD OR MOUSE.)","6426.98","CAD","Software and licensing","active"
"WS-SFL-1-ITG-V4","i-PRO SFL-1, 1x XEON 6C/12T CPU, 16GB RAM, WINDOWS 11 PRO OS INSTALLED ON M.2 SSD - STORAGE: 1 x 1TB HDD, 1 x 1Gbps RJ-45. UNIT INCLUDES KEYBOARD, MOUSE. NO DEDICATED GPU, APU with (1x HDMI 2 x DP). NO RAILS, NO OPTICAL DRIVE, NO MONITOR. 3 YEAR HARDWARE WARRANTY +I-PRO SUPPORT.","1875.36","CAD","Video Management System","active"
"WS-TL-1-MWS-V4","i-PRO STL-1, 1x XEON 6C/12T CPU, 32GB RAM, WINDOWS 11 PRO OS INSTALLED ON M.2 SSD - STORAGE: 1 x 1TB HDD, 1 x 1Gbps RJ-45. UNIT INCLUDES KEYBOARD, MOUSE, RTX 3050 GPU (1xHDMI 3 X DP). NO RAILS, NO OPTICAL DRIVE, NO MONITOR. 3 YEAR HARDWARE WARRANTY +I-PRO SUPPORT.","3073.9","CAD","Video Management System","active"
"WS-TL-1-RTD-V4","i-PRO WTL-1, 1x XEON 6C/12T CPU, 32GB RAM, WINDOWS 11 PRO OS INSTALLED ON M.2 SSD - STORAGE: 1 x 1TB HDD, 1 x 1Gbps RJ-45. UNIT INCLUDES KEYBOARD, MOUSE, RTX3060TI GPU (1xHDMI 3 X DP). NO RAILS, NO OPTICAL DRIVE, NO MONITOR. 3 YEAR HARDWARE WARRANTY +I-PRO SUPPORT.","4230.14","CAD","Video Management System","active"
"WS-TL-1-VW-V4","i-PRO STL-1, 1x XEON 6C/12T CPU, 32GB RAM, WINDOWS 11 PRO OS INSTALLED ON M.2 SSD - STORAGE: 1 x 1TB HDD, 1 x 1Gbps RJ-45. UNIT INCLUDES KEYBOARD, MOUSE, RTX3050 GPU (1xHDMI 3 X DP). NO RAILS, NO OPTICAL DRIVE, NO MONITOR. 3 YEAR HARDWARE WARRANTY +I-PRO SUPPORT. INCLUDE VI VIDEO WALL+ ACTIVATION. VIDEO WALL SOFTWARE MUST BE INSTALLED ON-SITE.","3360.61","CAD","Video Management System","active"
"WS-SFL-1-ITG-V5","i-PRO SFL-1, 1x XEON 6C/12T CPU, 16GB RAM, WINDOWS 11 PRO OS INSTALLED ON M.2 SSD - STORAGE: 1 x 1TB HDD, 2 x 1Gbps RJ-45. UNIT INCLUDES KEYBOARD, MOUSE, XCC STD. NO DEDICATED GPU, APU with (1x HDMI 2 x DP). NO RAILS, NO OPTICAL DRIVE, NO MONITOR. 3 YEAR HARDWARE WARRANTY +I-PRO SUPPORT.","1908.2","CAD","Video Management System","active"
"WS-TL-1-MWS-V5","i-PRO STL-1, 1x XEON 6C/12T CPU, 32GB RAM, WINDOWS 11 PRO OS INSTALLED ON M.2 SSD - STORAGE: 1 x 1TB HDD, 1 x 1Gbps RJ-45. UNIT INCLUDES KEYBOARD, MOUSE, RTX 4060 GPU (1xHDMI 3 X DP), XCC STD. NO RAILS, NO OPTICAL DRIVE, NO MONITOR. 3 YEAR HARDWARE WARRANTY +I-PRO SUPPORT.","2655.24","CAD","Video Management System","active"
"WS-TL-1-VW-V5","i-PRO STL-1, 1x XEON 6C/12T CPU, 32GB RAM, WINDOWS 11 PRO OS INSTALLED ON M.2 SSD - STORAGE: 1 x 1TB HDD, 2 x 1Gbps RJ-45. UNIT INCLUDES KEYBOARD, MOUSE, RTX 4060 GPU (1xHDMI 3 X DP), XCC STD. NO RAILS, NO OPTICAL DRIVE, NO MONITOR. 3 YEAR HARDWARE WARRANTY +I-PRO SUPPORT. INCLUDE VI VIDEO WALL+ ACTIVATION. VIDEO WALL SOFTWARE MUST BE INSTALLED ON-SITE.","3166.8","CAD","Video Management System","active"
"IPS-BWC-8CHGWALL","I-PRO BWC4000 WALL MOUNT 8-BAY BATTERY CHARGER WV-BWC40C8.","233.92","CAD","Video Management System","active"
"IPS-BWC-8DOCWALL","i-PRO BWC MK3 OR BWC4000 8-BAY WALLMOUNT BRACKET, ATTACHMENT PLATE AND MOUNTING HARDWARE","278.53","CAD","Video Management System","active"
"IPS-BWC-AC100W","i-PRO AC ADAPTER (100W) FOR BWC 8-BAY DOCK CHARGER AND 8-BAY BATTERY CHARGER.","140.35","CAD","Video Management System","active"
"IPS-BWC-AC65W","I-PRO AC ADAPTER (65W) FOR BWC4000 SINGLE DOCK CHARGER AND SINGLE BATTERY CHARGER.","85.95","CAD","Video Management System","active"
"WV-BWC4000","i-PRO BWC4000 CAMERA ONLY WITH INITIAL CONFIGURATION (INCLUDES KLICK FAST MOUNTING STUD)","1307.78","CAD","Video Management System","active"
"WV-BWC40B1","BWC4000 REPLACEABLE BATTERY","233.92","CAD","Video Management System","active"
"WV-BWC40C1A","I-PRO BWC4000 SINGLE BATTERY CHARGER ONLY W/O AC ADAPTER IPS-BWC-AC65W OR 12V VEHICLE HARNESS IPS-BWC4-12V-WIRE.","155.58","CAD","Video Management System","active"
"WV-BWC40C8","i-PRO BWC4000 8-BAY BATTERY CHARGER ONLY W/O AC ADAPTER IPS-BWC-AC100W.","761.6","CAD","Video Management System","active"
"WV-BWC40D1A","I-PRO BWC4000 SINGLE DOCKING CHARGER STATION ONLY W/O AC ADAPTER IPS-BWC-AC65W OR 12V VEHICLE HARNESS IPS-BWC4-12V-WIRE.","295.94","CAD","Video Management System","active"
"WV-BWC40D8","i-PRO BWC4000 8-BAY DOCKING AND CHARGING STATION W/O AC ADAPTER IPS-BWC-AC100W","2178.18","CAD","Video Management System","active"
